0.004303529858589172,0.0037484169006347656,7.69495964050293e-05,0.001919373869895935,0.013332828879356384,-1.4029443264007568e-05
0.03183820843696594,0.022112086415290833,0.0034432560205459595,0.04971885681152344,-0.0007809177041053772,-0.004598721861839294
-0.0036496147513389587,-0.00582539290189743,0.0013378709554672241,-0.007015824317932129,0.0004364103078842163,0.004272148013114929
-0.03251318633556366,-0.027421534061431885,-0.014803066849708557,-0.011862188577651978,-0.03777109086513519,4.395842552185059e-06
0.0017821863293647766,0.01242797076702118,0.0022904574871063232,-0.0018301382660865784,-0.001506313681602478,-0.00031519681215286255
0.007576838135719299,0.0403042733669281,3.476440906524658e-05,-0.005869001150131226,0.001095697283744812,-0.001159951090812683
0.00034377723932266235,0.00035540759563446045,0.0020270347595214844,-0.0008990392088890076,8.88928771018982e-05,5.125999450683594e-05
-0.000148087739944458,0.0064218491315841675,-0.00108318030834198,-0.002596542239189148,-0.0007109791040420532,-0.004876837134361267
0.01738816499710083,0.03148344159126282,-0.006047293543815613,-0.00655364990234375,0.0012941807508468628,-0.006358876824378967
0.02149006724357605,0.02832701802253723,0.0007501989603042603,0.0339965894818306,-0.0041299015283584595,-0.01044251024723053
0.006606295704841614,0.01268354058265686,0.021651819348335266,0.03981520235538483,-0.007261604070663452,-0.013506114482879639
-0.0002747178077697754,0.002291575074195862,0.0026231110095977783,-0.0011002719402313232,-0.0023663491010665894,-0.00024233758449554443
0.0004316568374633789,7.417798042297363e-05,1.2040138244628906e-05,0.0009369105100631714,0.0006576180458068848,-0.00031387805938720703
-0.048867881298065186,-0.017662137746810913,0.013861596584320068,-0.0026451051235198975,0.007936805486679077,0.0001090317964553833
0.00022871792316436768,0.0067780762910842896,-0.002774834632873535,-0.005311906337738037,-0.00032404065132141113,0.0011401623487472534
0.0022842437028884888,-1.1652708053588867e-05,-0.0017553269863128662,0.0008641332387924194,0.0006368160247802734,0.0003597736358642578
0.5374954640865326,0.6225913465023041,0.5214140117168427,0.41136664152145386,0.33005326986312866,0.622059166431427
0.01475512981414795,0.001728445291519165,0.016358017921447754,0.0003007948398590088,-0.004832178354263306,0.0002624094486236572
-0.09364068508148193,-0.09038606286048889,-0.023176848888397217,-0.11159583926200867,-0.026699960231781006,0.07420733571052551
-0.049070537090301514,-0.007446199655532837,0.03284445405006409,-0.008023679256439209,-0.0011364519596099854,0.0004959404468536377
0.009543508291244507,0.0793347954750061,-0.015108764171600342,-0.014781951904296875,0.0007544159889221191,-0.03883427381515503
-0.01478666067123413,-0.009928703308105469,-0.05660933256149292,-0.13028645515441895,0.03247612714767456,0.07785391807556152
0.09419950842857361,0.013173013925552368,-0.0272102952003479,0.07966640591621399,-0.0072440505027771,-0.016421467065811157
0.0030970871448516846,0.07429367303848267,0.0741376280784607,-0.02634015679359436,-0.011324882507324219,0.0038502514362335205
-0.04003548622131348,-0.08823385834693909,-0.041395723819732666,-0.04990243911743164,0.024669110774993896,0.052984654903411865
-0.09102901816368103,-0.1472514271736145,0.0288999080657959,-0.05892464518547058,0.004352062940597534,0.03785911202430725
0.0705576241016388,-0.008868873119354248,-0.012326955795288086,0.008438646793365479,-0.034132689237594604,0.013594090938568115
0.37041258811950684,0.4133720397949219,0.6509826481342316,0.4302459955215454,0.31311506032943726,0.37671518325805664
0.4194466471672058,0.3080483675003052,0.3663933277130127,0.36535680294036865,0.2797592878341675,0.32312601804733276
-0.08338481187820435,-0.04796421527862549,-0.11620199680328369,-0.03412032127380371,0.018708348274230957,0.033078670501708984
-0.24928131699562073,-0.2564930021762848,-0.15343093872070312,-0.09848755598068237,-0.09220093488693237,0.037763774394989014
-0.28591257333755493,-0.40921004116535187,-0.13510355353355408,0.012670636177062988,0.06299114227294922,0.0013240575790405273
-0.3285124897956848,-0.16849330067634583,0.0353352427482605,-0.11283227801322937,0.12979447841644287,0.10489261150360107
0.07817995548248291,0.23075103759765625,0.16063708066940308,0.0990452766418457,-0.04602533578872681,-0.07625436782836914
-0.14600127935409546,-0.03547322750091553,0.07911550998687744,0.0033233165740966797,0.22966140508651733,0.021794915199279785
0.005009710788726807,-0.032777488231658936,-0.030377686023712158,0.02133411169052124,0.08456897735595703,-0.0007564425468444824
-0.3606204390525818,-0.4052022695541382,-0.36706972122192383,-0.2965124845504761,-0.28758955001831055,-0.5093826353549957
0.11011672019958496,0.3051767349243164,0.1584528088569641,-0.06205052137374878,0.09523487091064453,-0.12861168384552002
0.22458380460739136,0.17513495683670044,0.42346346378326416,0.3283761739730835,0.014753341674804688,-0.05208933353424072
0.08466970920562744,0.17651772499084473,0.07682108879089355,0.09822273254394531,0.007823705673217773,-0.10159146785736084
-0.033695220947265625,-0.07130873203277588,0.05361360311508179,0.004915356636047363,0.00452268123626709,0.02945464849472046
0.365536630153656,0.14335113763809204,0.15286344289779663,0.3186382055282593
-0.07279068231582642,-0.0011155009269714355,-0.04802250862121582,-0.18251124024391174,-0.00447005033493042,0.044042229652404785
-0.01635497808456421,-0.03946518898010254,-0.06910264492034912,-0.09594148397445679,-0.0035346150398254395,0.050872743129730225
0.006849467754364014,0.015955030918121338,0.001805722713470459,0.019272804260253906,0.01118171215057373,-0.0016205906867980957
0.06812775135040283,0.09589529037475586,0.12173861265182495,0.11084520816802979,-0.016492128372192383,-0.0951697826385498
-0.1889551281929016,-0.20343634486198425,-0.10083788633346558,-0.14756816625595093,0.004774749279022217,0.13053029775619507
0.009521484375,-0.015903890132904053,-0.003416121006011963,0.00836789608001709,0.0020665526390075684,0.003196418285369873
-0.1759568452835083,-0.16815894842147827,0.049779415130615234,0.010949015617370605,0.032860636711120605,-0.006088316440582275
-0.28622666001319885,-0.3785633444786072,-0.19615060091018677,-0.12020760774612427,0.08482301235198975,0.08251810073852539
0.33112290501594543,0.2524690330028534,0.11947482824325562,0.36708393692970276,-0.07515913248062134,-0.0983889102935791
0.038568079471588135,0.003952383995056152,0.04736971855163574,0.027375221252441406,-0.015576958656311035,-0.00937962532043457
0.012396633625030518,0.02239900827407837,0.04385322332382202,0.1095510721206665,-0.018956124782562256,-0.04106771945953369
0.124752938747406,0.08580845594406128,0.07428693771362305,0.013205468654632568,-0.025822699069976807,-0.006642401218414307
-0.22158437967300415,-0.41068604588508606,0.06692379713058472,-0.01317751407623291,-0.11193668842315674,0.012818098068237305
-0.0037935376167297363,0.0003789663314819336,-0.034698426723480225,-0.011586785316467285,0.013598978519439697,0.003994643688201904
0.058702707290649414,0.17017555236816406,0.2679407596588135,0.24823957681655884,-0.049863338470458984,-0.024901986122131348
0.0710412859916687,0.32035502791404724,0.12067466974258423,0.0065765380859375,-0.1533905267715454,-0.08935362100601196
-0.09131425619125366,-0.11364388465881348,0.0029687881469726562,-0.06509184837341309,-0.008024096488952637,0.042106807231903076
-0.014746785163879395,-0.05653756856918335,0.01080411672592163,0.0012540221214294434,0.03356754779815674,0.04572111368179321
-0.1672418713569641,-0.08797663450241089,-0.10786217451095581,-0.11822289228439331,-0.03059440851211548,0.019124746322631836
0.14535462856292725,0.10268294811248779,0.026627421379089355,0.013150393962860107,-0.018380820751190186,-0.03513669967651367
0.17953187227249146,0.09453898668289185,0.03601592779159546,0.057138025760650635,-0.0491178035736084,-0.06935101747512817
0.0006073713302612305,0.0149611234664917,0.020818233489990234,-0.0010162591934204102,-0.04572349786758423,0.006584823131561279
0.2876920700073242,0.4321790933609009,0.2650214433670044,0.21693629026412964,0.23577821254730225,0.3187093734741211
-0.14389806985855103,-0.04008430242538452,0.014675498008728027,0.0018107295036315918,-0.013215780258178711,0.008170843124389648
-0.16588342189788818,-0.4097827076911926,-0.3746771812438965,-0.3077940344810486,-0.06425493955612183,-0.18352490663528442
0.0667458176612854,0.05683797597885132,0.02292001247406006,0.09084570407867432,0.0766294002532959,-0.01918959617614746
-0.07420998811721802,0.009641468524932861,-0.08801919221878052,-0.14488321542739868,0.0464252233505249,0.012710988521575928
0.16422498226165771,0.04145324230194092,-0.030993878841400146,0.1828451156616211,0.033164143562316895,-0.03360563516616821
0.07013988494873047,0.014361083507537842,0.03491419553756714,0.049597084522247314,0.08661824464797974,-0.020398378372192383
-0.11824697256088257,-0.25313299894332886,-0.17664825916290283,-0.10093152523040771,0.013519346714019775,0.015539765357971191
0.3949038088321686,0.22277063131332397,0.06590121984481812,0.13760149478912354,-0.022670269012451172,-0.0038761496543884277
-0.24265724420547485,-0.1123998761177063,-0.008443057537078857,-0.05280184745788574,-0.0014843940734863281,0.010258316993713379
0.12620192766189575,0.14997506141662598,-0.059090495109558105,0.1614896059036255,-0.05057418346405029,-0.15454882383346558
-0.039197325706481934,0.009378194808959961,-0.050956904888153076,-0.15000325441360474,0.023030877113342285,0.06664770841598511
-0.19042330980300903,-0.06212669610977173,0.02518361806869507,-0.22776001691818237,-0.1505146026611328,0.05243033170700073
-0.06002455949783325,-0.0752297043800354,-0.07803010940551758,0.00018548965454101562,-0.007983684539794922,0.002322554588317871
0.025765717029571533,0.06893187761306763,0.2000238299369812,0.24292093515396118,0.070809006690979,0.028481125831604004
-0.1228870153427124,-0.16240203380584717,-0.05343228578567505,-0.10952222347259521,-0.1900472640991211,0.03339666128158569
0.03543210029602051,0.036453962326049805,0.08087944984436035,0.0350458025932312,0.039616167545318604,-0.0032799839973449707
0.16890811920166016,0.13456082344055176,0.13163304328918457,0.24093502759933472,0.09692937135696411,0.11691159009933472
-0.2623942494392395,-0.08253228664398193,-0.011374235153198242,-0.02922123670578003,-0.032172322273254395,-0.00828772783279419
-0.012699484825134277,-0.025046229362487793,-0.015254676342010498,-0.09636253118515015,-0.0029218196868896484,0.003687918186187744
0.07746666669845581,0.07063663005828857,0.02717602252960205,0.07062023878097534,0.04611372947692871,0.09688061475753784
0.06359446048736572,0.07320106029510498,0.20086127519607544,0.049730896949768066,-0.013930082321166992,-0.004781007766723633
0.11131012439727783,0.16697394847869873,0.11164319515228271,0.08150547742843628,0.08672702312469482,0.12287360429763794
0.0971987247467041,0.037782907485961914,0.0647311806678772,0.08309268951416016,0.07049602270126343,-0.01438826322555542
-0.198417067527771,-0.16634070873260498,-0.034022510051727295,-0.08593416213989258,0.03458225727081299,0.02199167013168335
-0.1384221315383911,-0.224359393119812,-0.11779272556304932,0.013007760047912598,-0.09200042486190796,0.01266402006149292
0.02202749252319336,0.04155266284942627,0.08290994167327881,0.0958145260810852,0.020092546939849854,-0.0012172460556030273
-0.10289376974105835,-0.07813644409179688,-0.09271186590194702,-0.19045323133468628
0.044492483139038086,0.03713834285736084,0.13056761026382446,0.1801254153251648,0.0836796760559082,-0.010492026805877686
0.025056958198547363,0.035145580768585205,0.03448992967605591,0.12350255250930786,0.0817725658416748,0.03404039144515991
-0.049928367137908936,-0.21242642402648926,-0.14048540592193604,-0.031368255615234375,-0.02833348512649536,-0.0006316304206848145
-0.01734018325805664,-0.12780189514160156,-0.10718411207199097,-0.040081918239593506,-0.005292117595672607,0.0006718039512634277
0.09452861547470093,0.0526738166809082,0.09450119733810425,0.05382347106933594,0.02488607168197632,-0.001728653907775879
0.3967576026916504,0.2101953625679016,-0.01069021224975586,0.0023525357246398926,-0.004008829593658447,0.005775153636932373
0.022632598876953125,0.075825035572052,0.02208888530731201,0.004704892635345459,0.030200302600860596,-0.001727759838104248
-0.0726320743560791,-0.07180023193359375,0.0020867586135864258,0.0034055113792419434,0.010381102561950684,0.00022739171981811523
-0.09187060594558716,-0.0597461462020874,-0.08430922031402588,-0.06794941425323486,-0.07315671443939209,-0.2006700038909912
-0.21391475200653076,-0.2866811156272888,-0.0887824296951294,-0.04148447513580322,0.011402606964111328,0.020394086837768555
0.2450488805770874,0.18726229667663574,0.12184202671051025,0.07540673017501831,0.014547526836395264,0.0015056133270263672
-0.009361982345581055,-0.03476053476333618,-0.020760416984558105,-0.04414498805999756,-0.028214871883392334,0.0012981891632080078
0.1445578932762146,0.17418169975280762,0.14835530519485474,0.07441240549087524,0.014547765254974365,-0.004997849464416504
0.10617786645889282,0.1892145872116089,0.01744145154953003,-0.016933679580688477,-0.0007177591323852539,-0.0243111252784729
-0.05667513608932495,0.012142717838287354,0.013601064682006836,0.029770612716674805,0.004170536994934082,-0.0027770400047302246
0.020207107067108154,0.030183494091033936,0.019598722457885742,0.008852660655975342,0.0020198822021484375,-1.245737075805664e-05
0.06742697954177856,0.04260963201522827,0.029957115650177002,0.023304462432861328,0.01660788059234619,-0.0004508495330810547
-0.1345004439353943,-0.2339925765991211,-0.2632836699485779,-0.1447153091430664,0.012327253818511963,0.014146625995635986
0.008574604988098145,0.014023065567016602,-0.00449216365814209,0.0013914704322814941,-0.0023840665817260742,0.00014078617095947266
0.007535815238952637,-0.03585624694824219,-0.012134730815887451,-0.03779160976409912,0.003300487995147705,0.00025719404220581055
-0.039683640003204346,-0.04209792613983154,-0.0063250064849853516,-0.04407060146331787,0.002966165542602539,9.721517562866211e-05
0.0736854076385498,0.062188148498535156,0.021511375904083252,-0.13003098964691162,0.03641289472579956,0.03505581617355347
0.014546394348144531,0.010769963264465332,0.027201294898986816,0.03803110122680664,0.008699476718902588,-3.6776065826416016e-05
-0.045348405838012695,-0.05954396724700928,0.008376777172088623,-0.006655991077423096,-0.011407792568206787,6.41942024230957e-05
-0.023668527603149414,-0.01762855052947998,-0.005760908126831055,0.020734667778015137,0.012772738933563232,-0.017850935459136963
0.06090515851974487,0.07552331686019897,-0.05133885145187378,0.04117929935455322,0.004911899566650391,-0.008769690990447998
0.07576256990432739,0.12744611501693726,0.021969914436340332,0.019401133060455322,-0.00715327262878418,-0.004809200763702393
-0.003107726573944092,0.06496918201446533,0.0022568702697753906,0.004462003707885742,0.0041970014572143555,-0.0004144906997680664
-0.0064852237701416016,-0.06953686475753784,-0.06116032600402832,-0.044235289096832275,-0.04996281862258911,0.0016363263130187988
0.013374686241149902,0.024884462356567383,0.004530608654022217,0.01594996452331543,-0.0033714771270751953,-0.00029265880584716797
0.09241819381713867,0.050746381282806396,-0.0020682215690612793,0.023078739643096924,-0.0027104616165161133,0.0009445548057556152
0.005727708339691162,0.009830713272094727,0.00446242094039917,0.033824384212493896,0.004893004894256592,-0.00017452239990234375
-0.16718071699142456,-0.07659220695495605,0.03629326820373535,-0.014023900032043457,-0.005319058895111084,-0.023978590965270996
-0.2528359889984131,-0.21596896648406982,-0.011928379535675049,-0.024145424365997314,0.02784329652786255,0.01428145170211792
0.0603981614112854,0.06941395998001099
-0.013462066650390625,-0.03934633731842041,-0.019484400749206543,-0.07032322883605957,0.023647069931030273,0.010693728923797607
-0.09687328338623047,-0.19635087251663208,-0.13272273540496826,-0.07191818952560425,-0.0012707710266113281,0.0244407057762146
-0.031307876110076904,-0.008242607116699219,0.0004477500915527344,-0.014546334743499756,-0.0027025938034057617,0.00010311603546142578
0.03228902816772461,0.131244957447052,0.019780993461608887,-0.0018898248672485352,-0.013321161270141602,-0.0028804540634155273
-0.12679898738861084,-0.04253262281417847,-0.0356786847114563,-0.24486160278320312,0.010028958320617676,0.011851131916046143
0.0044397711753845215,-0.000644385814666748,0.002173900604248047,0.00733107328414917,0.008240580558776855,-0.00020301342010498047
0.0236508846282959,0.15201306343078613,0.10551315546035767,0.009684920310974121,0.07623672485351562,-0.004968762397766113
-2.2113323211669922e-05,-0.004891037940979004,-0.07764476537704468,-0.06782287359237671,-0.015089333057403564,0.00032699108123779297
0.06649041175842285,0.02984750270843506,0.006742358207702637,0.01894533634185791,0.055895447731018066,-0.0030611753463745117
0.055986762046813965,0.060926616191864014,0.0853084921836853,0.1229085922241211,0.02598196268081665,-0.006237208843231201
0.007003426551818848,0.00918644666671753,0.0360417366027832,0.06518906354904175,0.007488369941711426,-0.00013339519500732422
0.049284160137176514,0.015234291553497314,0.029631197452545166,0.0024204254150390625,0.025236666202545166,-8.487701416015625e-05
0.02652221918106079,0.025975823402404785,0.012624979019165039,0.00691455602645874,0.03787827491760254,-0.0006579756736755371
0.06506377458572388,0.02626204490661621,0.0007501840591430664,-0.003021061420440674,0.0037824511528015137,6.854534149169922e-05
-0.004835546016693115,-0.002274036407470703,-0.03174090385437012,-0.023000895977020264,-0.0035851597785949707,0.00031280517578125
0.026484668254852295,0.010536134243011475,0.026917695999145508,0.03105849027633667,0.015596091747283936,-0.0003917813301086426
-0.022427737712860107,-0.030513763427734375,-0.010891199111938477,-0.0018627047538757324,-0.009681224822998047,6.717443466186523e-05
-0.059890031814575195,-0.04134005308151245,-0.060725629329681396,-0.004826068878173828,-0.017054498195648193,-0.0002924203872680664
-0.04836457967758179,-0.03271692991256714,0.0006263256072998047,-0.0067427754402160645,-0.01546943187713623,0.0013576149940490723
0.05241584777832031,0.03562629222869873,0.02276909351348877,0.04600119590759277,0.02534240484237671,0.029715895652770996
-0.14203613996505737,-0.03560996055603027,-0.07503539323806763,-0.040544331073760986,0.004030108451843262,-0.010722577571868896
-0.05689799785614014,-0.02274566888809204,-0.03882420063018799,-0.037029147148132324,-0.04085385799407959,-0.20121437311172485
0.12709498405456543,0.12395983934402466,0.006018936634063721,0.0012502670288085938,0.011521339416503906,-0.004958033561706543
-0.01456916332244873,-0.01083606481552124,-0.02182835340499878,-0.006353795528411865,-0.018380582332611084,0.0003133416175842285
-0.10120910406112671,-0.1176379919052124,-0.012237727642059326,0.00430905818939209,0.0015334486961364746,0.0011693835258483887
-0.019268929958343506,-0.02875828742980957,-0.02390003204345703,-0.05720341205596924,-0.007905423641204834,0.0020276308059692383
-0.004342913627624512,0.07549178600311279,0.028820931911468506,0.007551610469818115,-8.863210678100586e-05,-0.0029255151748657227
0.0149308443069458,0.017088353633880615,0.03309166431427002,0.004670202732086182,-0.0009860992431640625,-7.581710815429688e-05
-0.050392091274261475,-0.011392176151275635,-0.0586392879486084,-0.025915682315826416,-0.0036258697509765625,-0.00010442733764648438
0.009346306324005127,0.0061858296394348145,-0.00035440921783447266,0.004381060600280762,0.0036872029304504395,-2.3365020751953125e-05
-0.21372950077056885,-0.12394523620605469,-0.013715147972106934,-0.050994873046875,-0.010820925235748291,0.0006566047668457031
-0.09363549947738647,-0.17787081003189087,-0.07806694507598877,0.008742153644561768,-0.0005186200141906738,0.00769495964050293
-0.004429161548614502,-0.004626095294952393,-0.002750098705291748,-0.0014190673828125,-0.0067903995513916016,4.07099723815918e-05
-0.06012827157974243,-0.016794145107269287,-0.0034103989601135254,0.0004851222038269043,-0.0006532073020935059,-3.314018249511719e-05
-1.9848346710205078e-05,0.018763065338134766,0.09792119264602661,0.0035938024520874023,0.008516430854797363,0.00039190053939819336
-0.02797490358352661,-0.00555187463760376,-0.0006260871887207031,-0.008059501647949219,-0.018328726291656494,0.0007925033569335938
-0.05808305740356445,-0.01973193883895874,0.011540651321411133,-0.0013136863708496094,-0.008055150508880615,0.00714188814163208
-0.09635657072067261,-0.013078451156616211,-0.03963112831115723,-0.02956414222717285,0.0013240575790405273,0.0004016757011413574
-0.01039046049118042,-0.040162086486816406,-0.0012515783309936523,-0.004081308841705322,-0.005432784557342529,0.00033354759216308594
-0.0189664363861084,-0.04170262813568115,-0.010481774806976318,-0.0050868988037109375,-0.0007723569869995117,-0.010179519653320312
0.06950205564498901,0.03886210918426514,-0.010886967182159424,0.02967369556427002,-0.0002110004425048828,-0.0030234456062316895
0.07388913631439209,0.06252491474151611,-0.012826979160308838,0.008605718612670898,-0.007849037647247314,-0.004242837429046631
0.003043949604034424,0.02618253231048584,-0.01471799612045288,0.0017799139022827148,-0.01178121566772461,-0.00035840272903442383
-0.06828188896179199,-0.04717671871185303,0.007154941558837891,0.016753673553466797,0.01606088876724243,0.004259586334228516
0.0004463791847229004,0.022188127040863037,-0.0024535059928894043,-0.0011584758758544922,-0.0020285844802856445,-0.0001062154769897461
-0.005456745624542236,-0.0463908314704895,-0.0109710693359375,-0.01814866065979004,0.004764556884765625,0.000880897045135498
0.0018502473831176758,-0.029220640659332275,-0.012346982955932617,-0.017511487007141113,0.001772463321685791,0.00027549266815185547
0.03831678628921509,0.029218733310699463,-0.0035902857780456543,0.0011040568351745605,-0.0012915730476379395,-0.00041025876998901367
0.06111133098602295,0.14161258935928345,0.003640413284301758,0.0017635226249694824,-0.004661083221435547,-0.0052716732025146484
0.006848573684692383,0.04266124963760376,0.012919783592224121,0.013444840908050537,0.006824195384979248,-5.888938903808594e-05
0.02190077304840088,0.014510035514831543,0.007889389991760254,0.011977016925811768,0.017504632472991943,0.00885075330734253
0.025718629360198975,0.026910006999969482,0.00562739372253418,0.0116463303565979,0.003039538860321045,-4.0471553802490234e-05
0.07838726043701172,0.03592860698699951,0.006142735481262207,0.005532741546630859,0.032755911350250244,-0.0016806721687316895
-0.0002936124801635742,0.0046803951263427734,0.00035190582275390625,0.001166224479675293,0.007145404815673828,-1.1324882507324219e-06
-0.046195924282073975,-0.03292268514633179,0.0003603696823120117,-0.01698535680770874,-0.012703299522399902,0.0015424489974975586
0.0645904541015625,0.049552738666534424,0.023384153842926025,0.02075517177581787,0.0011832714080810547,-0.002104461193084717
-0.002015531063079834,-0.03240001201629639,-0.0011515021324157715,-0.016113460063934326,-0.0024683475494384766,4.178285598754883e-05
-0.013429462909698486,-0.060471177101135254,-0.0014327764511108398,0.0019715428352355957,0.010037660598754883,0.0017984509468078613
0.02254009246826172,0.004841208457946777,-0.00016075372695922852,0.0016040802001953125,0.0010292530059814453,-1.9073486328125e-06
0.03222399950027466,0.008975684642791748,0.0009832382202148438,0.009503662586212158,0.004096686840057373,1.3172626495361328e-05
-0.0546116828918457,-0.0712401270866394,-0.011921584606170654,-0.0038855671882629395,0.002270817756652832,0.0009669661521911621
0.005780518054962158,0.038447797298431396,-0.003814697265625,0.0003705620765686035,-0.004254698753356934,-0.001845240592956543
-0.008848786354064941,-0.020715713500976562,-0.015283465385437012,-0.011010169982910156,-0.003508150577545166,0.0003059506416320801
-0.05921375751495361,-0.04271960258483887,0.002187013626098633,-0.005222201347351074,-0.0001412034034729004,-0.00034373998641967773
0.03039461374282837,0.03842431306838989,0.009086072444915771,0.05581307411193848,0.017591238021850586,-0.004118442535400391
0.028647780418395996,0.04405158758163452,0.008083999156951904,0.004549741744995117,0.0021632909774780273,-0.0009325146675109863
0.001999795436859131,0.02639031410217285,0.03138589859008789,0.004974424839019775,0.005346894264221191,-0.00017023086547851562
0.0023729801177978516,0.020113348960876465,0.01772284507751465,0.011665046215057373,0.003426194190979004,-9.888410568237305e-05
0.002363443374633789,-0.04047578573226929,-0.00893467664718628,-0.01385796070098877,0.005150258541107178,0.0019237995147705078
-0.08532857894897461,-0.044569313526153564,-0.01610255241394043,-0.018326997756958008,-0.0008380413055419922,-0.00011724233627319336
-0.01117396354675293,-0.029304206371307373,0.00034242868423461914,-0.006622493267059326,0.000672459602355957,2.294778823852539e-05
0.055575549602508545,0.01749187707901001,-0.003915190696716309,0.023533225059509277,-0.003871917724609375,-0.0008660554885864258
-0.007779300212860107,-0.006482362747192383,-0.006148576736450195,-0.0331263542175293,0.0011896491050720215,0.0006710290908813477
-0.006918609142303467,-0.05122017860412598,0.0035884976387023926,-0.006889939308166504,0.005017876625061035,0.0017714500427246094
0.04011470079421997,0.032934606075286865,0.04015207290649414,0.02601444721221924,0.0008138418197631836,0.007131338119506836
-0.04148232936859131,-0.020223915576934814,0.0059906840324401855,-0.02598029375076294,0.005598723888397217,0.0027714967727661133
0.004644811153411865,0.0029050707817077637,0.00041103363037109375,0.0051857829093933105,-0.0006539225578308105,-5.781650543212891e-06
0.0030289292335510254,0.002919793128967285,-0.001370549201965332,-0.00021600723266601562,-0.0013695955276489258,-1.3113021850585938e-06
0.007694602012634277,0.0615544319152832,0.05250430107116699,0.015077650547027588,-0.006093740463256836,-0.004083216190338135
0.0005296468734741211,-0.008700907230377197,0.00041556358337402344,-0.01355808973312378,0.0009316205978393555,4.744529724121094e-05
-0.00450897216796875,-0.02545541524887085,-0.009078264236450195,-0.005739569664001465,-0.0007371306419372559,8.493661880493164e-05
-0.006780385971069336,-0.055288493633270264,-0.008343398571014404,0.007622718811035156,0.007435202598571777,0.0039917826652526855
0.002489328384399414,0.0038573741912841797,0.007462441921234131,0.006567060947418213,-0.0005462765693664551,-4.231929779052734e-06
-0.03034454584121704,-0.0064806342124938965,-0.0012247562408447266,-0.014660239219665527,0.0012410879135131836,0.00011205673217773438
0.012885987758636475,0.0034744739532470703,-0.002706766128540039,0.013660669326782227,0.010774612426757812,-0.0010005831718444824
0.01975226402282715,0.01396554708480835,0.0017727017402648926,-8.887052536010742e-05,-0.0013237595558166504,2.384185791015625e-06
-0.028730809688568115,-0.0418848991394043,-0.012623250484466553,-0.004075884819030762,-0.001302182674407959,0.0025969743728637695
0.008926630020141602,0.001890420913696289,0.0003002285957336426,0.0008441805839538574,-0.0001933574676513672,-3.403425216674805e-05
0.06285262107849121,0.020151257514953613,-0.004012882709503174,0.017635047435760498,0.031512439250946045,-0.0005726218223571777
0.001642465591430664,-0.02379775047302246,-0.014753341674804688,-0.037624478340148926,-0.014287829399108887,0.0007109642028808594
-0.05290728807449341,-0.0027664899826049805,0.0016504526138305664,-0.008176565170288086,0.0014711618423461914,-0.0007099509239196777
-0.00014609098434448242,-0.002623140811920166,-0.00010693073272705078,-0.004584968090057373,-0.0004400014877319336,-0.005266964435577393
0.0004259347915649414,0.0016365647315979004,0.0008348226547241211,0.0030007362365722656,0.0003864169120788574,-1.6689300537109375e-06
0.029060781002044678,0.061824262142181396,0.009510815143585205,0.004437804222106934,-0.0031363964080810547,-0.0017685890197753906
-0.0013459324836730957,0.007965385913848877,-0.001139998435974121,0.021767616271972656,0.00041413307189941406,-0.00031369924545288086
0.0012374520301818848,-0.0791211724281311,-0.04151231050491333,-0.005858004093170166,-0.0022507905960083008,0.003930807113647461
-0.11514294147491455,-0.1434759497642517,-0.03919297456741333,-0.002309560775756836,-0.008488237857818604,0.00026172399520874023
-0.007847011089324951,-0.0013744831085205078,-0.0028682947158813477,-0.0018602609634399414,-1.9669532775878906e-05,1.0132789611816406e-06
0.03003251552581787,0.0934833288192749,0.11548715829849243,0.06201672554016113,0.03323405981063843,0.02826237678527832
-0.0001410841941833496,-0.010145068168640137,-0.00016301870346069336,-0.0007026791572570801,-0.00034308433532714844,1.430511474609375e-06
0.0051155686378479,0.001147449016571045,8.726119995117188e-05,0.0006452798843383789,5.358457565307617e-05,1.1920928955078125e-07
0.023532986640930176,0.005021512508392334,0.009572148323059082,0.00956118106842041,0.004440784454345703,-0.00023043155670166016
-0.007249891757965088,-0.0006525516510009766,-0.003529071807861328,-0.008235514163970947,-0.0027727484703063965,4.106760025024414e-05
-0.001704871654510498,-0.08340704441070557,-0.11313527822494507,-0.07125121355056763,-0.006491124629974365,6.252527236938477e-05
0.0002612471580505371,-0.007818043231964111,4.017353057861328e-05,-0.00022023916244506836,0.00020045042037963867,2.9802322387695312e-05
0.00438457727432251,0.01703166961669922,0.008808434009552002,0.0066588521003723145,0.0012325048446655273,0.005037248134613037
0.0021738409996032715,-0.00990748405456543,-0.00031954050064086914,-0.006000816822052002,-0.026310265064239502,0.0010079145431518555
-0.00017052888870239258,-0.028096139430999756,-0.013202667236328125,-0.005173385143280029,-0.000898897647857666,-0.00299912691116333
-0.038414061069488525,-0.061131298542022705,-0.004445970058441162,-0.00015223026275634766,-0.0008837580680847168,0.00025522708892822266
0.0001423358917236328,0.011337339878082275,0.0005695223808288574,0.0053977370262146,-0.0002714395523071289,-1.0251998901367188e-05
0.010544300079345703,0.004603862762451172,0.042955994606018066,0.009469270706176758,0.00014775991439819336,1.806020736694336e-05
-0.04085540771484375,-0.005230903625488281,0.00043720006942749023,-0.00022792816162109375,-0.010631322860717773,0.0029147863388061523
-1.728534698486328e-05,-0.0006997585296630859,-0.0003071427345275879,-0.00041365623474121094,-0.00024318695068359375,1.5497207641601562e-06
0.043845415115356445,0.0169641375541687,0.013069450855255127,0.0027121901512145996,-0.0008653998374938965,8.100271224975586e-05
0.014374792575836182,0.019453585147857666,0.014326333999633789,0.026679635047912598,0.0021862387657165527,0.09128665924072266
0.004812002182006836,0.0011631250381469727,0.00038242340087890625,8.279085159301758e-05,0.0015388727188110352,-5.841255187988281e-06
0.11308377981185913,0.10255736112594604,0.05436110496520996,0.045728206634521484,-0.0006546974182128906,-0.0017864108085632324
0.015185236930847168,0.014620959758758545,0.0014309883117675781,0.0008398294448852539,-9.924173355102539e-05,-1.0371208190917969e-05
-0.02143639326095581,-0.011824727058410645,-0.00108259916305542,-0.0007378458976745605,-0.00020891427993774414,-1.1324882507324219e-06
-0.0001277923583984375,-0.005407750606536865,-0.003409743309020996,-0.0006575584411621094,-0.0006147027015686035,4.708766937255859e-06
-0.039170682430267334,-0.005638241767883301,-0.011206269264221191,-0.0015466809272766113,0.0003007650375366211,-3.159046173095703e-05
0.011716246604919434,0.03339022397994995,0.002260446548461914,-0.0002033710479736328,-0.00023257732391357422,-4.756450653076172e-05
0.009910225868225098,0.008788764476776123,0.0010535120964050293,0.007096290588378906,0.0019277334213256836,-1.1801719665527344e-05
0.0029672980308532715,0.0051844120025634766,-0.00035369396209716797,-0.0003898739814758301,0.0008379817008972168,-9.5367431640625e-07
-0.00014537572860717773,-0.00552600622177124,5.304813385009766e-06,0.0001119375228881836,0.0003485679626464844,1.3709068298339844e-06
0.0030295848846435547,0.0016498565673828125,4.4345855712890625e-05,0.0006514787673950195,0.0010737180709838867,-5.960464477539063e-08
-0.008516073226928711,-0.006193995475769043,0.002905607223510742,-0.005081832408905029,0.0024100542068481445,0.0008637905120849609
0.006321370601654053,0.001943349838256836,0.0007658600807189941,0.0007930397987365723,0.0008473396301269531,-8.702278137207031e-06
0.005442023277282715,0.0012604594230651855,0.0034444332122802734,0.011360764503479004,0.0029692649841308594,-1.823902130126953e-05
-0.02197575569152832,-0.04394561052322388,-0.0005617737770080566,-0.0030609965324401855,-0.0004088878631591797,9.065866470336914e-05
-0.02882516384124756,-0.004557430744171143,-0.03682899475097656,-0.03877216577529907,-0.0004145503044128418,0.0005935430526733398
0.028288960456848145,0.009220242500305176,0.003835022449493408,0.0011395812034606934,0.0014652013778686523,4.649162292480469e-06
-0.022461891174316406,-0.002106904983520508,-0.0078352689743042,-0.007938563823699951,-0.0006834864616394043,4.851818084716797e-05
0.17102068662643433,0.20967191457748413,0.006505787372589111,0.005725741386413574,-0.0004813075065612793,-0.00020194053649902344
0.0027240514755249023,0.0074898600578308105,0.003952741622924805,0.0005491375923156738,0.001682877540588379,-5.751848220825195e-05
-0.051533520221710205,-0.023350536823272705,-0.0031215548515319824,-0.0071642398834228516,-0.0027576684951782227,0.00016105175018310547
0.0003236532211303711,0.004196345806121826,0.0014534592628479004,0.006672859191894531,0.0011944770812988281,0.023733973503112793
0.006905257701873779,0.008315324783325195,0.0064026713371276855,0.0030320286750793457,0.00020265579223632812,-2.4437904357910156e-06
0.004163026809692383,0.017700612545013428,0.0008103847503662109,0.003814518451690674,-0.00014734268188476562,-1.6629695892333984e-05
0.013042628765106201,0.003318607807159424,0.0010676383972167969,-4.285573959350586e-05,-0.0002733469009399414,-2.378225326538086e-05
-0.00813215970993042,-0.0005762577056884766,-0.0016895532608032227,-0.00045609474182128906,0.00028210878372192383,0.0
-0.028247356414794922,-0.013281702995300293,-0.0006024837493896484,-0.001394033432006836,-0.0002167820930480957,1.6808509826660156e-05
-0.004784941673278809,-0.007077395915985107,1.4066696166992188e-05,-6.35981559753418e-05,5.739927291870117e-05,6.973743438720703e-06
-0.005485892295837402,-0.011398375034332275,-0.0018593072891235352,-0.0027081966400146484,-9.822845458984375e-05,0.00016051530838012695
-0.0011942386627197266,-0.003979504108428955,-0.013081252574920654,-0.003092348575592041,-0.0009189248085021973,4.5299530029296875e-06
0.007451176643371582,0.010529100894927979,-0.0007946491241455078,0.0008733868598937988,0.0006693601608276367,-0.00010347366333007812
-0.0009479522705078125,-0.0008779764175415039,0.00025284290313720703,-3.2186508178710938e-06,-0.0011102557182312012,2.2649765014648438e-06
0.0011890530586242676,0.0030896663665771484,0.00015658140182495117,0.025900840759277344
-0.006964206695556641,-0.005156278610229492,-0.0033034682273864746,-0.0010780096054077148,9.435415267944336e-05,2.9802322387695312e-06
0.00027948617935180664,0.0007606148719787598,-0.00012195110321044922,0.0008354783058166504,-0.00020378828048706055,-4.351139068603516e-06
5.936622619628906e-05,-0.007829368114471436,-0.0020982027053833008,-0.0034378767013549805,-0.005073249340057373,8.386373519897461e-05
-0.008307456970214844,-0.012700378894805908,-0.0049836039543151855,-0.008580625057220459,-0.008950412273406982,-0.024324238300323486
-0.0012226700782775879,-0.0008631348609924316,-0.00421750545501709,-0.004861056804656982,-1.055002212524414e-05,1.8477439880371094e-06
0.002179086208343506,0.041383206844329834,0.003310978412628174,0.0018274188041687012,0.0006043314933776855,0.0014201998710632324
-0.06104558706283569,-0.012422502040863037,0.0004070401191711426,-0.003631770610809326,-0.0029453039169311523,-0.00011676549911499023
-0.005422830581665039,-0.005867481231689453,0.00013709068298339844,-0.0004895925521850586,0.00017321109771728516,-6.556510925292969e-07
0.0003598332405090332,0.012036502361297607,0.0038224458694458008,0.004004120826721191,0.004194080829620361,-4.76837158203125e-06
-0.00011146068572998047,0.013257324695587158,-4.410743713378906e-05,0.0008143186569213867,-0.00010472536087036133,-4.273653030395508e-05
0.0029254555702209473,0.01074826717376709,0.006312847137451172,0.003411710262298584,0.0006667971611022949,-1.3828277587890625e-05
0.007297515869140625,0.012629449367523193,0.0015340447425842285,0.0003402233123779297,-0.00023925304412841797,-6.026029586791992e-05
0.0019066333770751953,0.006975948810577393,0.002285301685333252,0.005616903305053711,-7.206201553344727e-05,-1.4901161193847656e-06
-0.05420130491256714,-0.01777935028076172,-0.00036704540252685547,-0.0014184117317199707,0.0002466440200805664,-0.0005005002021789551
0.03345084190368652,0.026912569999694824,0.04252195358276367,0.06899875402450562,-0.0006758570671081543,-0.0006065964698791504
-0.000587761402130127,-1.1682510375976562e-05,0.0007777214050292969,-0.00317460298538208,-0.00431060791015625,0.00048160552978515625
-0.006597340106964111,-0.008719205856323242,9.5367431640625e-07,-0.008643805980682373,-0.0010151267051696777,4.601478576660156e-05
-0.00010752677917480469,0.0010190010070800781,0.0009224414825439453,0.002292931079864502,-8.016824722290039e-05,-2.4974346160888672e-05
-0.0008317828178405762,-0.011279642581939697,-0.001271665096282959,-0.0002688765525817871,8.291006088256836e-05,0.0001016855239868164
-0.006304681301116943,-0.006589710712432861,-0.0009117722511291504,-0.00040078163146972656,-0.0008245110511779785,5.960464477539062e-07
-0.005641639232635498,-0.005810558795928955,-0.0016007423400878906,0.00042617321014404297,-0.00046366453170776367,8.344650268554688e-07
0.0026279091835021973,0.004173219203948975,-8.177757263183594e-05,0.0002135634422302246,-0.00015288591384887695,-1.1324882507324219e-06
-0.0010714530944824219,-0.004805445671081543,6.604194641113281e-05,-0.001950383186340332,-0.0013374090194702148,3.7550926208496094e-06
0.0019820332527160645,0.0009133815765380859,0.0007380843162536621,0.00030606985092163086,0.00022047758102416992,0.0
0.0005256533622741699,0.0014564990997314453,0.00011581182479858398,0.0002961158752441406,0.0003063678741455078,0.0010913610458374023
0.0004926323890686035,0.0007877945899963379,0.00017410516738891602,0.0003460049629211426,0.00040405988693237305,1.7881393432617188e-07
0.002552807331085205,0.008288681507110596,0.012553393840789795,0.006574392318725586,-0.000462949275970459,-7.033348083496094e-06
-0.0016620159149169922,-0.001310884952545166,-0.0014619827270507812,-0.004130899906158447,-0.0002491474151611328,-0.005497157573699951
-0.04454827308654785,-0.015309512615203857,-0.0004349350929260254,-0.00022178888320922852,0.0002797245979309082,-0.00011754035949707031
-0.00029152631759643555,-0.01016002893447876,-0.002289891242980957,-0.009045302867889404,-0.00011038780212402344,5.8710575103759766e-05
0.00022023916244506836,0.002115190029144287,-0.00018829107284545898,0.002762436866760254,0.00021600723266601562,-7.152557373046875e-07
0.029988348484039307,0.017984211444854736,0.0011734366416931152,0.009058117866516113,-0.0009151101112365723,-0.0001850724220275879
0.006624817848205566,0.03692418336868286,0.0035958290100097656,0.007055878639221191,0.00041306018829345703,-0.00020623207092285156
0.0020589828491210938,0.002550959587097168,0.003381788730621338,0.008616149425506592,0.00022834539413452148,-2.193450927734375e-05
-0.005155682563781738,-0.018840789794921875,-0.004942774772644043,-0.01234966516494751,-0.004682004451751709,0.0004456639289855957
0.0001900196075439453,-0.002321898937225342,-0.0016730427742004395,-0.0007370114326477051,-9.167194366455078e-05,6.210803985595703e-05
0.0034731030464172363,0.0022853612899780273,-3.701448440551758e-05,0.00011372566223144531,-6.687641143798828e-05,0.0
0.00020521879196166992,0.00356215238571167,0.00032764673233032227,0.0009856820106506348,0.00032895803451538086,0.003480970859527588
-0.001359105110168457,-0.006340920925140381,0.00022912025451660156,-0.012729406356811523,-6.693601608276367e-05,0.00011789798736572266
0.0002732276916503906,0.0390889048576355,0.00030291080474853516,0.00018036365509033203,0.00012493133544921875,0.0005678534507751465
-0.00011259317398071289,-0.0001354813575744629,0.00020200014114379883,-0.0006816983222961426,0.00018972158432006836,1.2516975402832031e-06
5.507469177246094e-05,0.00039887428283691406,0.0001437664031982422,0.0011821985244750977,5.221366882324219e-05,-1.1920928955078125e-06
-0.00022029876708984375,-0.005112946033477783,-0.012915849685668945,-0.006649434566497803,-0.00010269880294799805,3.451108932495117e-05
0.000647425651550293,-0.01023244857788086,-0.009718120098114014,-0.008170485496520996,-0.01119840145111084,0.0007227063179016113
0.0030997395515441895,0.016215860843658447,0.0005317926406860352,0.0017195940017700195,0.00017392635345458984,-6.222724914550781e-05
0.0031791329383850098,0.008899033069610596,0.007399559020996094,0.0030379891395568848,-0.00035691261291503906,-2.759695053100586e-05
-0.02254551649093628,-0.05650228261947632,-0.0049956440925598145,-0.0005906820297241211,-0.0010216832160949707,0.00040900707244873047
0.011674046516418457,0.02440488338470459,0.006626009941101074,0.0012680292129516602,0.005425751209259033,-1.1444091796875e-05
0.0002683401107788086,0.000820457935333252,0.0021622776985168457,0.00011020898818969727,0.0011116862297058105,-1.0728836059570312e-06
0.0024069547653198242,0.0031198859214782715,0.0009086132049560547,0.0002611875534057617,0.0006958842277526855,-1.2516975402832031e-06
0.0015414953231811523,0.0006917119026184082,0.0008941888809204102,0.00011545419692993164,0.0007214546203613281,-2.086162567138672e-06
-0.0012241005897521973,-0.0009597539901733398,-2.6285648345947266e-05,-2.0623207092285156e-05,-0.00010120868682861328,0.0
-0.009045124053955078,-0.009107708930969238,-0.03699547052383423,-0.0035913586616516113,-0.0035026073455810547,-5.1021575927734375e-05
0.028512656688690186,0.0021468400955200195,0.00031501054763793945,0.0022971034049987793,0.0002773404121398926,0.006397426128387451
3.504753112792969e-05,0.0002033710479736328,0.00010317564010620117,2.5153160095214844e-05,1.1861324310302734e-05,8.732080459594727e-05
0.0030489563941955566,0.0013294816017150879,0.0010903477668762207,0.00037670135498046875,0.0001462101936340332,0.0
-0.0008723735809326172,-0.0028792619705200195,-5.1856040954589844e-05,-0.00013005733489990234,9.119510650634766e-05,1.1920928955078125e-07
0.00012111663818359375,0.00015884637832641602,0.0006271600723266602,8.636713027954102e-05,3.153085708618164e-05,0.0
-0.0006826519966125488,-2.950429916381836e-05,-0.00010102987289428711,-0.005149245262145996,-0.0005509853363037109,1.0132789611816406e-06
-0.001093447208404541,-0.0011922121047973633,-0.00048428773880004883,-0.0025215744972229004,-0.00010973215103149414,2.3245811462402344e-06
0.007273256778717041,0.0023365020751953125,0.0013574957847595215,-2.5928020477294922e-05,-0.00023746490478515625,4.76837158203125e-07
0.00037097930908203125,0.00193023681640625,-6.437301635742188e-05,0.00016701221466064453,-5.8710575103759766e-05,-1.7881393432617188e-06
-0.00016164779663085938,-0.0021072030067443848,-0.0011455416679382324,-0.0001849532127380371,-0.0007460713386535645,7.152557373046875e-07
0.014253497123718262,0.13195502758026123,0.09561234712600708,0.001610875129699707,0.0036084651947021484,0.00047475099563598633
0.007135152816772461,0.002824723720550537,0.005531609058380127,-6.645917892456055e-05,0.000247955322265625,-9.5367431640625e-07
-0.00020951032638549805,-0.0001952052116394043,-9.369850158691406e-05,1.4126300811767578e-05,9.417533874511719e-06,-1.1920928955078125e-07
-0.004518628120422363,-0.03055340051651001,-0.006449341773986816,-0.0007355809211730957,-0.0002446770668029785,8.922815322875977e-05
0.00041419267654418945,0.0018038749694824219,0.002413928508758545,0.0005151629447937012,0.0026894807815551758,-8.344650268554688e-07
-0.0030081868171691895,-0.0021787285804748535,-2.09808349609375e-05,-0.00027811527252197266,-3.355741500854492e-05,4.172325134277344e-07
-0.003731071949005127,-0.002184629440307617,-0.00010150671005249023,2.2590160369873047e-05,-0.00028067827224731445,5.960464477539063e-08
-0.0003803372383117676,-0.0010176897048950195,5.8650970458984375e-05,-0.0008741021156311035,0.00017470121383666992,5.424022674560547e-06
-0.03301733732223511,-0.006231546401977539,-0.014071345329284668,-0.003118157386779785,-0.000441133975982666,8.291006088256836e-05
-0.012083351612091064,-0.006224334239959717,-0.0009816884994506836,-0.0008310675621032715,-0.0003940463066101074,-0.0011819005012512207
0.0012417435646057129,0.0034397244453430176,0.00045865774154663086,0.001435697078704834,0.00014406442642211914,-2.384185791015625e-07
0.0003504157066345215,0.00018340349197387695,0.0001589059829711914,2.4020671844482422e-05,0.00021511316299438477,5.960464477539063e-08
0.00953984260559082,0.0005019903182983398,0.001817941665649414,-0.00019991397857666016,0.0003191828727722168,-3.88026237487793e-05
-0.008138537406921387,-0.001965820789337158,-0.0003681182861328125,-0.0002130270004272461,-0.0013019442558288574,1.6093254089355469e-06
0.022635042667388916,0.02067887783050537,0.0435330867767334,0.008624911308288574,0.001649320125579834,-2.2172927856445312e-05
-0.07068848609924316,-0.01364821195602417,-0.0035291314125061035,-0.0005419254302978516,1.8537044525146484e-05,-0.00014406442642211914
0.005722999572753906,0.005219697952270508,0.0015211701393127441,0.003841400146484375,-4.76837158203125e-05,-8.51750373840332e-05
-0.017738044261932373,-0.036650002002716064,-0.0005587339401245117,2.9981136322021484e-05,0.00012409687042236328,2.2411346435546875e-05
-0.0018149614334106445,-0.00047785043716430664,5.4895877838134766e-05,9.673833847045898e-05,0.00010132789611816406,1.8477439880371094e-06
-0.000577092170715332,-0.02484995126724243,-0.00041747093200683594,-0.00036525726318359375,2.2649765014648438e-05,1.5616416931152344e-05
-0.11173850297927856,-0.02886897325515747,0.001212477684020996,-0.0014129281044006348,0.0012978315353393555,-0.0010094642639160156
0.0006046295166015625,0.002283751964569092,-9.709596633911133e-05,0.003576338291168213,-0.0005173087120056152,-4.410743713378906e-06
0.0016812682151794434,0.023668766021728516,-0.0006694197654724121,0.00826328992843628,-0.000721275806427002,-5.429983139038086e-05
-0.00022554397583007812,0.00040084123611450195,-0.00014829635620117188,0.0021692514419555664,-0.00023430585861206055,-3.5762786865234375e-07
1.2993812561035156e-05,-0.026401519775390625,-0.000826418399810791,-0.018439888954162598,-0.0025075674057006836,0.00013566017150878906
-0.0006799697875976562,-0.00559920072555542,0.0004398226737976074,-0.0003243684768676758,0.0004596710205078125,0.00017386674880981445
-6.884336471557617e-05,0.007918834686279297,0.0003561973571777344,0.0009136199951171875,-9.059906005859375e-05,-3.7610530853271484e-05
0.0024336576461791992,0.0004910826683044434,-0.0001316666603088379,0.0002002120018005371,-0.0001741647720336914,1.1920928955078125e-07
0.0035930871963500977,0.02018362283706665,-0.0001900792121887207,0.002805054187774658,-0.0001704692840576172,-7.271766662597656e-06
0.0010954737663269043,0.03293198347091675,-0.00017124414443969727,0.0013347268104553223,-0.00024259090423583984,-1.4424324035644531e-05
0.0002002716064453125,-0.0030999183654785156,0.0001016855239868164,-0.009512126445770264,-8.58306884765625e-06,3.6716461181640625e-05
9.363889694213867e-05,0.0008366703987121582,0.00010669231414794922,0.004380643367767334
-0.0002136826515197754,-0.0013331174850463867,0.00012421607971191406,-0.00014084577560424805,6.729364395141602e-05,1.2755393981933594e-05
8.64267349243164e-06,0.002818882465362549,-7.605552673339844e-05,0.00015401840209960938,-7.140636444091797e-05,-6.4373016357421875e-06
-2.0325183868408203e-05,0.003174126148223877,-1.7464160919189453e-05,0.00039315223693847656,1.3172626495361328e-05,1.7881393432617188e-07
0.003322005271911621,0.049996793270111084,-0.0006319284439086914,0.007566630840301514,-0.00039893388748168945,-0.00046324729919433594
-0.0008464455604553223,-0.0013706684112548828,6.401538848876953e-05,-0.00029522180557250977,0.00011664628982543945,8.940696716308594e-07
0.0003104209899902344,0.004060089588165283,-1.6570091247558594e-05,-6.031990051269531e-05,-0.00011056661605834961,1.1920928955078125e-07
-0.00029599666595458984,-0.011584937572479248,-0.0005508065223693848,0.00022542476654052734,0.0003408193588256836,6.973743438720703e-06
-2.2113323211669922e-05,0.0034102797508239746,0.00021117925643920898,0.0018103718757629395,-0.0001563429832458496,-6.973743438720703e-06
-0.034512996673583984,-0.03494471311569214,-0.0019062161445617676,-0.01944512128829956,0.00011146068572998047,0.00024366378784179688
-0.0076920390129089355,-0.061305999755859375,-0.0016596317291259766,-0.0014924407005310059,-0.0009379386901855469,0.0001976490020751953
-0.0017182230949401855,-0.0008489489555358887,0.00026041269302368164,-2.1278858184814453e-05,0.00012791156768798828,3.5762786865234375e-06
-0.0043329596519470215,-0.011770248413085938,-0.0002599358558654785,-0.0005657076835632324,-0.004695892333984375,7.581710815429688e-05
-0.0006326436996459961,-0.002301335334777832,-0.002186119556427002,-0.0001462697982788086,-1.8537044525146484e-05,3.5762786865234375e-07
-4.595518112182617e-05,-0.00038743019104003906,-0.007504940032958984,-0.03090304136276245,-0.0006495118141174316,2.8073787689208984e-05
2.8789043426513672e-05,0.0038033127784729004,0.0002802610397338867,0.0018158555030822754,0.0005115866661071777,-2.6226043701171875e-06
-0.010735094547271729,-0.026938796043395996,-0.004552483558654785,-0.0009118318557739258,-0.000376284122467041,5.65648078918457e-05
-0.005481302738189697,-0.000776827335357666,-0.0005060434341430664,-5.698204040527344e-05,3.0338764190673828e-05,4.5299530029296875e-06
-0.001374661922454834,-0.002035200595855713,-0.0007973313331604004,-0.001874089241027832,-0.0012135505676269531,-0.0022322535514831543
0.052668213844299316,0.05063891410827637,0.002437591552734375,-7.474422454833984e-05,-3.319978713989258e-05,-0.00010520219802856445
0.00628352165222168,0.0043517351150512695,0.005568206310272217,0.00020492076873779297,0.00017410516738891602,-1.430511474609375e-06
0.0008386373519897461,0.0020606517791748047,0.0008324980735778809,3.8623809814453125e-05,0.0028145909309387207,-2.980232238769531e-07
-0.0012813806533813477,-9.495019912719727e-05,-5.930662155151367e-05,-0.0006113052368164062,-8.749961853027344e-05,2.384185791015625e-07
0.008611023426055908,0.016322195529937744,0.006536006927490234,0.0008027553558349609,0.004011988639831543,-1.1920928955078125e-06
-8.386373519897461e-05,-0.0017119646072387695,-0.0036274194717407227,-0.0005293488502502441,-0.00032138824462890625,0.0
0.0005106329917907715,0.0009176731109619141,0.0021829605102539062,0.0006339550018310547,6.139278411865234e-06,-2.3245811462402344e-06
-0.000762939453125,-0.0005744099617004395,-0.0013522505760192871,-0.0022510886192321777,-0.0009658336639404297,-1.1920928955078125e-07
0.0002224445343017578,2.390146255493164e-05,9.894371032714844e-06,0.0003440976142883301,0.00010418891906738281,0.00017517805099487305
-0.0001774430274963379,-0.0006074309349060059,-0.0010098814964294434,-0.001074373722076416,-0.00020295381546020508,0.0
-0.03021794557571411,-0.006904423236846924,-0.002234816551208496,-0.0002848505973815918,-0.0018146038055419922,-3.159046173095703e-06
0.0008455514907836914,0.00019037723541259766,0.0009338259696960449,0.00023567676544189453,-0.00013446807861328125,-1.4722347259521484e-05
8.64267349243164e-06,-2.8431415557861328e-05,1.3530254364013672e-05,-1.806020736694336e-05,-1.3589859008789062e-05,2.980232238769531e-07
-0.0002192854881286621,-0.0003333091735839844,-8.392333984375e-05,-0.00015938282012939453,-4.178285598754883e-05,-2.384185791015625e-07
0.0005517005920410156,0.0011685490608215332,0.00041115283966064453,0.00010031461715698242,0.00012129545211791992,-1.1920928955078125e-06
-0.0006453990936279297,-0.0003104209899902344,-0.0010268092155456543,-0.0004588961601257324,-0.00012201070785522461,0.0
0.00014579296112060547,0.00018334388732910156,0.0013862252235412598,9.453296661376953e-05,-8.225440979003906e-06,0.0
-0.004891395568847656,-0.005028843879699707,-0.005933523178100586,-0.0012848973274230957,-5.7816505432128906e-05,9.000301361083984e-06
0.002560913562774658,0.0024379491806030273,0.0003083944320678711,0.0005996823310852051,0.00026351213455200195,0.0
-0.0007430315017700195,-0.0006120204925537109,-0.00021719932556152344,-0.0002556443214416504,-0.0019748806953430176,7.748603820800781e-07
0.0019644498825073242,0.0003268718719482422,4.982948303222656e-05,0.00010579824447631836,2.2351741790771484e-05,-5.960464477539063e-08
-0.004529178142547607,-0.006771445274353027,-0.0008956789970397949,-0.00044739246368408203,-0.0026493072509765625,1.9073486328125e-06
8.463859558105469e-05,0.0027692317962646484,0.001187741756439209,0.002729058265686035,0.0013924241065979004,-5.245208740234375e-06
0.0006421804428100586,0.0004699826240539551,3.415346145629883e-05,0.0014955997467041016,5.161762237548828e-05,-1.1920928955078125e-07
-0.0030974149703979492,-0.0008124709129333496,-0.000522911548614502,-0.0005791783332824707,-0.00032716989517211914,-1.7881393432617188e-07
-0.004896104335784912,-0.023509442806243896,-0.00593334436416626,-0.0004335641860961914,-0.00017875432968139648,5.030632019042969e-05
-0.007530808448791504,-0.0010935068130493164,-0.0006909370422363281,-0.0005124211311340332,-3.30805778503418e-05,4.172325134277344e-07
0.003342568874359131,0.0016881823539733887,0.0003558993339538574,0.0012807846069335938,0.0007206201553344727,2.384185791015625e-07
-0.0010284185409545898,-0.000794529914855957,3.2782554626464844e-06,-5.364418029785156e-07,-1.5974044799804688e-05,0.0
-0.0016826987266540527,-0.003428041934967041,-0.00025463104248046875,-0.0006523728370666504,-0.0006834864616394043,9.5367431640625e-06
0.003618180751800537,0.004641115665435791,0.00953000783920288,0.006803154945373535,0.0027336478233337402,-5.781650543212891e-06
-0.00020134449005126953,-0.0006203651428222656,-0.0005060434341430664,-0.0010181069374084473,-4.291534423828125e-05,0.0
-0.0005421042442321777,-0.0002472400665283203,-0.0005469322204589844,-0.002433478832244873,-0.0002817511558532715,1.0728836059570312e-06
2.765655517578125e-05,3.5703182220458984e-05,3.6835670471191406e-05,0.00033473968505859375,4.827976226806641e-06,1.1920928955078125e-07
0.006554305553436279,0.015176832675933838,0.002103567123413086,0.0006881356239318848,0.0011914372444152832,-3.314018249511719e-05
0.0018785595893859863,0.0002084970474243164,1.3589859008789062e-05,0.0004317760467529297,4.89354133605957e-05,-3.5762786865234375e-07
0.0009714365005493164,0.01005244255065918,0.0010440945625305176,0.007505834102630615,0.02123892307281494,0.04274207353591919
0.016866326332092285,0.0035802721977233887,0.00026154518127441406,5.263090133666992e-05,0.0002340078353881836,1.4901161193847656e-06
0.005778610706329346,0.0009350776672363281,0.0016611218452453613,4.875659942626953e-05,1.5914440155029297e-05,-2.1457672119140625e-06
1.9729137420654297e-05,0.0004054903984069824,0.000258028507232666,4.595518112182617e-05,0.00012254714965820312,0.0
0.0004245638847351074,0.0018092989921569824,0.00303572416305542,1.8537044525146484e-05,8.934736251831055e-05,0.0
-0.012219727039337158,-0.006842911243438721,-0.01238328218460083,-0.000493168830871582,-0.00041747093200683594,2.2649765014648438e-05
0.015817642211914062,0.0021224021911621094,0.0012856125831604004,0.0025039315223693848,0.0005509257316589355,-3.0994415283203125e-06
0.0021365880966186523,3.546476364135742e-05,2.4557113647460938e-05,4.5299530029296875e-06,1.2159347534179688e-05,0.0
0.002481698989868164,0.00010013580322265625,1.4007091522216797e-05,-1.2218952178955078e-05,-1.1324882507324219e-05,0.0
0.00012677907943725586,0.0013494491577148438,0.0014411211013793945,0.0002783536911010742,0.00024336576461791992,-2.086162567138672e-06
5.84721565246582e-05,0.0026628971099853516,0.003407716751098633,0.001961648464202881,2.378225326538086e-05,-2.86102294921875e-06
-3.629922866821289e-05,-6.324052810668945e-05,-0.00030881166458129883,-0.001262068748474121,-0.0002111196517944336,5.185604095458984e-06
-0.000793755054473877,-0.0007346272468566895,-0.00020426511764526367,-0.00011271238327026367,-0.0011028647422790527,1.7881393432617188e-06
0.00032383203506469727,0.00018703937530517578,3.153085708618164e-05,0.00055694580078125,6.878376007080078e-05,0.0
0.008535027503967285,0.002169668674468994,0.0027278661727905273,4.369020462036133e-05,5.8591365814208984e-05,-4.172325134277344e-07
0.004269421100616455,0.00024503469467163086,0.00031304359436035156,5.5789947509765625e-05,0.0005325675010681152,2.980232238769531e-07
0.0002459883689880371,-3.516674041748047e-06,0.00013047456741333008,0.0004457235336303711,0.000110626220703125,-4.172325134277344e-07
0.0013016462326049805,0.0005711913108825684,2.9206275939941406e-06,8.463859558105469e-06,9.119510650634766e-06,5.960464477539063e-08
-0.0565987229347229,-0.017570078372955322,1.2516975402832031e-05,-0.00029402971267700195,2.7894973754882812e-05,-5.0127506256103516e-05
0.001916646957397461,0.01217198371887207,0.0011377334594726562,0.0028489232063293457,7.432699203491211e-05,-1.0728836059570312e-06
-0.00033921003341674805,-0.012340664863586426,3.647804260253906e-05,2.6345252990722656e-05,2.3126602172851562e-05,2.0265579223632812e-06
0.0024718642234802246,0.00869607925415039,-0.0003033876419067383,-1.9371509552001953e-05,-0.00037854909896850586,-4.76837158203125e-06
-0.00021117925643920898,-0.005088090896606445,-4.851818084716797e-05,-0.0004226565361022949,-3.93986701965332e-05,-0.011103272438049316
6.771087646484375e-05,0.0011892914772033691,3.8564205169677734e-05,0.000649571418762207,2.2292137145996094e-05,-1.1444091796875e-05
0.00014275312423706055,0.00023055076599121094,1.1920928955078125e-07,0.00022453069686889648,-4.190206527709961e-05,-4.172325134277344e-07
0.00211179256439209,0.003301858901977539,0.0005928277969360352,0.0007779598236083984,-2.3066997528076172e-05,-1.4185905456542969e-05
-8.672475814819336e-05,-0.0011876821517944336,1.1742115020751953e-05,-0.0013625025749206543,3.1054019927978516e-05,5.960464477539063e-08
-0.0010886788368225098,-0.0011881589889526367,-8.827447891235352e-05,-0.00209808349609375,2.6345252990722656e-05,1.615285873413086e-05
-4.756450653076172e-05,-0.002286076545715332,-3.695487976074219e-05,-0.0004038810729980469,-8.392333984375e-05,-0.004264175891876221
0.000804901123046875,0.0002472996711730957,-3.4332275390625e-05,0.00014221668243408203,-2.181529998779297e-05,-8.940696716308594e-07
-0.0006331205368041992,-0.0011330246925354004,-0.0001354813575744629,-5.131959915161133e-05,1.823902130126953e-05,0.0
-1.2695789337158203e-05,-0.0034256577491760254,-7.611513137817383e-05,-0.0005724430084228516,-5.0961971282958984e-05,-0.0020699501037597656
0.0001709461212158203,0.0019820332527160645,8.821487426757812e-06,0.0004684925079345703,9.435415267944336e-05,0.0008246302604675293
-1.5735626220703125e-05,0.0006217360496520996,2.6226043701171875e-05,0.00027316808700561523,-1.8894672393798828e-05,0.0
-9.059906005859375e-06,-0.0006868839263916016,-0.0001614689826965332,-0.005631625652313232
0.00042241811752319336,0.005383431911468506,1.5795230865478516e-05,4.738569259643555e-05,-1.2040138244628906e-05,-2.682209014892578e-06
7.027387619018555e-05,0.0002587437629699707,3.355741500854492e-05,0.0006917715072631836,-1.1324882507324219e-06,-2.6226043701171875e-06
0.00013113021850585938,0.00022345781326293945,-1.4960765838623047e-05,3.6597251892089844e-05,-2.9146671295166016e-05,-7.748603820800781e-07
-5.125999450683594e-06,0.0009187459945678711,7.62939453125e-06,0.00033932924270629883,-5.435943603515625e-05,-2.980232238769531e-07
0.003988921642303467,0.004670977592468262,0.004992365837097168,0.018302619457244873,0.00014990568161010742,-2.8431415557861328e-05
4.285573959350586e-05,0.001129746437072754,0.00011479854583740234,0.00030243396759033203,7.218122482299805e-05,-6.556510925292969e-07
0.0015530586242675781,0.0019760727882385254,7.486343383789062e-05,0.00012183189392089844,-7.212162017822266e-06,-1.9073486328125e-06
-0.0001004338264465332,-0.0006850957870483398,1.2040138244628906e-05,-9.5367431640625e-07,8.940696716308594e-06,0.0
0.001287698745727539,0.006289660930633545,0.002572357654571533,0.003460228443145752,0.0006898641586303711,-3.7610530853271484e-05
-0.000554203987121582,-0.0006753206253051758,-0.00035953521728515625,-0.0005341172218322754,-2.682209014892578e-05,1.7881393432617188e-07
0.0013254284858703613,0.001617133617401123,5.2988529205322266e-05,0.003454267978668213,0.0012364387512207031,0.0028291940689086914
-7.492303848266602e-05,-8.225440979003906e-06,-7.748603820800781e-07,-1.3053417205810547e-05,-3.337860107421875e-06,-0.0002199411392211914
-0.0022684335708618164,-0.0022348761558532715,2.1457672119140625e-05,-2.8133392333984375e-05,2.872943878173828e-05,6.616115570068359e-06
0.0018641948699951172,0.0004894733428955078,-0.00010544061660766602,0.0002092123031616211,-5.0008296966552734e-05,-3.0159950256347656e-05
0.0004399418830871582,0.0005855560302734375,0.00024253129959106445,0.00030153989791870117,-1.5556812286376953e-05,5.960464477539063e-08
-0.0013120770454406738,-0.006559789180755615,-0.00015240907669067383,8.702278137207031e-06,1.71661376953125e-05,1.5497207641601562e-06
-0.0002090930938720703,-0.0005741715431213379,-0.00023692846298217773,-0.0016319751739501953,-6.383657455444336e-05,0.0
0.0006646513938903809,0.0010033249855041504,1.2695789337158203e-05,0.00021916627883911133,1.5854835510253906e-05,-1.1920928955078125e-07
1.2099742889404297e-05,8.779764175415039e-05,-2.7418136596679688e-06,0.0003075599670410156,-6.556510925292969e-06,0.0
2.7418136596679688e-05,0.005103588104248047,0.0009843707084655762,0.0013576149940490723,0.00014126300811767578,-1.6689300537109375e-06
-0.0005066990852355957,-0.0012946724891662598,-0.00045865774154663086,-0.0012736916542053223
