0.011233717918917533,0.012124521004408605,0.03689055775851012,-0.0020926085859537084,0.04885862544178963,0.010832607746124268
0.004718233285211027,0.0013042349096387621,0.0002753626666963101,-0.0030980234220623973,-0.004445141926407814,0.00031457096338272095
-0.025260484042391184,-0.03203004413470626,0.0018499077484011644,-0.025260527804493903,0.0013299770653247833,0.005747750401496887
0.030135306827798487,0.003521541050821542,-0.0010130865797400483,-0.00025511763989925394,-0.01952563151717186,-0.0008001998066902161
0.0010803061202913535,-0.0005575250171124943,0.0014711441174149516,-0.0003898092359304428,-0.006526231020689011,3.314763307571411e-05
-0.018701575130298735,-0.04237918741181493,0.009192863695323468,0.0020970427244901657,-0.0006272949278354645,0.0001295730471611023
0.001132142932638528,0.0352632639490068,0.023923749469220636,-0.0011397293955087667,-0.0056623823940753935,-0.004732154309749603
0.0009005450468510393,0.0041794123761355875,-0.0008711530640721322,-0.0019909787923097612,9.448453783988953e-05,0.00010099261999130249
0.0021295739279687405,-0.007516250641644002,-0.010444797858595848,0.0019198073446750638,-0.004093496501445771,-1.5795230865478516e-06
-0.04447768353857101,0.0023879627697169807,0.034539434127509594,0.0008350331336259841,-0.0012001395225524902,-0.0011556968092918396
0.006072630604356525,0.00043969752639532215,-0.006227607503533366,0.0010864906013011953,0.01789180189371109,-1.4901161193847656e-05
0.00728771192099899,0.001648363440856338,-0.005685396526008845,4.336234182119366e-05,-0.0010454613715410233,-0.002142045646905899
-0.022877757221236826,-0.0002848489083349708,0.0015205991491675378,-0.009539372697472572,0.003310161083936691,-0.0002470836043357849
-0.003889173419475556,0.00022727048099040976,-0.0004411945939064026,-0.002030611336231232,0.0005345094949007034,0.0004431121051311493
0.002246268160045149,0.021674811086058614,0.00014379122853279113,-0.0032777974009513856,-0.0011035263538360595,3.2633543014526367e-06
-0.0007790080681443212,-0.01596045322716236,0.002202612906694412,3.876537084579641e-05,-0.009651370346546173,0.010111667215824127
-0.0002693585360050199,9.176059961318925e-05,0.0002948186397552493,-0.0012913769483566286,-0.0061954200267791745,-0.00017760694026947021
0.008689784279428422,0.00030199771784245955,-0.00019250274077057842,0.0001486119255423545,-0.0006263446062803269,-7.703527808189392e-05
-0.0037522309438884254,-0.0044714528009295465,0.0075416433662176124,-0.0009716054797172543,-0.008627662062644958,0.0004333779215812683
0.003120979095771908,0.003764471853524447,-0.0029294142350554464,-0.0032034625858068464,0.004666367173194885,0.0006253682076931
-0.0005020722070615742,0.0015856905867345627,0.003229412046261132,-0.005834770305082202,0.0007192139513790607,0.0010371757671236992
-0.0013467182084918022,0.0004946997538208962,0.002813038174062967,-0.0003725186921656132,-0.00010012276470661163,0.00030660536140203476
0.0023256286025047307,0.0029727534055709838,0.00347963809967041,-0.0008053570985794066,-0.00017768144607543945,0.0019437074661254883
-0.024607603953704236,0.001760955534130335,0.007176328457891941,-0.01131866954267025,0.0038644827902317045,-0.0010064318776130676
-0.0006706661944091321,-0.0010448718473315241,0.00017371173202991477,-0.0008694480359554292,0.0015328630805015566,0.0007000267505645752
0.012416627476103604,-0.00022051210813224325,-0.007571686755865812,0.0008092357590794565,0.003461045399308205,4.793331027030945e-05
-0.00013029372744262198,-1.0759698599577207e-05,0.0012138556912541394,-0.0012252318114042288,-0.005295415967702865,-3.481656312942505e-05
-0.00032304904440417874,-0.0009216091597452759,-0.0006639629397541284,0.0006567161343991756,0.00019211899489164354,-1.3133510947227478e-05
0.00011855563693214203,-0.0010129854436498136,-0.00031808426184579727,0.0001287337439134717,-0.00014575063250958918,2.458738163113594e-05
-0.000954105759570375,-0.002114521607104689,-0.0004654546240344643,-0.0008779785875231027,0.0008100236766040326,0.00012733694165945053
0.020790015735179187,-0.0020456175252795217,-0.009478720828890801,-0.0006468956172466277,-0.004569704830646514,0.0028240233659744263
-0.00036573921613395136,-0.0055489580385386945,0.0012782005742192275,-9.042374789714749e-05,0.002562714368104935,0.004781655967235565
0.00012130099091678827,0.0023408254269510504,-0.0008335314653813845,-0.0013165068253874776,0.0050779696553945545,0.000176258385181427
0.0035839413927495484,0.0009718907460570335,-0.004728900328278542,0.0028113006055355072,0.0037759408354759217,-0.00018680095672607422
0.020902267876323315,-0.003801886680163443,-0.007897516855970024,9.43517312407445e-06,-0.005765690840780735,0.0024625416845083237
5.0218649879097896e-05,0.0004915995158255101,0.00034234068542718875,4.403449594974512e-05,-9.708851575851484e-06,-0.0010154321789741516
0.00021032120343297762,-0.002140693912282586,0.003092950638383627,0.0006386538967490195,-0.0018795523792505264,3.4440308809280396e-05
0.0010871882350742806,0.0007012646630406379,-0.0017761012762784962,0.004802074879407883,0.007579149305820465,-0.0002352297306060791
-0.0006365394872426984,0.000394840341806412,0.002531836211681366,0.0029914271831512455,-0.0009750694036483765,-0.001238316297531128
-0.02326486875604838,-0.0009340819936245666,0.005707199681550265,0.0007557072117924697,0.009702678397297859,-0.00029705092310905457
0.0012038885091245175,-0.0006438859596848488,0.0032388923019170766,0.002489982098340988,0.0027885183691978453,0.0011001825332641602
-0.00017869161680340775,-0.012877232356369495,0.0015966108292341237,0.0013023571670055388,-0.00014436393976211557,0.0038051754236221313
-0.001074524211660027,0.0037822193704545493,-0.0005852108970284473,-0.013356942906975745,0.0013139717280864715,0.003161482512950897
0.003461667366698384,0.0011960510499775402,-0.003943461887538433,-0.0033916201442480086,-0.004823427647352219,0.0005678832530975342
-0.0008149666717089712,0.0007032439520582556,0.0011677382346242664,-0.0018812660314142709,-0.0014397108927369118,0.0002020951360464096
9.70354018360379e-05,-0.0006685644291341305,0.0004301969483494757,-0.00014348529279232028,-0.0018718302249908446,0.00010779500007629395
-0.0008598577108234165,-0.002216598626226187,0.0016141717508435251,2.981238067150142e-05,1.1838972568511963e-05,0.00332685187458992
0.003289175613299013,-0.0009571125291287898,-0.0010859094485640528,-0.0008737900108098983,-0.0037555985152721407,8.865445852279663e-05
0.0004802300279587504,-0.0019062692649662487,0.0023511869236826897,0.004055027887225151,0.0012862734496593476,0.000562615692615509
-0.001572896590083838,-0.00255383225530386,-0.0003076722472906114,0.002252516895532608,0.002505578100681305,0.0004785507917404175
-0.00522685435872525,0.0008950836408883336,0.000618850130587816,-0.0003090197965502739,2.561397850513441e-05,-0.002535831183195114
0.011522253224551676,0.016760848042368888,-0.008318132877349853,-1.7541646957397634e-06,0.003350923955440521,-0.003159038722515106
0.3907618382325769,0.4586688852697611,0.46375764480233195,0.625924281179905,0.5325022250413894,0.6758729517459869
0.0029937514773756267,0.017707029328495265,0.0009419085755944254,-0.002841690108180046,0.0005056403577327728,-0.0019890740513801575
-0.0021510667525231853,-0.028574038647115232,-0.0006644638627767562,0.003171051293611527,0.001630239188671112,0.00019855797290802002
-0.0005753706601262089,-0.0024575735360383984,0.0008441761434078217,0.0016882386803627014,-0.002321016788482666,-0.0012044906616210938
-0.021836200166195634,-0.06304286978691816,0.005174657955765725,0.010279970318078995,0.0013517692685127258,-0.0013666152954101562
0.02868652325600386,0.04147460043132305,-0.020058571964502333,-0.0019916060566902163,0.00010127127170562761,-0.004523277282714844
-0.0003626757384836636,-0.0637591010466218,0.008391028627753257,0.00373344287276268,-0.004191280901432037,0.00034572184085845947
-0.0008060240780562167,-0.0006839527063071723,0.0010694184377789493,-0.0047011183947324765,-0.0030467860400676732,-0.006216265261173248
-0.0003407626585662368,0.0018843479469418528,-0.0010669322460889821,-0.0014958052337169648,0.0014529660344123835,-0.004621729254722595
-0.0067068330661207405,0.016319996812194586,0.039481829173862934,-0.006511976867914201,-0.01250094622373581,-0.004953064024448395
0.004325664697140454,-0.008760741288959982,0.004112217232584954,0.0022066091001033787,-0.0018111363053321828,0.012542352080345154
0.00012686195246875418,-0.0021425624437630183,0.005896473400294781,0.010342732593417166,-0.002062750607728958,-0.0013529732823371887
-0.1257586714616418,-0.059935195246338835,0.012608735650777818,0.012439074218273165,0.031162121891975404,-0.007674485445022583
0.0411431659181416,-0.0025483117148280155,-0.012418243691325189,0.0011626924574375153,-0.004723693430423737,0.0016344636678695679
-9.635174820199445e-05,0.026395419300161302,0.0003031141068786389,-0.014323896113783121,0.00307364147156477,0.0020426753908395767
0.0017181988698244098,-0.0007711537301540376,-0.0005909593701362609,-0.003237883448600769,-0.0009690254926681518,0.0002022385597229004
-0.08468161904677748,-0.018850502966344357,-0.04964170919358729,0.008636105209589004,0.04302467256784439,-0.0036515146493911743
-0.08042419112160804,0.0043005147859454165,-0.0027457432299852385,-0.017213419228792187,0.018805281817913057,-0.003139093518257141
-0.05427996555790305,-0.004475594006478786,0.01729336000978947,-0.006940021365880966,-0.01669146865606308,0.0006423145532608032
-0.0010470251181721685,-0.0005524136334657669,-0.0013344875872135162,0.0001757600903511046,-0.0026101112365722657,0.000537872314453125
0.008340247566914186,-0.0013669925482012331,-0.003429068223573267,0.0031954241823405026,0.002867546956986189,0.0015954570844769478
0.06625112978875639,0.049533058518171295,0.00010661429166794033,0.005141972899436947,-0.04789018034934998,-0.0034273266792297363
-0.002111053956151005,0.03501270491480827,0.035629717051982875,-0.003318011164665222,-0.0006116092205047608,0.0008279681205749512
-0.0030078766335546983,-0.031067334677279,0.004323480233550073,0.00876188024878502,0.0033628746867179872,0.004952296614646912
0.001027497328366153,0.005835586905805396,-0.002155494381207973,-0.01969030123669654,-0.0038127706851810218,0.00237471517175436
-0.0005773148579150437,-0.0002592875607311725,0.0003708072230219841,0.00040589027106761936,0.0004153423011302948,-4.636496305465698e-05
-0.008088849077746272,-0.024528668534010645,0.007883640117943288,0.005320577695965768,0.008975986391305923,0.01166563481092453
-0.009730103276595474,0.006132743797451257,0.006203195609152317,-0.00131675086915493,-0.0019826434552669527,-0.0009412392973899841
-0.002133762746006251,0.008589320813119411,-0.002863662734627725,-0.012936892658472062,0.0010491713881492614,0.0011820048093795776
-0.00023422621961682877,6.038024164736386e-05,0.002283802453428504,-0.013319379948079586,-0.03459844253957271,-0.0026552490890026093
-5.975187271833501e-06,8.061548024415967e-05,-0.0011124873608350755,-0.00019316479563713073,-0.0003517016768455505,0.00010256469249725342
0.003670051448792221,0.004129376403987408,-0.00181195206940174,0.02834737226366997,0.004972450435161591,-0.013796165585517883
-0.002877046046704056,0.002759243185818193,-0.009946778818964955,-0.022538602799177174,0.014523763954639436,0.013107165694236755
0.000790035417173058,-0.0006585960691794753,-0.001643536141142249,0.0014423749782145022,-0.0009490339085459709,-0.0007849987596273422
0.001188014213182032,-0.0012417049165815125,0.004046631250530482,-0.0022400116547942163,-0.013889146968722343,0.0022655539214611053
2.6587365716695542e-05,-0.0017820340409874917,-0.000448272958397865,0.0010748772323131565,0.0029294654726982118,0.0006527304649353027
0.0010921750354766844,-0.002367473709583283,-0.0006450335383415223,-0.0002816769480705262,-0.0012978211045265198,0.0001200363039970398
0.0033556228268146514,-0.0009973506808280963,-0.011192842841148376,0.03220892667770386,0.03763805627822876,-0.007528245449066162
-0.03788034751430154,0.0004342431887984283,0.007577978357672694,-0.0006628198921680451,0.023033729195594786,-0.0006303414702415466
-0.001679481067359448,-0.016899954387545584,-0.004044501990079879,0.007009010612964631,0.00457448661327362,-0.0009299218654632568
-0.009922811382561923,0.00027311180084943964,-0.008457663610577584,0.005563775748014451,0.030876640975475312,-0.0035520344972610474
0.0014920669463276861,-0.00014751457870006553,-0.005589459270238877,0.001312059462070465,0.0028430640697479246,-0.00014294683933258057
0.046182692866176385,0.07589371758550406,0.007141831383109093,0.023043870776891708,-0.025519563257694243,-0.0015388578176498413
-0.000341207323260608,0.015043110717460511,-0.031784204620867965,-0.09597985368221998,0.0044118031859397885,0.0024808794260025024
-0.002353868468105793,0.0003760483711957932,0.0011719213426113128,-0.0009109690785408019,0.00041128695011138916,0.0005321204662322998
0.010036268550753593,0.001685223335027695,-0.005785989701747894,0.0020607197284698486,-0.0006526201963424683,-0.0018229186534881592
-0.008903189946413042,0.0018823897957801834,0.0010318564176559466,-0.01739025592803955,0.007041546702384949,0.00770983099937439
-0.0024162418005801724,0.0030915295517072094,-0.0005572490189224488,0.010716627892106773,-0.004473062045872212,-0.009234102442860603
-0.051274985913783315,0.0014684257194399826,0.01600678400695324,-0.006418690234422683,0.008170919120311737,-0.0012792795896530151
0.009668206308782096,-0.024666532173752788,-0.03542933121323585,-0.003436376154422758,0.013264760375022888,0.006419569253921509
-0.026850529206693174,0.003297386685013772,0.019593286424875258,-0.005851020514965056,0.018812975287437438,-9.050965309143066e-05
-0.013003606625050304,0.0008047244861721992,0.009497654870152474,-0.006078186482191086,0.0021180644631385807,0.002101525664329529
0.04267804086267948,0.019664215379953384,-0.017138253390789036,-0.029550272822380062,-0.010073238611221313,0.003575921058654785
0.002423816896677016,0.001191688883304596,-0.002888989329338073,-0.010728923678398132,0.0035794347524642943,0.0012219250202178955
0.007428851386234164,-0.0038311170645058163,-0.010831205613911151,0.001632630750536919,-0.0041630037128925325,0.004385329782962799
-0.08715047588348389,0.0006888403892517083,0.02549620628356934,-0.005598342418670655,0.03174087405204773,-0.0003261864185333252
0.0010275554592907422,0.004115238447487353,-0.004968312427401542,-0.0007268588244915008,0.004210974276065827,-0.0016499608755111694
-0.000986102952212096,-0.010030323414504527,0.0014605520516633988,-6.985351443290679e-05,-0.0018072590231895443,0.004838868975639343
-0.02742537478119135,0.0033354138940572746,0.0014838052690029143,-0.0006458082795143126,0.0024449914693832394,-0.0012871026992797852
0.0016385326708853246,0.0013808585897088054,-0.0004052809327840805,-5.8601796627045285e-06,-0.0013069853186607361,-0.001989111304283142
0.001529773545414212,0.0337124759092927,-0.015296721443533893,0.003812981992959978,0.02917501479387283,-0.025738045573234558
0.033180938886106015,0.02265254019200802,-0.008203168064355853,-0.012516798079013824,-0.026659801602363586,-0.005420893430709839
-0.02317942868985235,0.0022550899527966992,0.022896644555032254,-0.003944771066308021,0.00440361425280571,-0.0011029168963432312
-0.009273692215085031,-0.013479970389604568,0.0015181385874748232,0.016397876143455507,0.007318520545959472,-0.0037876665592193604
0.012322507071942091,-0.033826025803387165,0.010811038061976435,0.013786910027265549,-0.01616307646036148,0.004064396023750305
0.04575918190225959,-0.0030213144913315785,-0.017029725566506386,0.004738063663244248,-0.014941509068012237,0.006612643599510193
0.00163354377284646,-0.0026111922845244396,-0.011251521572470665,0.004465913921594619,0.00896744281053543,-0.007024094462394714
-0.2779041967457533,-0.39811526643633843,-0.2784233171343804,-0.4635792726278305,-0.31788230538368223,-0.5585055947303772
0.12469054389871659,0.01472045154348016,-0.0335970971211791,-0.002711804732680321,0.009381545335054397,0.003621526062488556
-0.024370597279667866,-0.08970770733952521,-0.04951992517709733,-0.0017622762918472201,0.0559794843196869,0.10184651613235474
0.008706460822336386,-0.0054426707286387745,0.011236279379576438,-0.004555004425346853,-0.05544868893921375,0.027899187058210373
0.008989945049956448,0.06563615881279111,-0.007085372917354111,-0.028570986911654474,0.015154365450143814,6.984919309616089e-05
0.006606323042511946,0.07861998072266578,0.017377744019031523,-0.045775362849235536,-0.021125584840774536,0.0021836161613464355
-0.0048915839661285345,0.01125954682417214,-0.015390558432787659,0.001244149394333361,0.03767762668430805,-0.004550661891698837
-0.0005285496634244886,0.045520524722337724,-0.0004704014658927936,-0.0019443053007125854,0.0035651504993438714,-0.014955580234527588
0.003646741531789302,-0.000981263294816017,-0.0026673652231693273,0.0014450177550315853,-0.0033473223447799683,-0.0006954371929168701
0.0074974841555953044,0.014507251390814786,0.030102666229009634,0.06902806848287582,0.02249898612499237,-0.019198864698410034
0.04040851553499698,0.004843929964303971,0.011433075487613678,0.006857724785804749,0.016910237073898316,-0.000672459602355957
0.03969027495138348,0.003940690951794385,-0.01843209410458803,0.004236476346850395,0.006782075017690658,0.002837054431438446
0.000376708726044752,0.050588843013905,0.08014156231842934,-0.015123360995203255,-0.07079089600592851,-0.007885342463850975
0.0628205790655315,0.003573020248115061,-0.016576278045773506,0.0023881314694881436,0.0001742407679557799,-0.0015622526407241821
0.008357569091618064,-0.007474174639582634,0.004822373896837232,0.0002585688233375557,-0.026396343111991884,0.0009561479091644287
-0.07540416059941055,-0.028994274780154226,0.007391359359025957,0.009856219589710235,0.03770400583744049,-0.007841438055038452
0.0006965714071691005,0.06790325237363576,-0.007477400556206704,-0.012001227289438247,0.00452831834554672,-0.037268444895744324
-0.0029465427909791467,-0.0009058107838034637,-0.0024526969045400616,-0.004314477294683457,-0.0053029701113700865,0.0025587230920791626
-0.1012050263288617,-0.06285326924622059,0.002419658869504934,0.04783661097288132,0.06261247098445892,-0.00574377179145813
0.042959140683412556,0.09346531711816787,0.014172266840934752,-0.017355204820632936,-0.04831598997116089,-0.002726137638092041
0.029870841972976923,-0.0022622897967696223,-0.01595961879193783,0.0026658858358860026,-0.0015066966414451592,0.010137960314750671
-0.03826217077046633,0.0030840632885694476,0.02677619430422783,-0.01933783322572708,0.0008496969938278198,-0.00035437941551208496
0.390837857080102,0.2851022050917149,0.2845062995553017,0.5414082700014116,0.5561048448085786,0.5126350522041321
-0.04569763036429882,-0.06484621202349664,-0.08496585196256638,-0.06684567868709564,-0.0181893765926361,0.09806042909622192
0.005404581540375947,-0.006565545539557934,0.0006507783681154247,-0.0021327535808086393,-0.004076604545116424,0.0038016289472579956
-0.011128220584541569,0.049907536278665066,-0.011509564772248267,-0.027078585773706434,0.03743297308683395,-0.005247041583061218
-0.0002300489816069659,0.02412679583132267,-0.006705326169729232,0.00652659565210343,0.027903822064399716,-0.048696666955947876
0.009120737138688556,0.0008424174159765276,-0.04465159979462623,0.007773238122463227,0.043718072772026065,0.0029173195362091064
-0.0018602222849428665,0.004499928747117521,-0.0009639709144830706,-0.0011434818804264071,0.004613320529460906,-0.002863958477973938
0.0005406927999854075,0.0026828924745321272,-0.0018124801218509677,0.008370951116085055,0.006301817297935485,-0.009500652551651001
-0.1297520705792308,-0.00906960928142072,-0.08970792385935783,-0.0925922867655754,0.08988067209720613,0.05858185887336731
0.015163515250980857,-0.023897219321131705,0.01895832946896553,0.00874118596315384,-0.018947222828865053,0.0033705830574035645
-0.22527206485658885,-0.1393401020675898,0.014825745433568953,0.02909039348363877,0.0967443197965622,0.01985141634941101
-0.04061503551930188,0.0382004033356905,0.047368136912584305,-0.009063368737697603,-0.004421892762184142,-0.028099238872528076
-0.005899479783773424,0.0017304985642433166,0.0033906399011611956,-0.00730322480201721,0.015621531009674072,0.0036720633506774902
-0.04807887042373418,-0.008080343016982074,5.956092476844873e-05,0.03027881294488907,0.012122371792793274,0.00033101439476013184
-0.017336784086227384,-0.0022609347343444663,0.02240183019638063,0.2332033610343933,0.03301128149032593,-0.04357808828353882
0.099990304120183,0.03722985122799873,-0.01787458819150925,0.0058220607042312605,-0.03321747183799744,-0.03701585531234741
0.007323911109864708,-0.05554932099878787,-0.00127775517106056,0.019186359345912934,0.04196456372737885,0.02384808659553528
-0.0008078779768943787,0.0029533973455429076,0.003434206724166871,8.329272270202626e-05,-0.00013135075569152836,-0.0009569823741912842
-0.04758143302783369,-0.12168984310477972,-0.016322485789656636,0.028812612444162368,0.03247416168451309,0.015440568327903748
0.030553401130139827,0.0024614407151937467,-0.010860355526208877,7.324546575546284e-05,-0.021529439091682433,0.001969665288925171
-0.12408119307577613,-0.0007757529795169799,0.03621432679891586,-0.01474452793598175,0.0023597061634063722,-0.002002894878387451
0.0012460218530148262,-0.00013122772052884084,0.0026077107712626454,0.001408780738711357,0.0005857013165950775,-0.0027243420481681824
0.01149597879856825,-0.0052404059678316135,0.0171832956969738,-0.004125743210315702,-0.035578110814094545,0.01597502827644348
0.0065999609038233705,0.11966105763614177,-0.023445691615343094,-0.04506200104951858,0.03186444938182831,-0.01524612307548523
-0.009357354455888273,0.01394567510187626,-0.013460178941488266,-0.005366161763668059,0.025094929337501525,-0.0025242865085601807
0.016783704164326195,0.0007586896449327461,-0.03321454259753228,0.0011301997303962707,-0.001168343424797058,-9.414553642272949e-05
0.09115608598291873,0.15054526224732398,-0.04327682107686997,-0.01638542115688324,0.0016017258167266846,-0.06873726844787598
0.003267736321687697,-0.03218150681257248,0.015673250555992127,0.014699929952621458,-0.026902347803115845,-0.0007134675979614258
-0.04951966963112356,-0.07895170441269878,-0.08527561515569687,0.0339140385389328,0.07135576009750366,0.004200190305709839
-0.00440558808356523,0.06960276081264019,0.007055603951215746,-0.05611178666353226,-0.00564592182636261,-0.003897041082382202
0.02235423894524574,0.025097025454044332,-0.014824621081352234,0.02706859707832336,-0.009955286979675293,-0.023488998413085938
0.031621338126659404,0.07456017997264862,-0.006804781198501587,0.0016006970405578612,-0.01126178503036499,-0.0016344189643859863
0.024027548266053193,-0.040887040084600444,-0.053189310967922204,0.09249094069004059,-0.008179181814193725,0.0072678327560424805
0.07893043782025576,0.003572040417790411,0.0035790531933307616,0.004103849232196804,-0.033262261748313905,0.006235629320144653
-0.0077940582527220225,-0.005186041118204594,0.007015544041991234,0.0004636941850185384,-0.013072027266025544,0.0025093406438827515
0.11055001999557021,0.1605089879214764,0.015952054679393774,-0.025156996846199042,-0.09119864106178284,0.0013195276260375977
-0.12552000712871553,-0.061850367116928096,-0.022512771606445308,0.014213116168975831,0.05000458955764771,0.03419619798660278
-0.08831590830177069,-0.003931692561507228,0.005599137455224996,-0.006045802533626557,0.06890898048877717,0.003663986921310425
0.05448995386600494,0.17424855635166167,0.12653033220767976,-0.03250673651695252,-0.03716830015182496,-0.021314263343811035
0.015680532995462425,-0.016136181747913377,0.05356153553724289,-0.010625644624233242,-0.08664558231830596,0.006354689598083496
0.03104488749027252,0.05029604058265688,0.10801441383361815,-0.01079968929290772,-0.02668564319610596,-0.04161965847015381
0.05217920777499676,-0.005121672183275219,-0.04972907572984694,0.03679626882076263,0.09176018834114075,0.0030678510665893555
0.014569720427431165,-0.02232334453724326,-0.0018652825318276889,0.05480738680809736,0.005135729163885116,-0.01591450721025467
0.007360616548955434,0.06930789376199245,0.021507972091436383,-0.040606068670749666,0.002520462870597839,-0.005766361951828003
0.00390317776784301,0.0019661970600485805,0.0037515204995870596,-0.0020489050447940827,-0.01019647866487503,0.0056509822607040405
-0.0016246400083601495,0.0008587250217795377,-0.006747012987732889,0.017966456264257434,0.00959751456975937,-0.03087957203388214
-0.03449557492017745,-0.03994628531932831,0.034406750917434684,-0.08428312063217162,-0.009971666336059566,0.04608559608459473
-0.0010635573238134445,-0.040319928258657455,-0.016659706532955166,-0.005549821257591243,0.04801097512245178,0.035863518714904785
0.0012583931860327725,-0.0032555173307657237,0.010118119090795517,0.0015854749083518984,-0.006337705254554749,0.00023040175437927246
0.0016219988071918484,-0.0017512093424797062,0.005017358899116517,0.0025213634967803968,0.0038402915000915524,0.015688300132751465
0.006581157601773739,-0.01139971927702427,-0.013566020637750625,0.008963938653469086,0.010239908099174501,0.005599766969680786
-0.005835057814419272,-0.02624011869728565,-0.027430530339479443,0.028550629317760465,0.027084454894065857,-0.004819780588150024
0.0358725017902255,-0.013641038802266116,-0.03307605150341988,0.016297230422496794,-0.01630825102329254,-0.006705790758132935
0.01766326189696788,-0.08514236343502998,-0.04228809291124344,-0.006930494904518126,0.0127330482006073,0.01228863000869751
0.008019835532158612,-0.16082020183354614,-0.0382610833197832,0.04378093883395194,0.004833523929119107,0.0885651558637619
-0.08804803785860539,-0.07393346558213235,-0.10738235193490983,0.023325290083885192,0.010681313276290898,0.044474780559539795
-0.005474945905655636,-0.1335081814095378,-0.01740827558934689,0.029847285002470025,0.1081485614180565,0.0732189267873764
-0.06076521483808756,-0.10240774251520632,0.02661964520812035,0.05400707572698593,0.018612965941429138,-0.0010640919208526611
-0.008928382402062413,0.0019072890222072564,0.020434326589107512,-0.03818382084369659,-0.020351821184158323,0.02149873971939087
0.02503972802430391,-0.06310125684440136,-0.04918299886584282,-0.028655945956706994,0.006960299611091611,0.0798926055431366
-0.005622355746310202,-0.0025322148723527834,0.01202704900689423,-0.022996633481234312,-0.02180716972798109,0.013918189331889153
0.0002658175462484354,0.0017001680791378041,0.003469128549098971,0.007999295592308045,0.022894138097763063,-0.002776920795440674
0.008816872110068805,0.1348869713038206,0.020493358582258217,-0.058138006031513215,-0.02041206657886506,-0.125986248254776
-0.009809412733316421,0.003990521943569183,-0.010826465249061584,-0.011122521162033081,0.0028156280517578126,-0.002534925937652588
-0.01974473193734884,0.0010890011936426115,0.01898016586899758,-0.05667598098516463,0.0027778297662734985,0.04135206341743469
-0.01204006985515356,-0.11670505686700344,-0.021270212024450293,0.11085361629724502,0.016957393288612364,0.04670003056526184
-0.13517178866922858,-0.09331046181321143,0.017179067075252547,0.09162246644496919,0.12193261981010436,-0.021250486373901367
0.007744905513525009,-0.005669563829898832,-0.005760987401008608,0.013029652833938598,-0.018813788890838623,-0.00987619161605835
-0.0231378555971384,0.031958434242010114,0.03294299405813217,0.024648489356040953,-0.009461838006973266,-0.024607598781585693
0.004716149302572017,0.023448391459882256,0.0007808359712362274,-0.00246996656060219,-0.01685900241136551,-0.02436108887195587
-0.028149101756811123,-0.04708058704137804,0.04647432577610016,0.04715977787971497,-0.11438821554183959,0.04167187213897705
0.08041288344681263,0.1153374257862568,-0.02560692328214646,-0.017421237826347354,-0.04690493941307068,-0.005855977535247803
0.01105788054287434,0.01290198500752449,-0.003322668254375459,-0.014488903880119324,-0.027052658796310424,0.01109856367111206
0.005356256543993954,0.07446647173762322,0.11577361696958542,0.02179761588573456,0.017755383253097532,-0.028134524822235107
-0.003961613993644718,0.06840839295387267,0.0030913872718811037,-0.018222804069519042,0.006904673576354981,-0.020607829093933105
0.0010010417681932324,-0.030181229513883592,-0.014921460330486296,-0.08060545146465302,0.019291800260543827,0.0663556456565857
-0.015462193579673766,-0.046586365270614626,-0.016055273532867433,0.03990704536437988,0.04751842021942139,-0.0021271705627441406
-0.003489398892223834,0.0032129619568586378,-0.01758727386593818,0.0632760927081108,0.08235339820384979,-0.03972068428993225
-0.01683979504227638,0.008074682366847993,0.00731717813014984,0.012791479825973513,0.008954334259033202,-0.007066011428833008
0.0983492377269268,0.0886025961756706,-0.0322270132303238,0.007966388463973989,-0.04846812486648559,-0.0968705415725708
-0.0005011408118903611,-0.02655097164362668,0.0033187279254198072,0.05942169263958931,-0.009667007625102997,-0.015057787299156189
-0.0012751281517744094,0.05173377855420113,-0.009820211112499238,0.005835970044136045,-0.004406350851058963,-0.047004640102386475
0.10857366483986379,0.0063013915836811095,-0.11612198036909104,0.02471668541431427,-0.004632395505905151,-0.00012475252151489258
-0.010639428163170813,0.04024611682295799,-0.004686031401157385,-0.0041417652368545554,-0.00708300471305847,-0.04649245738983154
0.027541455336809153,-0.01501080425977707,-0.04401773250102996,0.015489557981491089,0.004707419872283937,0.021535217761993408
0.008672990116477014,-0.0031166190207004563,-0.047990928292274485,0.017248202860355374,0.02227778732776642,-0.01241140067577362
0.07294510888755323,0.3168162271678448,0.3218060252070427,0.4269757002592087,0.5559816658496857
-0.04140955172717572,0.029334426337480544,-0.016746917903423305,-0.06941071212291718,0.0943537712097168,0.00024953484535217285
0.007857858911156654,-0.027515491098165513,0.005051471292972566,0.023596957325935364,-0.021737366914749146,0.0029164552688598633
0.0113657339695096,-0.009426979634165757,-0.016599825590848924,0.04385257035493851,0.002132359147071834,-0.04780206084251404
0.11145757912993431,0.046810168683528906,-0.027438712716102605,0.010703986883163447,-0.1442909836769104,0.012020468711853027
-0.03037389628738165,-0.15899985490739346,0.024624605327844624,0.010461629927158359,0.031359925866127014,0.024403482675552368
-0.0029313355863094287,-0.00929565232992172,0.00556739389896393,0.007854062318801877,-0.05643683671951294,0.004169940948486328
-0.07397684361398223,-0.044073362106084826,0.09439406687021257,0.004498935341835025,0.03699796795845032,0.005186855792999268
-0.004307430306673048,-0.008201777184009548,0.02765059554576874,0.028116372823715208,-0.013927853107452393,-0.01721644401550293
0.0003112093997001686,-0.007910580945014957,-0.012378396272659303,-0.0075709176063537605,-0.039791989326477054,0.014859914779663086
0.0075702387541532554,-0.005231000930070879,-0.056210930645465854,-0.039594367146492004,-0.04143849015235901,0.017576515674591064
-0.05852722293078899,-0.00043245560526847596,-0.0007965433001518273,0.011029523015022276,0.015729910135269164,-0.018321335315704346
-0.0008298641917109523,-7.603618502613832e-06,-0.026367576092481616,0.007644095718860629,0.025738123059272765,-0.015693336725234985
0.015040539450049399,-0.027696663862466813,-0.006890688478946683,-0.032681728005409236,-0.012707406282424928,0.04251176118850708
-0.010068246961832054,0.08986313117742536,0.02484607446193695,-0.048810445070266724,0.017305719852447506,-0.049506306648254395
0.030283962766528148,-0.01895145676732063,0.027385706126689925,0.1279132503271103,-0.06620230078697205,-0.0069890618324279785
0.12853219168692828,0.04942220733463763,-0.041319244593381876,0.0003826358914375272,-0.020735689997673033,0.025400906801223755
-0.0644082655671239,-0.007168510463833804,0.04571373936533929,0.0567152950167656,0.01179825961589813,-0.035742491483688354
-0.013323040766716001,0.002409250688552855,-0.0017194933891296386,-0.002614479064941408,-0.014638018608093262,0.004260659217834473
0.038365931243002416,-0.019388065370917317,-0.04483045873045922,0.02966888815164566,-0.04411446750164032,-0.02884480357170105
0.003516163378953937,-0.0182297870516777,0.013392165303230282,-0.0014744699001312256,-0.007482469081878662,0.022807419300079346
-0.0006323506404459483,0.0015122305497527128,-0.008024207845330238,-0.000959857851266861,0.004392813146114349,-0.004251405596733093
-0.01039363737344743,0.015311751151084893,-0.007284975290298465,-0.23772445678710935,-0.03330131769180297,0.0741126537322998
-0.0441557186704874,-0.03905727000832558,-0.04645428758859635,-0.04330069601535797,-0.037036281824111936,0.008653819561004639
-0.09883999029636382,-0.037249781465530395,-0.018950411319732657,-0.04664541244506836,0.05324170589447021,0.0553663969039917
-0.055242102615833275,-0.06838200409412384,0.04665476393699647,0.005505220890045175,0.07123346328735353,0.051672935485839844
0.011218270521163944,0.005275563907623289,0.01086339521408081,-0.002903108596801757,-0.019518208503723142,0.010139167308807373
0.010155707292556762,-0.037252075481414786,0.03394053268432617,0.02317432880401611,0.004763650894165038,-0.016807198524475098
-0.09814215972542763,0.014265298020839687,0.0017984699010849016,-0.028710542917251586,0.012889969348907472,0.014799952507019043
-0.057982736059427276,-0.060803286707401275,-0.08519132101535797,-0.044762769937515254,0.04159823656082153,0.045140624046325684
-0.031126087081432337,0.12394772064685823,0.1239212143421173,-0.014488565921783448,-0.011174798011779785,-0.024749040603637695
0.0028824406278133395,-0.0075887091279029815,0.06002542626857758,0.052516363859176636,0.03220487833023071,-0.009873032569885254
0.02247132380306722,0.14965393498539925,-0.011498670279979709,0.017923071980476372,-0.0005684792995452881,-0.06701141595840454
0.005420013376772404,0.007606180849671363,-0.0065381136834621436,-0.005704104602336884,-0.016849520802497867,-0.009589463472366333
0.006284558975249521,-0.005868878404796118,-0.009568578049540519,0.024472435265779496,0.08187523037195206,0.02635766565799713
0.012036481439471221,0.023040218418836585,-0.1308149946331978,-0.009791415333747864,0.01936411261558533,-0.006720364093780518
-0.035245399412512785,0.04738140907883644,0.04501913219690322,-0.032721909880638125,0.009790092706680298,-0.04040628671646118
0.13205157457709316,0.0682725369811058,-0.11880390512943267,0.0185640799999237,-0.08269332647323609,-0.02513599395751953
-0.03063549623608589,0.013702092063426971,0.06614115226268769,-0.03726999640464782,-0.008404207229614257,0.010341823101043701
-0.12249931410789493,-0.20402355012893675,-0.14057014846801758,-0.18259550094604493,-0.06270840167999268,-0.13599252700805664
0.00396395814716816,-0.004143570393323897,-0.005069744288921356,0.005678322911262513,0.0014454424381256104,-0.0033167004585266113
0.002211675993502138,-0.02433271766602993,0.0201395312845707,0.0014745703339576737,-0.06256791055202485,0.016600698232650757
-0.08636708377093075,0.04999593100845814,-0.002606740683317184,-0.049146403968334196,0.028170159459114073,0.002092510461807251
-0.0017958641797304158,-0.001885003596544265,-0.08400202542543411,-0.005620196461677551,-0.013435035943984985,0.013405978679656982
-0.00587890461981297,0.00260030874609948,-0.034736100733280185,0.006428787112236024,0.05378267168998718,-0.006915628910064697
0.04158734853506088,-0.021039119744300838,-0.0252679226398468,0.046619150638580326,-6.148815155029332e-05,-0.013078689575195312
0.0032048067456483843,-0.004600105351209639,-0.006369482219219206,0.004908960461616516,0.007715469598770141,-0.00692373514175415
0.09703092786490916,0.027126725214719767,-0.026421750366687775,0.07656326472759248,-0.052832800149917605,0.0022377371788024902
0.059342998817563046,0.06629939272999764,0.010581429302692414,-0.026621028780937195,-0.030422061681747437,-0.01787930727005005
-0.00043327090919018096,0.029346209126710897,-0.0016437842249870348,-0.035991875529289244,0.015152794122695924,-0.028038442134857178
-0.0028516534471511833,-0.006739683008193966,-0.03228267812728882,0.013370814323425295,-0.009778404235839845,-0.0442502498626709
-0.0020489035892486563,0.03164503984451293,0.014761664390563959,-0.05935439586639404,0.05666894912719726,-0.01909923553466797
-0.015583706877231599,0.020291194891929626,0.035188248395919795,-0.029016544818878172,0.016728782653808595,0.0009063482284545898
0.015392961704134938,0.12384050709605217,-0.014348100483417513,0.02965038478374482,0.0033152043819427504,-0.042367517948150635
-0.0446891996639967,-0.013537761610746383,-0.0073783232569694535,-0.016562787890434267,0.03957937359809875,-0.0031737685203552246
-0.04585766972661018,-0.019625890934467316,0.02038685405254364,-0.00955438256263733,-0.023994243144989012,0.024927616119384766
-0.028162699561119078,-0.0237837562084198,0.010435633182525633,0.0046439218521118165,-0.0005167007446289064,-0.0035620927810668945
0.0462075179809332,0.03505498237013817,0.012903611600399016,0.03031112611293793,-0.004353171586990357,-0.014718115329742432
0.04974282739520074,-0.01205622092485428,-0.04444366180896759,0.005097063779830933,-0.053088033199310304,0.010981202125549316
0.041956323063969625,0.06499921577572823,-0.007059515655040743,0.0022590810060501045,-0.0650310456752777,-0.03582721948623657
-0.045818669538497905,-0.010601329517364498,0.05454985332489014,0.10586107254028321,0.07999844551086426,-0.0322033166885376
-0.057004938991665845,-0.056716678839921965,-0.056060219585895535,0.025378968119621273,-0.05263074040412903,0.0027193427085876465
0.11050881120741365,0.05966273913979531,-0.011440604150295262,0.02261701643466949,-0.033449691534042356,-0.03038126230239868
-0.0005247169739007922,-0.0030867450773716014,0.04348496669530868,0.0012228673696517952,-0.042277222871780394,0.009390771389007568
0.03925871367275714,-0.0012206422507762887,-0.02364973086118698,0.009709818959236146,-0.0196248471736908,-0.013116419315338135
-0.0929200563943386,-0.14406706603765487,0.03603701555728912,0.07797233223915101,0.008458936214447021,0.0013027191162109375
0.0038048752552270887,0.02214082174897194,-0.009313003957271578,-0.010848063826560974,-0.03666734099388122,0.01828664541244507
0.05736846475899217,0.04224585989117622,0.0021658948063850427,-0.1616329163312912,0.027819782495498657,0.00499039888381958
-0.08029217290878296,-0.07274019241333006,0.05509204864501954,0.04357326030731201,0.022214055061340332,-0.011444091796875
0.000817708309292807,0.0267245285332203,0.07037846165895462,0.07469923317432403,-0.03910295367240906,-0.0638236403465271
-0.0002782127612829255,0.14195683031678202,0.05048761135339737,0.07775767385959625,0.013780480623245238,-0.035908281803131104
-0.019160165323615072,0.03665227146744727,-0.020134841382503512,-0.011333994269371034,-0.05895640254020691,0.0030704140663146973
-0.05433737362086772,-0.06658910738825796,0.08227402383089066,0.09225150406360626,0.009852939844131468,-0.027729809284210205
-0.0024938969409465843,-0.01476100071668625,-0.06106161391735077,-0.023345741033554083,-0.07536653280258179,0.009493589401245117
-0.07937507847905158,-0.20326785489320753,-0.10444824612140657,0.06507590174674988,-0.023243463039398192,0.043900370597839355
-0.06537262677729129,-0.117225824457407,-0.005158052027225493,-0.012400994896888732,0.021490377187728883,0.006015479564666748
-0.005712509635686858,0.09528312364816666,-0.05191044366359711,0.013850680589675902,-0.03759709596633912,-0.02003633975982666
0.10977398016572,0.01118731342554093,0.11464483034610748,-0.045355619192123414,-0.027049648761749267,0.0071697235107421875
-0.057207987534999845,-0.019213806509971617,0.009954096078872682,0.034127104282379146,0.01067650318145752,-0.006060600280761719
-0.032277715547084807,0.01345023806095124,0.07602026391029357,-0.0009459662437438978,-0.02591402530670166,-0.019262313842773438
-0.16239375561356545,-0.03684071136713029,-0.018860868096351624,-0.05866751790046692,0.004687798023223877,0.006044983863830566
0.027485937792062765,0.10497301918268204,0.020119615197181702,0.000793081521987914,-0.0036011338233947754,-0.01716136932373047
0.005920196511745448,-0.03500710489749909,-0.12256633973121642,0.0019473528861999514,-0.019398188591003417,0.011389613151550293
-0.05294702171087264,-0.03856563699245452,0.08475031971931458,0.033645260334014895,0.005287051200866699,0.03241896629333496
-0.045067043669819846,-0.0329543170750141,0.02603943508863449,0.04111397445201874,0.06248156428337097,-0.011087477207183838
0.08019333342373369,0.061119786673784246,0.012158941090106961,-0.013728792071342467,0.0769519865512848,-0.005268514156341553
-0.009578326119780555,-0.01636191515326501,-0.058553575456142426,-0.08551054418087006,0.04344378113746643,0.0202675461769104
-0.00944317050457001,-0.01484010691642761,0.03299450349807739,0.010182719230651855,0.006748747825622558,-0.000659942626953125
-0.010335398074984549,0.014697498351335525,-0.046766459643840796,0.01691725552082062,0.02108040452003479,-0.0013962388038635254
-0.19508497844576836,-0.13296046665906908,0.03669835007190705,-0.07481229662895203,0.03687957525253296,0.03751182556152344
-0.08252786399722101,-0.0771450201869011,-0.0018691796064376834,-0.001038950681686402,-0.01754838228225708,0.013840198516845703
-0.060134136661291124,-0.023296170747280118,-0.00840173089504242,-0.015278104543685913,0.0012407660484313964,-0.0024477243423461914
-0.0032920939964056054,-0.07112630023360252,-0.004099097669124602,0.02237237513065338,0.003929811716079712,0.0012187361717224121
0.02154042046725749,0.04665562092661858,-0.036850344479084016,-0.052741182446479795,-0.05601685643196106,0.0041013360023498535
0.06336931590437889,0.10196657317876814,-0.06705984652042388,-0.013555389642715458,0.00423353910446167,-0.047086477279663086
-0.025243516218662262,0.011197201132774351,-0.03827433705329895,-0.0023406624794006315,0.04586029052734375,0.006865859031677246
-0.024549669134616852,-0.01625770342350006,-0.06705688118934632,-0.03055180311203003,0.012298345565795898,0.008894205093383789
-0.17336155795931815,-0.005882071387767795,-0.006926045298576359,0.006473146677017212,-0.040044891834259036,0.0003336668014526367
-0.18226354790091517,-0.06560450872182846,0.008459024071693418,-0.07232428431510926,0.007098042964935302,-0.0012018680572509766
-0.008292107271552085,-0.0009826471269130765,0.04057724720239639,-0.028432459235191346,-0.05850278735160828,0.0004755854606628418
0.030645111613273626,0.03251397986412048,-0.003165134906768798,0.01820973873138428,0.011557984352111816,-0.0030611753463745117
0.03346749010443688,0.0032731765151024182,0.1968502858877182,0.1909011447429657,-0.009797298908233644,-0.033020734786987305
0.010996342556476593,0.07859786446094513,0.016652368783950804,0.02680059194564819,0.002715873718261719,-0.007691860198974609
0.0068498362278938425,-0.013274405932426445,0.09113519883155823,-0.007400319576263428,-0.014436030387878418,0.004224419593811035
0.01212650409817696,0.013136266243457796,-0.054443215250968936,0.01888191819190979,-0.02722991704940796,0.002027273178100586
-0.03172578546464444,-0.11178370022177694,-0.0508675498366356,-0.06524522244930267,-0.03318483233451844,-0.1164429783821106
0.01568155947566032,0.01528500918149948,0.028733273386955263,0.002763227224349975,0.017178142070770265,-0.0019063949584960938
-0.034701440787315366,0.010909797906875612,-0.017402765750885008,-0.013855957984924321,-0.05377388000488281,0.004451274871826172
0.02900407861888409,0.11918403651118277,0.09540659350156785,0.068115593791008,0.0655523955821991,-0.006935417652130127
0.03380830779731273,-0.01553533590435982,-0.02508684569597244,-0.021872747540473934,-0.01487916111946106,0.011258065700531006
-0.010285564898252485,-0.0008489121317863512,0.03342904102802277,-0.06726375937461854,-0.011558640003204345,0.015365958213806152
-0.005412522136569018,0.05738304370045662,0.019960583508014676,-0.02189238727092743,-0.00024175047874450692,-0.0031215548515319824
-0.1789175784444809,-0.10472071566581725,-0.037609475612640386,0.010600600242614748,0.029991769790649415,-0.011620759963989258
-0.004510366367101677,0.1134973505616188,0.033187506318092336,-0.07591055750846865,-0.08087157011032105,-0.10956299304962158
0.04940152248859406,-0.017529261541366588,0.0026721949577331525,-0.06472594261169434,-0.03465812206268311,0.0222550630569458
-0.047051669853329654,0.018794137352705,0.01840924566984177,-0.01071387588977814,-0.07684999108314514,0.004783809185028076
0.00531708910167217,-0.02631936123967171,-0.001406643688678741,-0.009752681851387024,0.00606498122215271,0.001640021800994873
0.06413114177167414,0.028588110727071764,0.024046560704708092,-0.03766898691654205,-0.041843038797378544,-0.03931957483291626
0.04495774676024913,0.04612689735293389,0.0165728012919426,-0.014440320134162906,0.05997304320335388,-0.017475903034210205
0.007805256723761552,-0.029419628912210467,-0.045624406397342686,-0.0031996780633926397,0.02414500117301941,0.0005168318748474121
-0.02771137447237968,-0.01840510071516037,-0.0025248097181320194,0.001311217546463013,0.007586848735809326,-0.00038993358612060547
0.03765425235807896,-0.010811519283056265,0.0018363400101661666,0.03049093306064606,-0.020965737104415894,0.0036816000938415527
-0.035163254039883615,0.015628701561689374,0.03751742190122605,0.04409378707408905,-0.03038817048072815,0.007372438907623291
0.02957063662290573,0.08353292663097382,0.02461075472831726,-0.02568914175033569,-0.003908228874206544,-0.008891701698303223
-0.005276465780735016,-0.057244062829017645,-0.04320171189308167,0.005292398929595946,-0.05648965835571289,0.004476428031921387
-0.0011646937000751503,-0.03848382617235184,-0.01865522491931916,-0.005298901796340941,0.023053300380706788,0.016582489013671875
-0.07938882761120797,-0.03731101809740066,0.0005196856260299637,-0.039274965524673466,0.03794573545455933,0.010365962982177734
0.04361744669139386,0.06438575350642203,-0.007067276775836944,0.015423547625541684,-0.01058405041694641,-0.0002754330635070801
0.012935275171995168,-0.0035440322041511516,-0.014265709042549132,0.034288705587387086,-0.05217148065567016,-0.009104490280151367
-0.011862693163752554,-0.0003735863864421815,-0.011948594748973845,0.03536475002765656,0.018950968980789185,-0.000852048397064209
0.006729403137564661,0.021715141004323958,0.01771334880590439,0.020368475317955017,-0.0006338417530059814,-0.0032871365547180176
0.02593157893538476,0.0007664959311485236,-0.009052113175392154,-0.04176876664161682,-0.02371739149093628,0.006140351295471191
-0.0027772551846504323,-0.10466871063709259,-0.07499234986305238,0.017126543521881102,-0.014230561256408692,0.005454540252685547
0.017460990661382677,0.030862676560878755,0.018290995955467224,0.006744331121444702,-0.005235731601715088,-0.0008589029312133789
0.007448351441025732,-0.039674268764257434,0.0005071840882301306,-0.021521572470664982,-0.014897722005844116,0.01621323823928833
-0.00990341579854488,0.0034914582312107092,0.02183721786737442,0.00924227774143219,0.005471950769424439,-0.00012105703353881836
0.015574379683732986,0.04639895306825637,0.06926750195026397,-0.022460497617721557,-0.05757938623428345,-0.011652231216430664
-0.012004984037876138,-0.012874352288246155,-0.11265647339820863,-0.009004075527191163,0.05378754138946533,0.0023763179779052734
0.07546153529465198,0.031051866036653525,-0.007217866599559784,-0.0036797064542770388,0.02647908329963684,-0.0005145668983459473
-0.010290499154925341,-0.014301136273145673,0.037424150288105015,0.03268844902515411,0.011460858583450317,-0.002366483211517334
0.010541771761775022,-0.0070346340954303786,0.0030622498393058717,-0.02436876118183136,-0.039627748727798465,0.002595961093902588
-0.05719397187054157,0.003920487564802169,0.028960762202739715,-0.022270615696907043,0.02239062190055847,0.0035254359245300293
0.03112711008429528,0.028218974626064302,0.01473664128780365,0.03374913096427917,0.004986488819122314,-0.0009062290191650391
-0.060262682984471315,0.02180357448458671,0.023290732085704806,-0.0022550660371780384,-0.01318274140357971,0.08560103178024292
-0.02381257290959357,-0.04451584016084672,0.014622154116630544,-0.026837121248245235,-0.037240993976593015,0.053109049797058105
0.07987456551551819,0.006180262470245358,-0.0012432470321655275,-0.021553120613098144,-0.021151924133300783,0.006722450256347656
-0.000897327211499219,-0.019004719287157062,-0.059979179203510286,-0.011213067173957824,0.006724923849105835,0.012495815753936768
-0.050346760321259496,-0.01274621968865394,0.015155601441860199,0.0006021922826766994,0.03841447234153748,-0.002342402935028076
0.08811192998290063,0.056751759946346285,0.012576350569725038,0.007768481969833374,0.013677775859832764,0.0005924701690673828
0.10528908442914486,-0.003573913580179215,-0.005818825304508212,-0.01349957048892975,-0.017171913385391237,0.0011443495750427246
-0.06306127124011517,-0.015895801705121997,-0.06577381151914598,-0.036304489970207215,-0.0031614482402801515,0.0010319352149963379
0.002420043858289722,-0.056958423817157745,0.016108699679374696,0.02058453917503357,-0.024108803272247313,0.004948735237121582
0.022332059739232062,0.0008014698803424838,0.014210703194141389,0.014921959042549135,-0.0011570632457733156,-0.002180755138397217
0.08896089949965477,0.06432700332403182,0.03553708589076996,0.00485382914543152,0.019730246067047118,-0.005834460258483887
0.02483329350590706,0.02536399689912796,0.0022990342378616333,0.006655613183975221,0.015520894527435302,-0.0015523433685302734
-0.0033215023684501663,0.012644492077827453,-0.021749974966049194,-0.015704567432403563,-0.012463855743408202,0.003983259201049805
0.00682367460131645,0.029200995147228244,0.06973282516002656,0.017362016439437866,-0.002734243869781494,0.0007015466690063477
0.04079166699290275,-0.0013500711560249326,0.004217463374137878,-0.010865708589553835,-0.012788927555084229,0.0008974075317382812
0.029708835784196853,0.033028559887409215,0.016997541546821596,-0.005746058225631714,-0.00012191534042358407,-0.0012359619140625
0.051241526649594304,0.011585166770219802,0.0025676916241645815,0.004199393391609192,0.01360509991645813,0.011452019214630127
0.021152589889764796,0.025523210203647628,0.006223215699195872,0.1146537220478058,0.1285643219947815,0.04364168643951416
-0.019645042655467976,0.04045505497455597,0.06227057480812073,0.0006531929969787586,-0.012626266479492188,-0.010651588439941406
0.039628450117111205,-0.018866918659210204,0.026909485816955566,-0.013396391868591307,0.01979396343231201,-0.0013366937637329102
0.04174629099965096,0.014887819111347197,-0.0062998694181442254,0.003157240152359009,0.006733715534210205,-9.59634780883789e-05
0.020870931446552277,0.02321787178516388,0.019169598817825317,0.021615326404571533
-0.0019844380825757976,6.931713223457348e-05,-0.008627643287181854,0.005078127980232239,0.003096252679824829,3.30805778503418e-05
-0.021790926834344866,0.006117417657375333,-0.050723404526710515,-0.02847072243690491,-0.018483960628509523,0.0016077756881713867
0.024765541383028035,0.0354215726017952,0.10517824852466584,0.04423467278480529,-0.01215890645980835,-0.0002702474594116211
-0.02080393157482147,-0.04935774893760681,-0.0177303032875061,-0.005568737983703614,-0.00015192031860351558,0.001157999038696289
0.030512842525839804,0.020879411023855207,0.013688298642635346,0.006240443587303163,0.011814254522323608,-0.0001074671745300293
-0.004572875271439548,0.04447624973654747,0.02974825757741928,0.003981189131736755,0.0071358859539031975,-0.0027640461921691895
-0.06353476840376855,-0.04702664302587509,0.009923699975013734,0.001978613138198854,0.022156941890716552,-0.004947662353515625
0.02994778077542782,0.026639328187704085,-0.00876236206293106,0.0003889507055282592,-0.005573993921279908,-0.002191603183746338
-0.003555257037878037,-0.01061209806203842,0.0027988048791885373,0.010829511880874634,0.02012511491775513,0.0004646778106689453
0.008658270558118818,-0.006847204411029817,0.020178223490715026,-0.010568472146987916,0.01252826452255249,0.0007555484771728516
0.01527239094614983,0.02136794737577439,0.0818432482481003,0.023177984952926636,0.0008316874504089354,-0.0018992424011230469
0.002200930747985838,0.008073680305480958,0.00792091941833496,0.0018141651153564466,0.018155550956726073,-0.00037229061126708984
0.0017507467824220656,0.0023006503403186804,0.0008040340542793273,-0.0019075173139572142,0.0022120058536529543,-1.0907649993896484e-05
0.020109628571271902,0.006743045794963838,-0.014190837025642394,0.0290017831325531,-0.003777730464935303,-0.0008661746978759766
0.0770683201634884,0.03511467603445053,0.009370678305625917,-0.009020110368728637,0.01809879541397095,0.0006875991821289062
0.03732032371282577,0.031911143469810485,0.026715341329574586,-0.0076781344413757325,-0.004273700714111328,-0.0031353235244750977
-0.005975988827347756,-0.014553894954919816,-0.014967046797275545,0.0038646739721298214,0.014813441038131713,0.0010518431663513184
-0.007124627549648288,-0.03210984437465667,-0.018876777410507205,-0.01068908452987671,0.004973936080932617,0.0026459693908691406
-0.012405481187701224,-0.01604096342921257,0.01933927613496781,0.006031606793403625,-0.025935333967208863,0.006122410297393799
-0.007035671205520632,0.0477528588294983,0.06742583560943603,0.010036416053771974,0.017200517654418945,-0.0008200407028198242
-0.0018637277764081946,0.03673751066327095,0.06850329715013505,0.01034734070301056,-0.004114669561386108,-0.006503045558929443
-0.02028866457402706,-0.06773401021361351,-0.004923815190792082,-0.005491899847984314,0.014490300416946413,0.008486568927764893
0.034354288502931596,0.008341360008716586,0.038489553570747376,0.02724081635475159,0.023774111270904542,-0.002007722854614258
0.04546299215614796,0.0047080013096332555,0.006244126617908478,-0.000301463007926941,-0.0031704843044281007,0.000277101993560791
-0.014665346751809123,-0.010136080461740495,-0.0013823781609535206,-0.014684363007545472,0.0026476562023162844,0.003838956356048584
0.0043878784120082856,0.010147385060787203,0.0158025735616684,0.010013526678085327,0.018864810466766357,-0.001569986343383789
0.014107871302366255,0.017205000197887423,0.0046419438123702994,-0.003098388910293579,0.010544502735137939,-8.487701416015625e-05
-0.004162401117682457,-0.0014139879167079927,-0.010478283345699311,-0.0007385295629501345,-0.003097552061080933,5.543231964111328e-06
-0.008631173106431958,-0.01401477757692337,-0.0016277333498001087,0.005451186895370484,-0.011062705516815185,7.11679458618164e-05
0.01040779053449631,-0.0037109355211257943,0.007863828420639036,-0.004467027187347412,-0.016284537315368653,0.0009597539901733398
0.009500591524243353,0.0005088565170764947,-0.020892275989055634,-0.022608520388603212,0.005832511186599731,-0.016429603099822998
-0.003781473177075386,0.012510975712537765,0.007002442538738251,0.00042706668376922595,0.02924925684928894,-0.0012142062187194824
0.0012414319711923606,0.015939260345697405,0.0034537191987037644,0.012019858956336974,0.02291770577430725,-0.0006427168846130371
-0.0010500559222698213,-0.0008846001505851746,0.0008487616777420044,0.00016496300697326665,0.0010777592658996582,-1.2993812561035156e-05
0.052008059250116354,0.04734466100931167,0.018898686051368713,0.009164501428604126,0.001219499111175537,-0.0007628202438354492
0.0299419745862484,-0.008779964506626128,0.01886550843715668,0.008313769102096557,0.007732570171356201,-0.000655055046081543
0.01756349911689758,-0.0038743271827697753,0.019779839515686036,0.06664452552795411,0.02546215057373047
0.006963862863183021,-0.02204575595259667,-0.030158785283565522,-0.00507265031337738,0.0031217634677886963,0.0016346573829650879
-0.01440882129609585,-0.014413721507787703,0.00039596563577652016,0.004662089943885803,0.003758198022842407,8.51750373840332e-05
0.002277264508605006,0.039253444045782085,0.02398010820150375,0.007163581252098083,0.01049014925956726,-0.0006374716758728027
0.0024846847605705246,-0.011019369435310365,-0.016663030862808223,0.006803123950958251,-0.018385815620422363,0.005921602249145508
0.01353075574696064,0.03270827477574349,0.011671370327472688,-0.0007857149839401239,0.03168416619300842,-0.0017434954643249512
0.0055541414999961845,-0.008645386719703675,8.950495719909734e-05,-0.009436895847320556,0.004745268821716308,0.0010541677474975586
-0.015433062072396276,0.003505824941396712,-0.008600554049015044,-0.001218805909156799,-0.012580233812332153,7.94529914855957e-05
0.010150292741656302,-0.006223476344347,-0.013003786861896512,0.0008361643552780153,0.004227989912033081,-0.004445850849151611
-0.012027749109864235,0.0063496732175350205,0.01566574567556381,-0.006493025422096253,-0.007047182321548462,-0.0006263852119445801
0.008587128594517709,0.0047200329601764695,0.019139118492603305,-0.0023078173398971558,-0.0017569959163665771,-0.0013193488121032715
0.007451832999587058,0.004191134494543076,0.001494392335414887,0.007449702620506287,0.005700010061264038,-0.00013071298599243164
-0.012072010017633437,-0.021050156462192535,-0.014195311188697813,-0.0023126471042633056,0.004070150852203369,-0.00019419193267822266
0.017047343841195106,0.0023555735647678372,0.004004966318607329,-0.0009653180837631224,-0.005397886037826538,3.784894943237305e-05
0.01838197382032871,-0.006041239017248153,-0.007505428254604341,-0.00834333837032318,0.00690811276435852,-0.0048899054527282715
0.016150236022472387,0.011591315150260927,0.02163959860801697,0.0020137906074523936,0.011249899864196777,-0.001233816146850586
0.009669120450615888,0.010100597959756853,0.020652937471866605,-0.008368505835533143,-0.013375562429428101,-0.0016708970069885254
0.057272040360569945,0.050605362778902055,-0.0032314259409904475,-0.0037933939695358266,0.004188710451126098,0.0018472075462341309
0.04662814631283284,0.003734461623430252,-1.1201083660126098e-05,0.0008412915468215941,0.005937319993972778,0.0008936524391174316
-0.010527006228566171,-0.030813340169191357,-0.009838479340076447,-0.006249235272407531,0.002517980337142944,0.0005187392234802246
-0.016942210112214088,-0.005392175155878069,-0.0036367235779762256,0.0027839940786361685,-0.009163838624954224,0.00021976232528686523
0.011348767165541647,0.004620864528417587,0.0018148450255393972,-0.008182654976844787,-0.008569437265396117,-0.004977405071258545
-0.03899196827590466,-0.03712585727572441,-0.007843873679637908,-0.010211889147758484,0.0014244139194488524,0.0051923394203186035
-0.003493779910206795,-0.0129203597843647,-0.003558441460132599,-0.002727954983711243,0.0012143790721893311,0.0007993578910827637
0.030460056574940678,0.011913110715150835,0.018508423149585725,-0.0010468024015426634,0.006653505563735962,3.6776065826416016e-05
0.014260267248749731,0.013859178215265272,0.0049586048722267155,-0.0013428539037704465,0.005862027406692505,-5.930662155151367e-05
-0.005203287191390991,0.0011205889701843264,-0.0038692445755004884,-9.544372558593732e-05,-0.005469274520874023,7.867813110351562e-06
0.009166840760111811,0.003971064585447311,0.0009086005091667174,0.0001279371976852417,5.1420927047729495e-05,-2.8014183044433594e-06
-0.02692725986778736,-0.0022783845722675316,-0.022999905884265898,-0.00019122421741485612,-0.00694018006324768,0.0014018416404724121
0.005755273815393447,0.008434816992282866,0.0036022230386734016,0.001248470544815063,0.011813962459564209,-0.00013315677642822266
-0.001455312040448189,0.000667169064283371,-0.006887367069721222,0.0018887490034103394,0.0003877580165863037,-1.519918441772461e-05
-0.012558872020840646,-0.034269353324174884,-0.02319457417726517,-0.0133280211687088,-0.004774338006973267,0.0036371350288391113
0.006413733819723133,0.009165644490718841,-0.018490023255348206,1.4694929122923556e-05,-0.018682444095611574,-0.005274772644042969
0.013261426169276239,0.00409336959719658,0.009821477591991425,0.008297764658927918,0.009408420324325562,-0.0010735392570495605
-0.011334852787256242,-0.015566168463230133,0.00462611711025238,0.001821740865707398,0.005720770359039307,0.0002034902572631836
0.00048553694784641156,0.007879665046930313,-0.001244555413722992,0.0005355030298233032,0.0048954784870147705,-9.387731552124023e-05
0.011613116733431815,0.008571265000104904,0.002231992900371552,-0.0015929919481277467,0.0044343888759613035,-8.165836334228516e-06
0.0049958720326423655,-0.010167173266410827,-0.0002159583568573003,0.00014721155166625978,-0.008006572723388672,0.00010013580322265625
0.00037481343209743454,-0.0075317537844181055,0.003379327714443207,0.0013113492727279666,-0.0049303114414215084,0.00010305643081665039
0.036444097214937216,0.012846952736377716,-0.004642135500907899,0.02174986004829407,-0.002164304256439209,-0.0012254714965820312
0.011478172947168352,-0.000444267404079437,0.009508426308631896,-0.0004883658885955811,-0.00024281740188598634,-1.0848045349121094e-05
-0.022798162271380425,-0.005748251599073411,-0.00943135279417038,-0.005026714205741883,-0.008406656980514526,-7.194280624389648e-05
0.07074061076521874,0.04466484035253525,0.04593489396572113,0.019705404043197632,0.004778492450714111,-0.002340555191040039
0.007307716526985169,0.01851771531105042,0.009848257541656493,-0.0077379846572875974,0.010574603080749511,-0.002615690231323242
0.020311404809951784,0.005536663913726807,0.019190960884094235,0.022552337646484375,0.009740686416625977,-0.00015592575073242188
0.00038762594461441057,0.004132541298866272,0.009043384790420533,-0.0017356991767883303,-0.0005625486373901367,6.556510925292969e-06
-0.025491658618450166,-0.010083189463615416,-0.0018836953639984131,0.0022907280921936036,0.0022057056427001952,-0.0018361806869506836
-0.00042229560792446147,-0.0034619665563106533,-0.0007954015135765074,-0.0002806466817855835,0.0015927374362945557,9.715557098388672e-06
-0.006513389407396317,-0.0012243814587593082,-0.009494272351264953,-0.004996157884597779,-0.002848613262176514,-1.3232231140136719e-05
0.008614781197905541,-0.0008174416124820706,0.00048237413167953515,0.004526171088218688,0.0014251172542572021,-0.00021666288375854492
0.001928537063002586,0.0013600775182247163,0.001129396378993988,0.0021421331167221073,0.0042055070400238035,-0.00026804208755493164
0.00017637166500091353,0.004956392812728883,0.00791890573501587,-0.01006502628326416,0.005591106414794922,-0.002440929412841797
0.014816723770499229,0.005668492788076401,0.0026741642355918886,-6.225168704986607e-05,0.009696191549301148,-5.072355270385742e-05
-0.02996004461586476,-0.04516165388226509,-0.0025705378651618947,0.015751158595085142,-0.002530509233474731,0.012818515300750732
5.7229724526405265e-05,0.002098557382822037,0.0026279655098915104,-0.0009780496358871458,0.004250079393386841,-3.36766242980957e-05
-0.00527449924528599,-0.012940593105554577,0.009937675416469574,0.001720489859580994,0.009046596288681031,-0.00034552812576293945
0.005668078831434249,-3.5856640338897754e-05,0.008108842730522156,-0.0018968975543975826,0.006786143779754639,-7.128715515136719e-05
-0.0035995015102624896,0.0008731011331081385,0.0031780008673667915,-0.014366970658302308,0.0006118237972259522,6.276369094848633e-05
0.004481285985708237,-0.00840137382745743,0.00400903069972992,0.0010368144512176512,0.004492127895355224,8.106231689453125e-06
0.0011271865433454516,0.0078457628428936,0.0018189389109611511,0.0008910053968429563,-0.0028023064136505128,-5.424022674560547e-06
0.0008548294937610627,-0.003853330409526825,0.0022262231111526494,0.000443645715713501,0.0019028544425964355,1.9311904907226562e-05
-0.014909853233098984,-0.0030730054259300236,-0.006445876479148865,0.0023839962482452392,-0.0023925423622131346,0.0008649826049804688
-0.007504579734206198,0.000197956615686416,-0.0028614758849143983,0.0005379253625869747,-0.0060849130153656,0.00024312734603881836
-0.004311735030412674,-0.002607498562335968,-0.00014037334918975847,-0.003940931558609009,0.00045326948165893557,4.017353057861328e-05
-0.0006556007874011995,-0.015096939671039582,-0.006494894146919251,-0.0053907263278961184,0.0007463574409484863,0.00029397010803222656
0.001397521094679834,0.018625889438390733,-0.0036362429261207582,-0.0003262382745742797,-0.003835517168045044,-0.00017088651657104492
-0.012873039136528971,-0.010291321951150897,-0.017795280039310454,0.002174095511436462,-0.0015997707843780518,0.0021271109580993652
0.00587618297278881,-0.012655192548036575,-0.0035085213780403136,-0.00682620346546173,-0.0031902849674224853,0.0005716681480407715
-0.0007621670699119561,0.01241432020664215,0.004175420045852662,-0.00011179685592651372,-0.0007599353790283203,-1.9311904907226562e-05
0.00102772957444191,0.011625517809391021,0.0050188318490982054,0.00638074517250061,0.004043853282928467,-0.0009158849716186523
-0.007221737561821939,-0.013273997503519059,0.003424040257930756,0.004832867980003357,0.005033749341964722,0.001773059368133545
-0.007988981587290766,0.0033166097462177277,0.003409880936145783,0.016931117177009583,0.00566297173500061,-0.0017940402030944824
