0.09815356961917132,-0.03582346439361572,0.11121124494820833,-0.06857331097126007,0.1295426581054926,0.0
0.03300526808016002,-0.04307014308869839,-0.014116385951638222,-0.08381933532655239,-0.02720765583217144,0.0
-0.12335994094610214,-0.11923176050186157,-0.06025211699306965,-0.10328226536512375,-0.0353745729662478,0.0
0.13328304886817932,0.04185807704925537,0.012101612985134125,0.03502616286277771,0.07263776753097773,0.0
0.045668741688132286,-0.024870313704013824,-0.0335342213511467,0.005518827587366104,-0.08443198353052139,0.0
-0.1653408333659172,-0.11961853504180908,-0.07212780113331974,0.0210656076669693,-0.021233946084976196,0.0
0.018200747668743134,0.11612794175744057,0.1295551434159279,0.025740429759025574,0.05071033537387848,0.0
0.03580361604690552,0.05834057368338108,0.03621189296245575,-0.009982407093048096,0.01630161702632904,0.0
-0.060948321595788,0.003754734992980957,-0.11335663497447968,0.01787780597805977,-0.09138829633593559,0.0
-0.1396770440042019,-0.08062700927257538,0.07963719591498375,0.050869304686784744,0.04922090098261833,0.0
0.15147120878100395,0.0334283746778965,0.03499148041009903,0.03206561878323555,0.11194401793181896,0.0
0.06241137161850929,-0.07956641167402267,-0.027384545654058456,0.026225704699754715,0.06699187681078911,0.0
-0.08513033948838711,-0.049971578642725945,-0.03539638593792915,-0.10111571848392487,-0.02940930798649788,0.0
-0.052938058972358704,-0.02941335365176201,0.0583149790763855,0.029063478112220764,-0.04935787245631218,0.0
0.0751373089151457,0.1179417073726654,0.10684090107679367,0.05997153930366039,0.04305346496403217,0.0
-0.04876679740846157,-0.11932537704706192,-0.042500998824834824,-0.021720387041568756,-0.14936525374650955,0.0
-0.04546721093356609,-0.006578247994184494,-0.008958548307418823,-0.055037484504282475,-0.04005267098546028,0.0
0.08903800882399082,0.023766190512105823,-0.0027605202049016953,-0.003995703533291817,-0.014762746170163155,0.0
0.0731760710477829,0.06375103443861008,0.0812731683254242,-0.015134509652853012,-0.07355986908078194,0.0
0.08684119209647179,0.10582465678453445,0.018893449567258358,0.028362806886434555,-0.07016080617904663,0.0
0.013851853553205729,0.04043415188789368,0.06768710725009441,-0.06036197952926159,-0.02773476578295231,0.0
0.026792313903570175,-0.022122787311673164,-0.0693750474601984,0.005261466838419437,-0.03659933619201183,0.0
-0.08892093505710363,-0.0633598230779171,-0.06791414506733418,-0.09586189594119787,-0.04286161810159683,0.0
-0.12779898382723331,-0.03434176743030548,-0.014429166913032532,-0.08852454647421837,-0.05362693965435028,0.0
0.05892663821578026,0.04062890633940697,0.041607294231653214,0.03671591356396675,0.013840444386005402,0.0
0.12104078009724617,0.08698202297091484,-0.01762351021170616,0.0027772076427936554,0.07684772834181786,0.0
-0.01532869040966034,-0.00906757265329361,-0.04789010435342789,-0.03430798277258873,-0.11003017984330654,0.0
-0.010240830481052399,0.002844111993908882,-0.023886109702289104,0.021759474650025368,-0.007870673201978207,0.0
0.025403203442692757,0.03532666340470314,0.010219964198768139,-0.0030654622241854668,0.00688688550144434,0.0
0.0366576099768281,0.02380634192377329,0.033939299173653126,-0.02327957469969988,0.04201528895646334,0.0
0.16056322306394577,0.03091675043106079,0.09750931430608034,-0.05058113485574722,0.016505010426044464,0.0
-0.08226667437702417,-0.13799535483121872,-0.03591451048851013,-0.11313513852655888,-0.05704057961702347,0.0
0.030057774856686592,-0.014543242752552032,-0.022995583713054657,0.033386384369805455,0.11291041225194931,0.0
-0.08764046989381313,-0.054269757121801376,-0.08954454306513071,-0.04518258571624756,-0.05577429011464119,0.0
0.1288472432643175,0.028521928819827735,-0.04234551452100277,0.05745028518140316,-0.0788062121719122,0.0
0.024078495800495148,-0.02219141274690628,0.07998150959610939,0.07014968059957027,0.027588263154029846,0.0
-0.08943907916545868,-0.043231637217104435,-0.05161505099385977,0.0076320841908454895,-0.009622961282730103,0.0
-0.033302921801805496,-0.07270545698702335,-0.056613121181726456,0.11396021395921707,0.02879054844379425,0.0
-0.07274870248511434,-0.0007020533084869385,-0.05691653583198786,-0.05016139708459377,-0.036544881761074066,0.0
-0.11654237657785416,-0.1321914792060852,-0.10052868723869324,0.026961088180541992,-0.04069571290165186,0.0
-0.023371990770101547,-0.10308690182864666,-0.044101493433117867,-0.08180165151134133,-0.03011969104409218,0.0
-0.014167249202728271,-0.09451059252023697,-0.07588572229724377,-0.0019079968333244324,-0.009740851819515228,0.0
-0.06309874728322029,-0.0028234943747520447,0.0070459917187690735,-0.09286143351346254,-0.03508565574884415,0.0
0.10721316561102867,0.07319748215377331,0.07328084856271744,0.06934602092951536,0.045129639096558094,0.0
-0.04043089039623737,-0.023042252636514604,-0.011032634414732456,0.031258732080459595,0.05110183730721474,0.0
0.006187159568071365,0.0003580711781978607,0.02035798877477646,0.0037045329809188843,0.061558037996292114,0.0
0.009440282359719276,-0.04276677221059799,-0.09421803615987301,0.021829375997185707,-0.0014473143965005875,0.0
0.11475875228643417,0.0196259543299675,0.001055598258972168,0.025713078677654266,0.06307252496480942,0.0
-0.05720139853656292,-0.13509434461593628,-0.06308046262711287,-0.05124838277697563,-0.0680241035297513,0.0
-0.03376903384923935,-0.07947666314430535,-0.11500698328018188,-0.03392462059855461,-0.016106780618429184,0.0
-0.07380422204732895,-0.02423744834959507,-0.017527244985103607,-0.012814577668905258,0.09553307294845581,0.0
0.11894480884075165,0.143148735165596,0.032372535206377506,-0.008462335914373398,0.07432017475366592,0.0
0.975637536495924,1.0225549694150686,0.9823154080659151,1.0295806135982275,0.9725689459592104,1.013759072870016
-0.04614713788032532,0.09551886096596718,-0.03538986295461655,-0.011494174599647522,-0.04322833567857742,0.0
-0.11479653418064117,-0.16751108318567276,-0.0097346231341362,-0.07074382901191711,0.020472176373004913,0.0
0.06720158830285072,0.08612073282711208,0.10592193901538849,0.01993785798549652,0.04555532708764076,0.0
-0.1375645287334919,-0.2311137393116951,-0.11808368936181068,-0.011164389550685883,-0.08743550628423691,0.0
0.1425982965156436,0.22319651395082474,0.027962684631347656,0.0336679071187973,0.16348129604011774,0.0
-0.10343549400568008,-0.16762737184762955,-0.14161928556859493,-0.08230617642402649,-0.027376748621463776,0.0
0.03327131271362305,0.12955211102962494,0.04359875246882439,0.08587322756648064,-0.0215141624212265,0.0
0.08870887011289597,0.07057181745767593,0.09637496620416641,0.09751975908875465,0.019824832677841187,0.0
0.08547214046120644,0.10224034264683723,0.24841663613915443,0.06938744522631168,0.07666454091668129,0.0
-0.09354453429114074,-0.130772415548563,-0.062248215079307556,-0.08708685170859098,0.013419479131698608,0.0
-0.010035194456577301,0.052048489451408386,0.11472535552456975,0.17918869480490685,-0.045043520629405975,0.0
-0.3410310298204422,-0.23667776584625244,-0.14648786280304193,-0.04169557988643646,-0.02786169946193695,0.0
0.18876517564058304,0.04327443614602089,0.0657684002071619,0.042645733803510666,0.07210848992690444,0.0
0.04989593289792538,0.22436232678592205,0.04945964552462101,0.10139944963157177,-0.0697148684412241,0.0
-0.03585335612297058,-0.006424039602279663,-0.016134820878505707,0.07245465368032455,0.0194627046585083,0.0
-0.19740778021514416,-0.14103026688098907,-0.20096156001091003,-0.056441813707351685,0.01279178261756897,0.0
-0.22409631311893463,-0.07666034996509552,-0.15998715534806252,-0.10374858230352402,-0.07454373687505722,0.0
-0.23814638704061508,0.026281699538230896,-0.06879010051488876,0.022097289562225342,-0.1782263107597828,0.0
-0.05414409935474396,-0.0623222291469574,-0.03241010755300522,0.0051308199763298035,-0.05744493007659912,0.0
0.045790513046085835,-0.0590549698099494,-0.05775121133774519,-0.040415591560304165,-0.04093177895992994,0.0
0.2721759229898453,0.20710542798042297,0.17602467274991795,0.0639125257730484,0.10173702985048294,0.0
0.0026040077209472656,0.1639378722757101,0.17378591187298298,0.03709226846694946,0.07544809579849243,0.0
-0.08684705942869186,-0.19186103902757168,-0.09450485557317734,-0.09008634090423584,-0.061377547681331635,0.0
-0.04988637566566467,0.08977407962083817,0.02818056382238865,-0.11069075018167496,-0.0862795040011406,-0.015432540327310562
0.014927878975868225,-0.011526614427566528,-0.009648628532886505,-0.008772596716880798,0.022707276046276093,0.0
-0.13968537747859955,-0.18227801471948624,-0.059506114572286606,-0.03826482221484184,-0.10786055214703083,0.0
-0.13400022685527802,-0.12855415046215057,-0.047676295042037964,0.04645710438489914,-0.012329965829849243,0.0
0.030367091298103333,0.03938005119562149,-0.02637524902820587,-0.12561897933483124,0.020811885595321655,0.0
0.014804190956056118,0.12578513473272324,-0.04729343578219414,-0.01968168467283249,-0.16787218302488327,0.0
0.017543882131576538,0.07922416180372238,0.03215247392654419,-0.002198249101638794,0.01558580994606018,0.0
-0.06580470502376556,0.09080159664154053,0.003371715545654297,0.11115391924977303,0.03559507429599762,0.0
-0.14678965508937836,-0.03106500208377838,-0.1742205519694835,-0.16478891484439373,-0.03398005664348602,0.0
-0.007345166988670826,-0.02752317674458027,0.022979067638516426,-0.047760048881173134,0.0622755941003561,0.0
-0.01967313326895237,-0.02008696459233761,0.03505680710077286,-0.03771622758358717,-0.10356409475207329,0.0
0.029089607298374176,-0.0429689884185791,-0.043848492205142975,0.05164679139852524,-0.04728616401553154,0.0
-0.06802763044834137,-0.1270376406610012,0.07767780497670174,0.0034235790371894836,0.04319145902991295,0.0
0.10839200019836426,0.0921330377459526,0.06751779466867447,0.15311612747609615,0.17167053278535604,0.0
-0.2289813719689846,-0.006243780255317688,-0.07873820886015892,0.004219401627779007,0.04514982923865318,0.0
-0.05484968423843384,-0.12416741624474525,-0.1387485135346651,-0.04447868466377258,-0.02971266210079193,0.0
-0.11923669464886189,-0.14236545749008656,-0.11992248985916376,-0.039347872138023376,0.06562529504299164,0.0
0.09065397689118981,0.011270120739936829,-0.043913617730140686,-0.014711171388626099,-0.027835309505462646,0.0
0.33508066833019257,0.19107245653867722,0.2621902637183666,0.12992548197507858,0.1533379852771759,0.0
-0.02353230118751526,-0.13707112148404121,-0.1153869591653347,-0.2571036368608475,0.0069814324378967285,0.0
0.030284352600574493,0.00805944949388504,-0.04480508714914322,0.04234076663851738,-0.027072995901107788,0.0
0.16293683648109436,0.06023310124874115,0.11569455824792385,0.011097043752670288,0.11720014084130526,0.0
-0.08542728237807751,-0.10331495758146048,-0.08715560100972652,-0.11854545678943396,0.008154816925525665,0.0
0.10840053856372833,0.052231356501579285,0.1263793706893921,0.09556986391544342,0.04348421096801758,0.0
-0.22291617072187364,-0.07395066320896149,-0.06357617676258087,-0.09481064230203629,-0.02492336928844452,0.0
-0.11985543370246887,-0.27197696454823017,-0.2338574379682541,-0.1868279166519642,-0.09422895312309265,0.0
-0.2557978071272373,-0.08820290118455887,-0.21661675162613392,-0.09920036047697067,-0.1387040615081787,0.0
-0.09841056168079376,-0.011490792036056519,-0.11337536573410034,-0.08654781430959702,-0.16299979342147708,0.0
0.2393945660442114,0.15494389086961746,0.092100128531456,-0.05820629000663757,0.07865332067012787,0.0
0.003413483500480652,-0.07475772872567177,-0.11845627706497908,-0.13298403099179268,-0.12406029039993882,0.0
0.18430914729833603,-0.016322799026966095,0.11836804077029228,-0.003736242651939392,0.11910586804151535,0.0
-0.39248040318489075,-0.09444968402385712,-0.08494992554187775,0.014757290482521057,-0.17551235854625702,0.0
0.06978487968444824,-0.06258711218833923,0.019337326288223267,0.0013110488653182983,0.09620112180709839,0.0
0.08844621479511261,-0.08671799302101135,-0.08048701286315918,0.0037365704774856567,-0.008505016565322876,0.0
-0.12065280601382256,-0.06733648478984833,0.01723484694957733,-0.09320291131734848,0.020703628659248352,0.0
-0.05021146684885025,-0.047225095331668854,-0.024136140942573547,0.016595900058746338,0.06428539752960205,0.0
0.2782217785716057,0.13657687231898308,0.0343027263879776,0.04911710321903229,0.23555738106369972,0.0
0.2896076589822769,0.19497331604361534,0.2561478018760681,0.14156147139146924,0.07096879184246063,0.0
-0.16211822628974915,-0.02923014760017395,0.0639558881521225,-4.836171865463257e-05,0.02695213258266449,0.0
-0.17071298882365227,-0.22644519805908203,-0.158564830198884,-0.09420694038271904,-0.0801735557615757,0.0
-0.10678862035274506,-0.1630399413406849,-0.1487889140844345,0.002184450626373291,-0.21178862359374762,0.0
0.25690416991710663,-0.008242160081863403,0.05412314832210541,-0.05777442455291748,0.07349655777215958,0.0
0.027536243200302124,0.02471575140953064,-0.12436498701572418,0.09798712283372879,-0.07052089273929596,0.0
-0.8983892276883125,-0.9574437737464905,-0.9053315222263336,-0.9233696088194847,-0.9254349544644356,-0.969321072101593
0.4199569448828697,0.15922534465789795,0.03186812996864319,-0.09744209796190262,-0.09618488699197769,0.0
-0.2346617951989174,-0.33855813555419445,-0.23125427961349487,-0.14166204631328583,0.04192167520523071,0.0
0.03268335200846195,-0.09072922542691231,0.02290298230946064,-0.1976834274828434,-0.25987570360302925,0.0
-0.034165821969509125,0.33321360498666763,-0.07560155540704727,-0.05795765668153763,-0.06564319878816605,0.0
0.18774867057800293,0.33160050585865974,0.2256208397448063,-0.03337162733078003,0.05168537795543671,0.0
-0.211473498493433,-0.15564816817641258,-0.19614379480481148,0.0022125281393527985,0.15108099207282066,0.0
0.007166236639022827,0.16320288181304932,-0.034917742013931274,0.07073265314102173,0.04384461045265198,0.0
0.11722059920430183,0.06703000515699387,0.05765669792890549,0.13998684659600258,0.13196524418890476,0.0
0.2813995536416769,0.20851045846939087,0.368375264108181,0.2965435739606619,0.2963165584951639,0.0
0.29180143773555756,-0.005835771560668945,0.25973811745643616,0.0867776870727539,0.17667081952095032,0.0
0.2956908941268921,0.1093616527505219,0.049856528639793396,0.1354920081794262,0.19018246233463287,0.0
-0.06266482546925545,0.2282237894833088,0.2586904652416706,-0.04458561912178993,-0.2541041485965252,0.0
0.185029998421669,0.034476011991500854,0.02331295609474182,-0.11441027419641614,-0.0260278582572937,0.0
0.15693694911897182,0.14470381289720535,0.06242024898529053,-0.03387656807899475,-0.15098999440670013,0.0
-0.3268005597637966,-0.2531287744641304,-0.1005852073431015,-0.04591360688209534,0.0871739387512207,0.0
0.0952153392136097,0.25096961855888367,0.11054536513984203,0.1452895700931549,0.09870996698737144,0.0
0.02699604630470276,0.12396733649075031,0.13269077660515904,0.1478410167619586,0.11298263259232044,0.0
-0.27341801673173904,-0.33444590866565704,-0.11714911460876465,0.07529661059379578,0.09859141707420349,0.0
0.35270049795508385,0.441289559006691,0.251012459397316,0.10200126469135284,0.07268273830413818,0.0
0.22601041197776794,0.06246310472488403,0.008099541068077087,-0.0272921621799469,0.027756989002227783,0.0
-0.18181782960891724,-0.043454915285110474,0.02721390128135681,-0.03341883420944214,-0.045022040605545044,0.0
0.9917575726285577,1.0282989535480738,0.9426074475049973,1.10057732462883,1.0914366692304611,1.0752534866333008
-0.32513047009706497,-0.31772925704717636,-0.41756891179829836,-0.3681687004864216,-0.31586871296167374,0.0
0.1377132460474968,0.09053128957748413,-0.01987306773662567,0.07804130017757416,-0.040336817502975464,0.0
0.1511449571698904,0.3248002380132675,0.16376929823309183,-0.032433271408081055,0.2966288775205612,0.0
-0.05624452233314514,0.26275502890348434,0.058195993304252625,0.2358124554157257,0.2635149024426937,0.0
-0.026859089732170105,-0.22791365534067154,-0.26760487258434296,-0.05210717022418976,0.13923384249210358,0.0
0.04046452045440674,-0.09359508752822876,-0.016562819480895996,-0.01043441891670227,0.0607934296131134,0.0
0.04544353485107422,-0.05345311760902405,-0.08548757433891296,-0.012901067733764648,0.09293915331363678,0.0
-0.5995913147926331,-0.36552659794688225,-0.4908427447080612,-0.47215530276298523,-0.17300152778625488,0.0
0.11285823583602905,-0.17178648710250854,0.11136054992675781,0.14242449402809143,0.04295074939727783,0.0
-0.569688156247139,-0.40862805023789406,-0.20182450115680695,0.009958267211914062,-0.09675830602645874,0.0
-0.1612628623843193,0.22729302942752838,0.15457428991794586,0.15546055138111115,0.016458377242088318,0.0
-0.12878534197807312,-0.032272860407829285,-0.19913482666015625,-0.1262500137090683,-0.08858358860015869,0.0
-0.14165982604026794,-0.14125722646713257,-0.10099568963050842,0.05038455128669739,-0.012474089860916138,0.0
0.004643380641937256,0.0724402368068695,0.16218814253807068,0.5279198158532381,0.14570996165275574,0.0
0.27554045617580414,0.25003352761268616,0.10894960165023804,0.12782734632492065,0.012091606855392456,0.0
0.166745126247406,-0.11413419246673584,0.22183972597122192,0.015254795551300049,0.2222503125667572,0.0
0.13742280006408691,-0.07904142886400223,0.030622854828834534,-0.03534795343875885,0.0027165263891220093,0.0
-0.34592415392398834,-0.5000341385602951,-0.18432824686169624,-0.22387278825044632,0.1504579335451126,0.0
0.18417403101921082,0.0038225948810577393,0.002794802188873291,-0.01393464207649231,0.009317278861999512,0.0
-0.4294284079223871,-0.09738188982009888,-0.040711939334869385,-0.08757039904594421,-0.026084810495376587,0.0
-0.05677062273025513,0.013549819588661194,-0.14548900723457336,-0.01631142944097519,0.059409331530332565,0.0
0.32453441992402077,0.09304074943065643,0.3279711101204157,-0.06720063090324402,-0.004160791635513306,0.0
0.05966287851333618,0.40493426844477654,0.1116790920495987,0.046387702226638794,0.13720251619815826,0.0
0.1913677230477333,-0.03569188714027405,0.19969819486141205,0.03793719410896301,0.2709822771139443,0.0
0.32808622904121876,-0.03160357475280762,-0.05763024091720581,-0.06675565242767334,0.1943654641509056,0.0
0.4843810573220253,0.4054149966686964,0.1381993293762207,-0.01952347159385681,0.322932168841362,0.0
-0.07611969113349915,-0.11975082755088806,-0.033070892095565796,0.15203827619552612,-0.18327755108475685,0.0
-0.28791049122810364,-0.5670286864042282,-0.31501148641109467,-0.1416710540652275,0.2390390783548355,0.0
0.05509459972381592,0.2981881648302078,-0.002048492431640625,-0.05508089065551758,-0.07646077871322632,0.0
0.2797972857952118,0.2119447886943817,0.21994562447071075,0.20531129837036133,0.18134379386901855,0.0
0.17682698369026184,0.2889517843723297,0.1330408751964569,0.08091926574707031,0.1189318299293518,0.0
-0.06932118535041809,-0.12478946149349213,-0.20881900191307068,0.2538464665412903,-0.08031746745109558,0.0
0.4580434113740921,0.16968266665935516,0.3553256746381521,-0.0012426674365997314,0.24810723960399628,0.0
0.13455074653029442,0.09329146146774292,0.1484256461262703,0.04757946729660034,-0.014955654740333557,0.0
0.5220008939504623,0.5312756597995758,0.3144504129886627,0.11496886610984802,-0.05112031102180481,0.0
-0.49245891720056534,-0.36503966152668,-0.34501414746046066,-0.1342826783657074,-0.004125416278839111,0.0
-0.44773601181805134,-0.054260820150375366,-0.22983449697494507,0.04982173442840576,-0.144814133644104,0.0
0.5854924619197845,0.5859300494194031,0.5869969129562378,0.18083437532186508,0.1551288366317749,0.0
0.11523975059390068,0.17171501368284225,0.26854757964611053,0.11077942326664925,-0.28873559832572937,0.0
0.2728010416030884,0.24083122611045837,0.4312412850558758,0.10816052556037903,0.04304087162017822,0.0
0.4477749690413475,0.0,0.13728299736976624,0.1442907601594925,0.5517465472221375,0.0
0.18311144411563873,0.1313011795282364,0.09377617761492729,0.2750333771109581,-0.14765802770853043,0.0
0.23061572015285492,0.42876532673835754,0.22307652980089188,0.11158423125743866,-0.038663506507873535,0.0
-0.07280215993523598,-0.08265675604343414,0.1759040653705597,-0.016478437930345535,-0.0012079700827598572,0.0
0.003331586718559265,0.061647236347198486,0.015648484230041504,0.3215804472565651,0.2047087918035686,0.0
-0.4595130905508995,-0.2251274287700653,-0.23723790049552917,-0.28132084012031555,-0.3636779338121414,0.0
-0.28765420988202095,-0.37884048745036125,-0.3589818887412548,-0.22611989080905914,-0.06537523865699768,0.0
0.03458687663078308,-0.072641521692276,0.023982077836990356,0.014536917209625244,-0.1270095407962799,0.0
-0.02254354953765869,-0.08826568722724915,-0.08709415793418884,-0.13860636949539185,-0.055168211460113525,0.0
0.005878835916519165,-0.08882549405097961,-0.09590992331504822,0.005235999822616577,0.020025640726089478,0.0
-0.29643890261650085,-0.34189626574516296,-0.2108590453863144,-0.11200571060180664,-0.06554597616195679,0.0
0.2219408079981804,0.049669742584228516,-0.11606600880622864,0.12840698659420013,-0.09449106454849243,0.0
-0.2583645284175873,-0.4257207438349724,-0.5455677285790443,-0.24231025576591492,-0.3563171327114105,0.0
-0.4451628476381302,-0.715783879160881,-0.4707799404859543,-0.28343378752470016,0.09422014653682709,0.0
-0.6517903357744217,-0.26120778918266296,-0.5508883483707905,0.0019266009330749512,-0.2357519567012787,0.0
-0.13086922466754913,-0.397569864988327,-0.04038911045063287,0.11917129158973694,0.31426987051963806,0.0
-0.393557071685791,-0.3739183321595192,-0.04659879207611084,0.08319887518882751,-0.046175360679626465,0.0
-0.012000083923339844,0.09639476239681244,0.23484983295202255,-0.10727471113204956,-0.0779256820678711,0.0
0.007508009672164917,-0.4601989658549428,-0.2795071005821228,-0.30156055092811584,-0.11968779563903809,0.0
-0.04499281942844391,0.2103719413280487,-0.10719603300094604,-0.06506534665822983,-0.2574780583381653,0.0
-0.08443552255630493,-0.09841075539588928,-0.02645951509475708,0.011275053024291992,0.05383443832397461,0.0
0.24780787527561188,0.48357031494379044,0.16325077414512634,-0.010006308555603027,0.02845969796180725,0.0
0.23639515042304993,0.2107560932636261,0.10145756602287292,0.15460734069347382,0.13854525983333588,0.0
-0.21240389347076416,-0.055041611194610596,-0.07823693752288818,-0.21504150331020355,-0.20673517882823944,0.0
-0.26731032133102417,-0.3593710958957672,-0.1380864977836609,0.1565919816493988,0.01877346634864807,0.0
-0.5254263691604137,-0.3808789998292923,-0.18650609254837036,0.07363811135292053,0.08365890383720398,0.0
0.23730986565351486,0.0475459098815918,0.1918400526046753,0.19303366541862488,0.09674818813800812,0.0
0.03289586305618286,0.25181663036346436,0.2569650113582611,0.21685418486595154,0.10287666320800781,0.0
0.1120472103357315,0.18561740033328533,0.13923367112874985,0.024767696857452393,-0.12034624814987183,0.0
-0.35151220113039017,-0.37442465126514435,-0.0859939455986023,0.014637470245361328,-0.4495075438171625,0.0
0.48146121203899384,0.429388165473938,0.19269046187400818,0.06641647219657898,0.0830126702785492,0.0
0.25126174092292786,0.11878529191017151,0.04145139455795288,-0.03920680284500122,-0.05185806751251221,0.0
0.24749773740768433,0.33442920446395874,0.36911076307296753,0.14353930950164795,0.256300151348114,0.0
0.15179938077926636,0.37819190323352814,0.23929333686828613,0.16581857204437256,0.19697320461273193,0.0
-0.2299608588218689,-0.3593706861138344,-0.4612092198804021,-0.4904292821884155,-0.3241596966981888,0.0
-0.04175204038619995,-0.19578701257705688,-0.06466466188430786,0.04102212190628052,0.08269470930099487,0.0
0.014763206243515015,-0.057993173599243164,0.05997258424758911,0.26483550667762756,0.23081305623054504,0.0
0.19400781393051147,0.27314503490924835,0.3587239384651184,0.12600263953208923,0.288507342338562,0.0
0.5757909696549177,0.39716637134552,0.21986496448516846,0.26087018847465515,0.26257234811782837,0.0
-0.04830114543437958,0.16492344811558723,0.201934477314353,0.37872038781642914,-0.02829757332801819,0.0
0.14478787779808044,0.31553390622138977,0.0843011736869812,0.1366945505142212,0.11568856239318848,0.0
0.5118396878242493,0.1559869349002838,-0.066073477268219,0.13393938541412354,-0.023260772228240967,0.0
0.23751386255025864,0.26188381761312485,0.2341630682349205,0.05713832378387451,0.06698855757713318,0.0
-0.2708043307065964,-0.4590993421152234,-0.3721076622605324,-0.2998206615447998,-0.09937360882759094,0.0
0.12688665091991425,-0.11329472064971924,-0.3579316884279251,-0.2799624651670456,-0.10680241510272026,0.0
0.6820096075534821,0.919117346405983,1.050033401697874,1.2231229394674301,1.2534022629261017
0.0712222158908844,0.3120199388358742,0.1680126190185547,-0.10580161213874817,0.39793261885643005,0.0
-0.1705731302499771,-0.5234589576721191,-0.029884368181228638,-0.056249529123306274,0.07096678018569946,0.0
-0.0341145396232605,0.10697466135025024,-0.04145500063896179,0.40183298668125644,0.025670617818832397,0.0
0.5597791075706482,0.2034291923046112,0.10659778118133545,0.012119174003601074,-0.1600133180618286,0.0
-0.4535936154425144,-0.7064972668886185,-0.14051836729049683,-0.22862711548805237,-0.029406040906906128,0.0
0.059942781925201416,0.11096829175949097,-0.045439064502716064,-0.03133457899093628,-0.17152047157287598,0.0
-0.13132527470588684,-0.13498669862747192,0.12456643581390381,-0.012081742286682129,0.09073841571807861,0.0
-0.18497204780578613,0.06426835060119629,0.0820348858833313,0.12241286039352417,-0.12127581238746643,0.0
-0.10006743669509888,-0.05521047115325928,-0.13747620582580566,-0.14713037014007568,-0.23491302132606506,0.0
-0.16156113147735596,-0.054773926734924316,-0.3424011170864105,-0.12073606252670288,-0.2914637327194214,0.0
-0.34185439348220825,-0.019617557525634766,-0.11422330141067505,0.05822259187698364,-0.023334622383117676,0.0
0.0007208883762359619,0.03133460879325867,-0.3814395125955343,0.06046342849731445,-0.18111775815486908,0.0
0.020357787609100342,-0.2273542284965515,-0.0599556565284729,-0.16300415992736816,-0.10069721937179565,0.0
0.17135092616081238,0.5375137627124786,0.11788755655288696,-0.02956610918045044,-0.0061247944831848145,0.0
0.16266316175460815,0.05375760793685913,0.15906831622123718,0.38412466645240784,-0.013750433921813965,0.0
0.6904096901416779,0.4386623054742813,0.2694891057908535,0.02526828646659851,-0.01636892557144165,0.0
-0.4248238280415535,0.0893329381942749,0.015167236328125,0.18310195207595825,0.04811739921569824,0.0
-0.22051674127578735,-0.07592517137527466,-0.2073291838169098,-0.04634082317352295,-0.14793777465820312,0.0
0.30031559243798256,0.1241685152053833,-0.07424068450927734,0.3302231580018997,-0.097118079662323,0.0
0.05769646167755127,-0.23104343935847282,0.10972961783409119,-0.03738135099411011,-0.31765951216220856,0.0
0.15985441207885742,-0.024841248989105225,-0.14396481029689312,-0.14575976692140102,0.20692873001098633,0.0
0.005869150161743164,-0.11817985773086548,-0.26190686225891113,-0.7594711780548096,-0.3157661557197571,0.0
-0.3864125907421112,-0.14998114109039307,-0.1683385968208313,-0.07484227418899536,-0.11066192388534546,0.0
-0.47675569355487823,-0.37743353843688965,-0.35077571868896484,-0.23464435338974,-0.10821962356567383,0.0
-0.3421563506126404,-0.38846349716186523,0.0832298994064331,0.017969191074371338,0.029774188995361328,0.0
0.13747185468673706,0.06621930003166199,0.3765972927212715,0.09896594285964966,0.010783404111862183,0.0
0.16684281826019287,-0.0037068724632263184,0.23287099599838257,0.19557508826255798,0.09208500385284424,0.0
-0.45363473892211914,-0.13440823554992676,-0.15479999780654907,-0.16721612215042114,-0.0777750015258789,0.0
-0.7078585363924503,-0.5042366534471512,-0.713089294731617,-0.26547205448150635,-0.32600027322769165,0.0
0.04385936260223389,0.6474079713225365,0.4355161786079407,0.15699565410614014,0.06997418403625488,0.0
0.08195817470550537,0.022561192512512207,0.09493350982666016,0.0918433666229248,0.08641886711120605,0.0
0.48601435124874115,0.7659312933683395,0.48522377014160156,0.5243014842271805,0.24388280510902405,0.0
0.1896001547574997,-0.30444859713315964,-0.002811223268508911,0.18122531473636627,0.20746161043643951,0.0
-0.186466371640563,-0.6769735366106033,-0.17995908809825778,-0.23822293803095818,0.3270143121480942,0.0
0.18538373708724976,0.1412120759487152,-0.1826496720314026,-0.04292649030685425,0.1044456958770752,0.0
0.3350529372692108,0.4146644026041031,0.4909288361668587,0.07937926054000854,0.3186527192592621,0.0
0.6077979728579521,0.29561847448349,-0.10564452409744263,0.06871998310089111,0.034758806228637695,0.0
-0.33415044844150543,-0.20294639468193054,0.02641117572784424,-0.21223396062850952,-0.17104461789131165,0.0
-0.26482248306274414,-0.7089946568012238,-0.3769492506980896,-0.5346731841564178,-0.09920161962509155,-0.2687816619873047
-0.08902525901794434,0.03572720289230347,-0.12702566385269165,-0.009831726551055908,0.014143884181976318,0.0
-0.14496994018554688,0.14842766523361206,-0.08505570888519287,-0.12951064109802246,-0.30039387941360474,0.0
-0.23588669300079346,0.4210128132253885,0.05583503842353821,0.015446275472640991,0.2653248757123947,0.0
-0.10900628566741943,-0.09227752685546875,-0.4046021103858948,-0.08423501253128052,-0.11230641603469849,0.0
-0.4049341604113579,-0.2927195876836777,-0.3631373643875122,-0.08238449692726135,0.055049240589141846,0.0
0.15274494886398315,-0.040481388568878174,0.05293494462966919,0.16543525457382202,0.18939942121505737,0.0
0.2173171043395996,0.04388970136642456,0.16469481587409973,0.16138553619384766,0.04756087064743042,0.0
0.7909957095980644,0.4488125443458557,0.428651362657547,0.4152657687664032,0.07124882936477661,0.0
0.2624287009239197,0.25957077741622925,0.05673837661743164,-0.036213219165802,-0.020640790462493896,0.0
0.05856817960739136,0.2481936812400818,-0.01741933822631836,-0.03918343782424927,0.06530648469924927,0.0
0.3745858371257782,0.3209700733423233,0.43095188587903976,0.3856864720582962,0.3266334980726242,0.0
0.09425622224807739,0.12860101461410522,0.053520023822784424,-0.051526010036468506,0.1417144536972046,0.0
-0.0031896233558654785,0.024463415145874023,0.061130523681640625,-0.05742192268371582,0.04880726337432861,0.0
0.1496140956878662,0.4181413948535919,0.13664007186889648,0.21750479936599731,0.07109081745147705,0.0
-0.3992917537689209,-0.15252846479415894,-0.20591306686401367,-0.060846149921417236,-0.0737561583518982,0.0
-0.39202576875686646,-0.2227414846420288,-0.07772094011306763,-0.08310633897781372,-0.17458069324493408,0.0
-0.19597876071929932,-0.07446849346160889,-0.12856632471084595,-0.005290985107421875,-0.06237524747848511,0.0
0.2927466034889221,0.11233985424041748,0.0981634259223938,0.04714810848236084,0.04412245750427246,0.0
0.5323616676032543,0.10234934091567993,-0.07086443901062012,0.13035547733306885,0.06686747074127197,0.0
0.5458316802978516,0.44299665093421936,0.3586478531360626,0.1322476863861084,0.09089839458465576,0.0
-0.5385985933244228,-0.31973135471343994,0.050641000270843506,0.15228301286697388,0.1662379503250122,0.0
-0.3068762421607971,-0.18578052520751953,-0.18747174739837646,-0.01390063762664795,-0.15374380350112915,0.0
0.6248087584972382,0.596895381808281,0.40236830711364746,0.3020925223827362,0.15651005506515503,0.0
0.06815022230148315,-0.02374422550201416,0.4414063096046448,0.021274447441101074,-0.0640404224395752,0.0
0.19198334217071533,0.0026164650917053223,-0.009721755981445312,0.06937450170516968,0.010480523109436035,0.0
-0.9910324215888977,-0.9146900624036789,-0.2955639958381653,0.014976084232330322,-0.32740283012390137,0.0
-0.19831609725952148,0.0,-0.13627183437347412,-0.30434170365333557,-0.3797488808631897,0.0
0.42143628001213074,0.5313912779092789,0.1351994276046753,-0.09787988662719727,0.09676313400268555,0.0
-0.7899129539728165,-0.7553981244564056,-0.23168820142745972,-0.3925400972366333,0.05457961559295654,0.0
0.2999436855316162,0.2609841823577881,0.5400062501430511,0.39682236313819885,0.28210878372192383,0.0
0.24839341640472412,0.6660551577806473,0.7336897403001785,0.43728572130203247,0.3450467884540558,0.0
-0.09326791763305664,0.02593708038330078,-0.08143317699432373,-0.031620919704437256,-0.10629409551620483,0.0
-0.03393864631652832,-0.022705435752868652,0.33435142040252686,0.4551759362220764,0.07654470205307007,0.0
-0.040884554386138916,-0.04555225372314453,-0.10942751169204712,-0.06055325269699097,-0.11888706684112549,0.0
-1.0282546281814575,-1.232184261083603,-1.0526919662952423,-0.37582510709762573,-0.2559364438056946,0.0
-1.0368120074272156,-0.5013046264648438,-0.7617413103580475,-0.1257985234260559,-0.2615264654159546,0.0
-0.0015851259231567383,0.34177258610725403,-0.055264949798583984,0.08135533332824707,-0.05111038684844971,0.0
0.5355274677276611,0.1777973771095276,0.49249133467674255,-0.03657299280166626,0.009830355644226074,0.0
-0.3075414299964905,-0.10877752304077148,-0.05181771516799927,0.017494797706604004,0.00841754674911499,0.0
0.016921579837799072,0.3302527070045471,0.5038143694400787,0.04978132247924805,-0.04400897026062012,0.0
-0.624078243970871,-0.11079567670822144,-0.14473962783813477,-0.12926220893859863,-0.03400611877441406,0.0
0.0985260009765625,0.4120790362358093,0.09085869789123535,0.04348611831665039,-0.006612539291381836,0.0
-0.10125154256820679,-0.10817795991897583,-0.6412084102630615,-0.08387666940689087,-0.20247840881347656,0.0
-0.6214590966701508,-0.3822591006755829,-0.050192177295684814,0.05305600166320801,-0.3705233633518219,0.0
-0.17127132415771484,-0.07494550943374634,0.016510307788848877,0.04322129487991333,0.0608668327331543,0.0
0.2557007670402527,0.24944865703582764,0.04218775033950806,0.007140934467315674,0.10928100347518921,0.0
-0.08827722072601318,-0.16107171773910522,-0.25889915227890015,-0.23337095975875854,0.0280073881149292,0.0
-0.004736423492431641,-0.009790182113647461,0.04348653554916382,0.014262080192565918,0.009694039821624756,0.0
-0.24278342723846436,-0.1598537564277649,-0.2734338641166687,-0.03743535280227661,-0.0012805461883544922,0.0
-1.1713246405124664,-0.6444476693868637,-0.18327462673187256,-0.37311285734176636,-0.13014918565750122,0.0
-0.4604877531528473,-0.346126914024353,-0.12978386878967285,-0.059625089168548584,-0.19843530654907227,0.0
-0.4951368570327759,-0.2829122543334961,-0.1392189860343933,-0.083626389503479,-0.015505075454711914,0.0
-0.03129279613494873,-0.10443270206451416,-0.008366525173187256,0.021880030632019043,0.003152608871459961,0.0
0.17253881692886353,0.09591758251190186,-0.04174238443374634,-0.05790364742279053,-0.05134397745132446,0.0
0.7954433104023337,0.7600564211606979,0.06533944606781006,0.035360753536224365,0.06703019142150879,0.0
-0.07754850387573242,-0.04859161376953125,-0.1763145923614502,-0.028403103351593018,0.03930938243865967,0.0
-0.14883440732955933,-0.08566898107528687,-0.20321714878082275,-0.08013790845870972,-0.004192531108856201,0.0
-0.7350437939167023,-0.03094661235809326,-0.06343311071395874,0.0011200308799743652,-0.08981430530548096,0.0
-0.8792504742741585,-0.16224408149719238,-0.07876896858215332,-0.1307976245880127,-0.0449560284614563,0.0
0.11898684501647949,0.1652226448059082,0.20950835943222046,0.00711899995803833,-0.05405998229980469,0.0
0.18547260761260986,0.07605057954788208,0.04357355833053589,0.028704583644866943,0.036444902420043945,0.0
0.27629125118255615,0.18904238939285278,1.1618670225143433,1.0490337014198303,0.06720596551895142,0.0
0.07810300588607788,0.20153290033340454,0.056571245193481445,0.043508827686309814,0.010719716548919678,0.0
0.07375442981719971,-0.03500908613204956,0.13823002576828003,-0.1075102686882019,0.028885841369628906,0.0
0.003602325916290283,0.005170881748199463,-0.0857611894607544,0.014974892139434814,-0.038274943828582764,0.0
-0.12487518787384033,-0.5013084709644318,-0.19694536924362183,-0.25114017724990845,-0.10442781448364258,-0.3336620330810547
0.04925817251205444,0.040250420570373535,0.040514588356018066,0.007870912551879883,0.030987262725830078,0.0
-0.11949306726455688,-0.0046631693840026855,-0.05349332094192505,-0.03872823715209961,-0.1505541205406189,0.0
0.13922756910324097,0.6457300782203674,0.643742024898529,0.3034740090370178,0.35309845209121704,0.0
0.018262267112731934,-0.06180286407470703,-0.07443886995315552,-0.10685950517654419,-0.0661974549293518,0.0
0.2957586646080017,0.07392525672912598,0.4252210259437561,-0.06724220514297485,0.046186089515686035,0.0
0.06967109441757202,0.30924034118652344,0.2273317575454712,0.025710344314575195,0.055377960205078125,0.0
-1.2985975742340088,-0.7773447632789612,-0.5933666527271271,-0.057884156703948975,-0.008790075778961182,0.0
-0.02942371368408203,0.76752620190382,0.19754332304000854,-0.038315773010253906,-0.10689538717269897,0.0
0.42045310139656067,0.054836153984069824,0.09852993488311768,-0.08832907676696777,-0.0514412522315979,0.0
-0.0818779468536377,0.010370969772338867,0.0041522979736328125,-0.024879515171051025,-0.20510470867156982,0.0
0.0021212100982666016,-0.031209170818328857,-0.0021413564682006836,-0.009731948375701904,0.005668997764587402,0.0
0.2871454358100891,0.19976264238357544,0.2358495593070984,-0.008063197135925293,-0.020004689693450928,0.0
0.3635340929031372,0.23052364587783813,0.2217463254928589,0.02461475133895874,0.2588018774986267,0.0
0.11194252967834473,-0.032379865646362305,-0.043560683727264404,-0.006939053535461426,0.07845419645309448,0.0
-0.11270052194595337,-0.03476053476333618,-0.014287054538726807,-0.0037474632263183594,-0.0037788748741149902,0.0
0.05278348922729492,-0.1427156925201416,-0.1487329602241516,0.019177019596099854,-0.08550888299942017,0.0
-0.0722009539604187,0.02986586093902588,0.03522688150405884,0.038768470287323,-0.13784170150756836,0.0
0.2909368872642517,0.6672850549221039,0.2399541735649109,0.04458010196685791,0.029823482036590576,0.0
-0.06715726852416992,-0.30990248918533325,-0.33108633756637573,-0.03051239252090454,-0.21370536088943481,0.0
-0.18777400255203247,-0.3828366994857788,-0.18182742595672607,-0.1603803038597107,0.02207726240158081,0.0
-0.46388810873031616,-0.2653234004974365,-0.04463547468185425,-0.14789170026779175,0.0303918719291687,0.0
0.3251808285713196,0.13566899299621582,0.044057488441467285,0.04028952121734619,0.01610034704208374,0.0
0.03195160627365112,0.06045275926589966,0.007361888885498047,0.23076295852661133,-0.04953128099441528,0.0
-0.09935468435287476,-0.02590090036392212,-0.08422136306762695,0.03584766387939453,0.016832053661346436,0.0
0.026741862297058105,0.05234980583190918,0.038571178913116455,0.03286540508270264,0.004895985126495361,0.0
0.021000981330871582,-0.009995877742767334,-0.02671760320663452,-0.11860853433609009,-0.07523036003112793,0.0
-0.08084100484848022,-0.5876871645450592,-0.3129523992538452,-0.0132676362991333,-0.05280029773712158,0.0
0.05199313163757324,0.06328105926513672,0.03626668453216553,0.009671211242675781,-0.004447281360626221,0.0
-0.03837728500366211,-0.17120516300201416,-0.040770769119262695,-0.0794827938079834,-0.0721750259399414,0.0
-0.004753053188323975,0.00904303789138794,0.038537025451660156,0.01229238510131836,0.008316457271575928,0.0
0.22900468111038208,0.4850546419620514,0.3999629616737366,0.0008359551429748535,-0.05574774742126465,0.0
-0.20927953720092773,-0.21167153120040894,-0.6385584771633148,-0.07243490219116211,0.042246997356414795,0.0
0.33097851276397705,0.06161445379257202,0.00868457555770874,0.0011287927627563477,0.07607686519622803,0.0
-0.0022368431091308594,-0.004224121570587158,0.10277777910232544,0.07054847478866577,0.01639556884765625,0.0
0.004520535469055176,-0.020911097526550293,-0.02073991298675537,-0.05748951435089111,-0.11695665121078491,0.0
-0.11276644468307495,-0.00045740604400634766,0.02711176872253418,-0.06155598163604736,0.019825100898742676,0.0
0.06280165910720825,0.06749606132507324,0.023783087730407715,0.04726678133010864,0.005640625953674316,0.0
-0.628404825925827,-1.114293098449707,-0.20525652170181274,-1.3106724619865417,0.04469597339630127,0.0
-0.2709501385688782,-0.4911474287509918,-0.07986164093017578,-0.3288860321044922,-0.2527339458465576,0.0
0.3057348132133484,0.012665092945098877,0.021192729473114014,-0.022038161754608154,-0.017039060592651367,0.0
-0.029048681259155273,-0.06811225414276123,-0.2890858054161072,-0.03670191764831543,-0.0017826557159423828,0.0
-0.2668333053588867,-0.16439998149871826,-0.009029269218444824,-0.030931591987609863,0.03826838731765747,0.0
0.4253782629966736,0.1592710018157959,0.033010005950927734,0.018854200839996338,0.01732766628265381,0.0
0.5387046039104462,-0.005342662334442139,0.00743478536605835,-0.01714479923248291,-0.0022696852684020996,0.0
-0.4618394374847412,-0.0727078914642334,-0.5062267482280731,-0.12128758430480957,-0.06096839904785156,0.0
-0.025216996669769287,-0.24602925777435303,-0.0026687979698181152,0.004584968090057373,-0.06746453046798706,0.0
0.13564401865005493,0.17236202955245972,0.07611250877380371,0.06655877828598022,0.0015904903411865234,0.0
0.60975581407547,0.4621050953865051,0.24252772331237793,0.058580756187438965,0.04319596290588379,0.0
0.06452971696853638,0.04589813947677612,0.00880962610244751,0.010165989398956299,0.023859918117523193,0.0
-0.011592626571655273,0.005564093589782715,-0.06193619966506958,-0.05780559778213501,-0.021315157413482666,0.0
0.04421365261077881,0.07227158546447754,0.22646808624267578,0.028403103351593018,0.0021901726722717285,0.0
0.14913737773895264,0.00486910343170166,0.007333993911743164,-0.011147797107696533,-0.012346327304840088,0.0
0.2476477026939392,0.14061284065246582,0.10966736078262329,0.005092263221740723,0.07004570960998535,0.0
0.20194339752197266,0.01889204978942871,0.007612287998199463,0.006478309631347656,0.016367554664611816,0.01127767562866211
0.22121530771255493,0.21359920501708984,0.08284670114517212,0.8452834635972977,0.6649326086044312,0.20389395952224731
-0.0021828413009643555,0.14840549230575562,0.20629560947418213,0.015153646469116211,-0.004178941249847412,0.0
0.09028619527816772,-0.01034390926361084,0.07905304431915283,-0.009544610977172852,0.029299020767211914,0.0
0.07904303073883057,0.020525813102722168,-0.003938078880310059,0.004011213779449463,0.00780874490737915,0.0
0.03409743309020996,0.03335773944854736,0.02671867609024048,0.022912323474884033
-0.0021584033966064453,-5.602836608886719e-05,-0.008472621440887451,0.0053795576095581055,0.003053009510040283,0.0
-0.07508283853530884,-0.00780940055847168,-0.24154800176620483,-0.12605774402618408,-0.05228513479232788,0.0
0.237909734249115,0.10649412870407104,0.7273535132408142,0.14724403619766235,0.019389688968658447,0.0
-0.07863914966583252,-0.1985045075416565,-0.048291921615600586,-0.014725267887115479,-0.006817340850830078,0.0
0.04363274574279785,0.02823197841644287,0.016921162605285645,0.00782090425491333,0.012672245502471924,0.0
0.016268372535705566,0.1771869659423828,0.056925058364868164,0.008201658725738525,0.012943804264068604,0.0
-0.5105838179588318,-0.12149399518966675,-0.017902612686157227,0.004350900650024414,0.016836106777191162,0.0
0.0652165412902832,0.041235506534576416,-0.008646547794342041,0.0002988576889038086,-0.0033385753631591797,0.0
-0.008193016052246094,-0.023197054862976074,0.0027088522911071777,0.01356053352355957,0.020684540271759033,0.0
0.012705624103546143,-0.0053231120109558105,0.020388007164001465,-0.02131563425064087,0.012170970439910889,0.0
0.13087427616119385,0.10892343521118164,0.508080244064331,0.04699450731277466,0.008439064025878906,0.0
0.00920039415359497,0.014581501483917236,0.018840253353118896,0.007005631923675537,0.02640664577484131,0.0
0.0020931363105773926,0.002415776252746582,0.0008335113525390625,-0.001697242259979248,0.0022188425064086914,0.0
0.04106712341308594,0.01659494638442993,-0.00847482681274414,0.05165457725524902,-0.0015018582344055176,0.0
0.5698383152484894,0.1277030110359192,0.05519133806228638,0.003345191478729248,0.09932434558868408,0.0
0.21893155574798584,0.1957501769065857,0.12380307912826538,0.007816672325134277,-0.0005486011505126953,0.0
-0.010760128498077393,-0.026852190494537354,-0.02428901195526123,0.004440784454345703,0.014314770698547363,0.0
-0.03566509485244751,-0.0916396975517273,-0.11296004056930542,-0.02479475736618042,0.0016855597496032715,0.0
-0.05272549390792847,-0.03970521688461304,0.015975594520568848,-0.00043398141860961914,-0.15256237983703613,0.0
0.02215397357940674,0.2800407409667969,0.354741632938385,0.0395163893699646,0.057291507720947266,0.0
0.05192279815673828,0.30569988489151,0.5278835594654083,0.05351835489273071,0.011236846446990967,0.0
-0.07796430587768555,-0.3174525499343872,-0.009022295475006104,-0.03296023607254028,0.015031874179840088,0.0
0.130107581615448,0.0873141884803772,0.10298287868499756,0.0733526349067688,0.035573720932006836,0.0
0.11400282382965088,0.012608826160430908,0.010320782661437988,0.0003871917724609375,-0.002860426902770996,0.0
-0.024612605571746826,-0.02522045373916626,-0.006823599338531494,-0.029161810874938965,0.0012489557266235352,0.0
0.03335130214691162,0.07054328918457031,0.045740365982055664,0.04329371452331543,0.02467721700668335,0.0
0.032724082469940186,0.025419414043426514,0.008020937442779541,-0.001748204231262207,0.012086153030395508,0.0
-0.005834698677062988,-0.0028957724571228027,-0.01124870777130127,-0.0010665059089660645,-0.0031366944313049316,0.0
-0.011215746402740479,-0.01658087968826294,-0.00244981050491333,0.00429379940032959,-0.011314988136291504,0.0
0.00857478380203247,-0.006308078765869141,0.00593256950378418,-0.013911724090576172,-0.042104363441467285,0.0
0.10460573434829712,0.07107830047607422,-0.01877140998840332,-0.02167201042175293,0.025894522666931152,0.0
0.005815565586090088,0.020370066165924072,0.019299209117889404,0.008341729640960693,0.07311004400253296,0.0
0.0176660418510437,0.03196316957473755,0.015178203582763672,0.02106863260269165,0.052720069885253906,0.0
-0.0009341239929199219,-0.0006760358810424805,0.0009619593620300293,0.0002777576446533203,0.0010832548141479492,0.0
0.33901268243789673,0.3229439854621887,0.07677161693572998,0.032048583030700684,0.0024463534355163574,0.0
0.05238938331604004,-0.0042144060134887695,0.03672313690185547,0.01453334093093872,0.009122073650360107,0.0
0.04004251956939697,0.010938644409179688,0.04313308000564575,0.243769109249115,0.03626364469528198
-0.0028450489044189453,-0.09561771154403687,-0.13256549835205078,-0.016218364238739014,-0.0034894943237304688,0.0
-0.01992255449295044,-0.018641352653503418,0.0008823871612548828,0.004752933979034424,0.003740668296813965,0.0
0.03885018825531006,0.15798085927963257,0.08489453792572021,0.02076476812362671,0.025906503200531006,0.0
-0.008251309394836426,-0.07705754041671753,-0.03836876153945923,0.0015757083892822266,-0.023288488388061523,0.0
0.06050384044647217,0.1473131775856018,0.02488952875137329,0.00813150405883789,0.038512587547302246,0.0
0.003976702690124512,-0.011437952518463135,-0.001966714859008789,-0.015159904956817627,0.00404047966003418,0.0
-0.029552042484283447,0.0002733469009399414,-0.013531804084777832,-0.004149198532104492,-0.014515399932861328,0.0
0.017323434352874756,-0.0018581748008728027,-0.005371749401092529,0.03450620174407959,0.062235474586486816,0.0
-0.010662555694580078,0.02172905206680298,0.057217538356781006,-0.006454408168792725,-0.006269633769989014,0.0
0.030255913734436035,0.015720129013061523,0.030099213123321533,-0.001223444938659668,-0.000324249267578125,0.0
0.011892914772033691,0.0071602463722229,0.004140257835388184,0.009037315845489502,0.007027626037597656,0.0
-0.10966181755065918,-0.1235123872756958,-0.13358551263809204,-0.011809289455413818,-0.003029465675354004,0.0
0.02840590476989746,0.002920806407928467,0.00509190559387207,-0.0015271306037902832,-0.00537639856338501,0.0
0.18721073865890503,-0.00016266107559204102,0.008474111557006836,0.0068933963775634766,0.08335363864898682,0.0
0.1335432529449463,0.06735372543334961,0.06206995248794556,0.012328267097473145,0.015501260757446289,0.0
0.03054487705230713,0.026460349559783936,0.04911834001541138,-0.008334875106811523,-0.012265324592590332,0.0
0.5574243068695068,0.318559467792511,0.01592576503753662,0.004802823066711426,0.010406553745269775,0.0
0.2821490168571472,0.007795751094818115,0.004901528358459473,0.0017538070678710938,0.017235994338989258,0.0
-0.05798530578613281,-0.10410416126251221,-0.013848066329956055,-0.009844958782196045,0.00250852108001709,0.0
-0.03139197826385498,-0.009422540664672852,-0.005128443241119385,0.001765131950378418,-0.010342061519622803,0.0
0.0435447096824646,0.015373766422271729,0.008006095886230469,-0.007644951343536377,-0.00754237174987793,0.0
-0.23142212629318237,-0.32882171869277954,-0.030575573444366455,-0.053515493869781494,0.0013027787208557129,0.0
-0.006912589073181152,-0.024555742740631104,-0.005806028842926025,-0.004825294017791748,0.001303553581237793,0.0
0.07772177457809448,0.02977466583251953,0.03571784496307373,0.0013560056686401367,0.007249593734741211,0.0
0.024630367755889893,0.025680184364318848,0.006433844566345215,-0.0005730390548706055,0.0061776041984558105,0.0
-0.006056845188140869,0.00017207860946655273,-0.004484832286834717,-0.0006631612777709961,-0.005508542060852051,0.0
0.011352241039276123,0.0044255852699279785,0.0010750889778137207,0.00013560056686401367,6.973743438720703e-05,0.0
-0.06082719564437866,-0.010019302368164062,-0.0479661226272583,-0.0031739473342895508,-0.0135573148727417,0.0
0.01563239097595215,0.014660358428955078,0.009072065353393555,0.002739429473876953,0.013548552989959717,0.0
-0.002215862274169922,7.30752944946289e-05,-0.00788193941116333,0.0018369555473327637,0.00012004375457763672,0.0
-0.05379575490951538,-0.261232852935791,-0.06115144491195679,-0.03904062509536743,-0.005062282085418701,0.0
0.10584098100662231,0.0946844220161438,-0.0178413987159729,0.007975876331329346,-0.007772684097290039,0.0
0.03655058145523071,0.017518818378448486,0.024840354919433594,0.02602970600128174,0.01400822401046753,0.0
-0.04499959945678711,-0.07366073131561279,0.0010976791381835938,-0.000532686710357666,0.004060626029968262,0.0
0.001834869384765625,0.00948244333267212,-0.0005903840065002441,0.001141965389251709,0.005189180374145508,0.0
0.014745116233825684,0.010163366794586182,0.002730071544647217,-0.001061558723449707,0.004583597183227539,0.0
0.0031284093856811523,-0.015280961990356445,-0.002167820930480957,-0.0013159513473510742,-0.01203012466430664,0.0
-0.00015497207641601562,-0.007973551750183105,0.0030481815338134766,0.0007500648498535156,-0.005705356597900391,0.0
0.28373873233795166,0.0236661434173584,0.0016965270042419434,0.03687608242034912,0.012417495250701904,0.0
0.013685941696166992,0.0006211400032043457,0.010390400886535645,-0.0004214644432067871,-0.00022125244140625,0.0
-0.11556953191757202,-0.022305309772491455,-0.028212904930114746,-0.027735769748687744,-0.014999866485595703,0.0
0.8183589726686478,0.36409544944763184,0.39349329471588135,0.060966312885284424,0.022694408893585205,0.0
0.028299450874328613,0.04321485757827759,0.027964532375335693,-0.004398345947265625,0.017858922481536865,0.0
0.09117156267166138,0.025225162506103516,0.0373569130897522,0.02856004238128662,0.017786145210266113,0.0
0.001878976821899414,0.005464076995849609,0.010850965976715088,-0.0017167329788208008,-0.0003788471221923828,0.0
-0.21593433618545532,-0.058454155921936035,-0.020073294639587402,-0.0027738213539123535,0.00041109323501586914,0.0
-0.0007495880126953125,-0.003649890422821045,-0.0007364153861999512,-0.00017637014389038086,0.0015755891799926758,0.0
-0.0382533073425293,-0.011781275272369385,-0.033321917057037354,-0.008228898048400879,-0.006691694259643555,0.0
0.010648190975189209,7.992982864379883e-05,0.0014800429344177246,0.005713999271392822,0.001704096794128418,0.0
0.0030197501182556152,0.002629697322845459,0.0027545690536499023,0.003099977970123291,0.00590282678604126,0.0
0.0073961615562438965,0.014423787593841553,0.019589900970458984,-0.008503735065460205,0.011647939682006836,0.0
0.06718999147415161,0.019383907318115234,0.006674766540527344,0.0018509626388549805,0.011191070079803467,0.0
-0.14248347282409668,-0.6707780957221985,-0.025820493698120117,0.0027840137481689453,0.00448918342590332,0.0
0.0008944272994995117,0.0027391910552978516,0.003013312816619873,-0.0005384683609008789,0.004266321659088135,0.0
-0.009160995483398438,-0.03290736675262451,0.00983518362045288,0.002331554889678955,0.009049177169799805,0.0
0.009248435497283936,0.0019598007202148438,0.011695623397827148,-0.0009881258010864258,0.007113039493560791,0.0
-0.00924217700958252,-0.000727534294128418,0.0011839866638183594,-0.017252624034881592,0.0005038976669311523,0.0
0.004430174827575684,-0.012660503387451172,0.004413127899169922,0.0012694001197814941,0.0042833685874938965,0.0
0.0022459030151367188,0.008709430694580078,0.001963198184967041,0.0007528066635131836,-0.00278627872467041,0.0
0.0009276866912841797,-0.003460824489593506,0.002462923526763916,0.0006334185600280762,0.0019028186798095703,0.0
-0.03306770324707031,-0.006859838962554932,-0.010781824588775635,0.0017836689949035645,-0.003748178482055664,0.0
-0.012822866439819336,-0.0012663602828979492,-0.004810690879821777,-0.0004888176918029785,-0.007117211818695068,0.0
-0.009817957878112793,-0.004848122596740723,-0.001867532730102539,-0.004160642623901367,0.0003961324691772461,0.0
-0.004766881465911865,-0.03360188007354736,-0.014802694320678711,-0.007717430591583252,0.00011044740676879883,0.0
0.004746913909912109,0.06525343656539917,-0.002782881259918213,0.0012312531471252441,-0.0032231807708740234,0.0
-0.10282689332962036,-0.05199068784713745,-0.09750115871429443,-0.0030027031898498535,-0.010172903537750244,0.0
0.0027260780334472656,-0.027534067630767822,-0.009741246700286865,-0.011824369430541992,-0.0066561102867126465,0.0
0.0015202760696411133,0.04407602548599243,0.013171017169952393,3.254413604736328e-05,-0.0006535053253173828,0.0
0.009925127029418945,0.02853327989578247,0.012500762939453125,0.01620316505432129,0.010205328464508057,0.0
-0.035575926303863525,-0.026210665702819824,0.003166019916534424,0.0050054192543029785,0.004023134708404541,0.0
-0.00524371862411499,0.009829282760620117,0.012577533721923828,0.06293010711669922,0.01844257116317749,0.0
