-0.14085673708498472,0.4144087001264095,0.228478314101696,0.11282235562801361,-0.006566244363784793,-0.09197336435317993
0.2693137677681446,0.13674648295640945,-0.003919052958488458,0.006557451486587524,-0.23160432577133178,0.0027500391006469727
-0.00014056500673293533,0.047186858820915216,-7.237839698791423e-05,-0.0004832816123962402,-0.022398042678833007,0.0011353492736816406
-0.00846316209256644,-0.020210564035177195,-0.032182269513607024,-0.07959100186824802,-0.402349990606308,-7.706880569458008e-05
-0.14794346711814407,0.03879656370282175,0.09680875998735428,-0.07626887977123259,0.16723464131355287,-0.0008712410926818848
0.04189610822379588,-0.02262644918560983,0.047764723479747785,-0.0014228898286819487,-0.10316227078437805,0.0008617043495178223
-0.049169126800894726,-0.031329198735952385,0.13229895073175432,0.003897486329078675,-0.01610974669456482,-0.00019210577011108398
0.05697640260040761,0.28626769207119945,0.07118045645952224,-0.0019479531049728382,-0.012142938375473027,-0.042556703090667725
0.010847222878932888,0.12380690715312956,-0.3275483367443085,-0.04480018854141235,-0.044564700126647955,-0.25480949878692627
-0.15608227575540543,-0.14515380423069,0.04172591853141785,0.0016081166267395027,0.02705698013305664,0.00021409988403320312
0.031214500275850297,-0.044106813704967496,-0.017602678179740906,0.033181711435317986,-0.07434078454971313,0.0030406713485717773
0.010584712606668503,-0.03078566592931748,0.10403998911380768,0.3955742299556732,-0.17305660247802734,-0.1069796085357666
-0.0036372871607542046,0.013482070475816725,0.0185978153347969,-0.2819381445646286,-0.12361368536949158,0.038349926471710205
-0.003098746183514592,-0.05901835587620735,-0.02566772729158401,0.007323953509330745,-0.02022150158882141,0.031031668186187744
0.01739696928441524,-0.06051403208374979,-0.0632507262825966,0.0372903150320053,-0.20581803917884828,-0.060166895389556885
-0.035477431197166454,0.028625095796585093,0.021891422748565675,-0.07302058219909667,0.17621092796325682,0.10223281383514404
0.15951196150243285,-0.004894161707162864,0.014453768193721767,-0.028396249413490282,-0.0497674286365509,0.09058409929275513
-0.24089539107084273,-0.21148476397991178,0.046332374811172486,0.06728180646896363,0.0787583589553833,-0.009861588478088379
-0.06201862439274789,-0.23259714957475663,-0.0062563101053237855,0.11814339518547058,0.036216461658477785,-0.005231142044067383
-0.02452400203466415,0.14182133944034572,0.1324770348072052,-0.15509242296218873,-0.18073387145996095,0.0676800012588501
0.03228391240328551,-0.04360730967819691,0.027609053343534473,0.03814743965864182,-0.003970673680305481,0.0013165771961212158
0.09054387414455414,0.03912098765373231,0.08784123659133912,0.10005748271942139
0.0985127791893482,0.07596321736574173,-0.09584292399883271,-0.02248190760612488,-0.046703803539276126,0.0005887746810913086
-0.18508615405201914,-0.032400911724567404,0.020927250742912296,-0.013440052270889284,0.043614661693573,0.06789231300354004
0.1278447276544571,0.09475334553718569,0.12331242990493775,0.09860265731811524,0.01544780731201172,-0.02021503448486328
-0.02172648578882216,-0.05570358335971834,-0.001212626695632931,-0.0037714838981628487,-0.11030614376068115,0.022082924842834473
0.04478929450154305,0.027662559902668,0.02855954849720002,0.012768951654434202,-0.002344882488250738,0.15971159934997559
0.008296552689075469,0.09804785625934602,-0.0026802842617034872,0.011275761127471935,0.25780935287475587,-0.0035477876663208008
0.08137149528026581,0.026391092443466185,-0.02507977628707886,0.02375988006591797,-0.006744885444641113,-4.6253204345703125e-05
-0.034500504105687196,-0.13853380478024485,-0.28161231452226637,-0.32228242218494413,-0.09209101796150208,-0.07585412263870239
-0.03578224720299244,-0.1725264715015888,-0.16407694274187087,0.010307013392448425,0.01926845908164978,0.04841262102127075
-0.08416546777665615,-0.11781409267783165,0.017457638800144195,-0.035212067961692815,-0.06205489039421082,0.0010659098625183105
-0.009683290127813826,0.029770655760169032,-0.00827718296647073,0.021312893331050867,0.029154917597770683,-0.10802707076072693
0.07867359411180018,-0.4285007131159305,0.028009612023830413,0.13363747537136078,0.20658332705497742,-0.000714719295501709
0.030019814630746863,-0.11154367431402205,0.13325490438938142,0.02099165081977844,-0.023202335834503166,0.13649022579193115
0.12153596896469594,0.06751922786831856,-0.06916194027662277,0.0025212889909744267,-0.03138739466667175,0.003978073596954346
0.04529158514261245,-0.05362784154415131,-0.0601518075466156,0.01795431852340698,-0.017818975448608398,-0.000647425651550293
0.1939933180040121,0.14467867206931112,-0.0028328543305397025,-0.07681047976016998,-0.06048613190650941,-0.09557610750198364
-0.0005494125336408596,-0.012625893801450728,0.019900842010974886,0.008077338337898254,9.134411811828613e-05,-0.0007709860801696777
0.030265619404315963,0.018723066258430468,-0.027277871847152718,-0.040465576648712163,-0.10151629447937012,-0.0735170841217041
-0.16602679147899152,-0.08127883688807487,0.02788341027498244,-0.09686867415904998,0.0634660542011261,0.034533917903900146
0.0327324381506443,-0.05456578830480576,0.03951695120334626,0.16481680512428284,-0.07576617002487183,-0.08109903335571289
0.04799285745799542,-0.08233596642613411,-0.032531704723835,0.09520143687725066,-0.08567736744880676,0.08087259531021118
-0.09093416733801366,0.001962107604742063,0.026654515206813813,0.06195244252681732,0.12601458430290222,0.02264803647994995
-0.048121896111965184,-0.029832220435142515,-0.0042413079738616915,-0.04877582788467407,0.022568464279174805,0.0011444091796875
0.003893247877955434,0.0558769610583782,-0.0083374417424202,-0.0563843423128128,-0.0281940758228302,-0.01088017225265503
0.11274468745350838,0.08949279614686967,0.06817863857746126,0.060305114984512326,0.050900375843048094,-0.0004938840866088867
0.11404280499696733,-0.0202037379026413,-0.06490200591087342,0.06138377904891967,-0.01178152561187744,0.01598966121673584
0.033966685999035844,-0.02948486620783806,0.0006667793393135123,0.07852625191211701,-0.017363303899765016,-0.004654586315155029
-0.18334391073465348,-0.04669602663516998,0.013850508451461793,-0.0046985697746276854,0.012498569488525391,-0.007870912551879883
-0.05957267483651639,0.06350936933159829,0.04845648390054703,-0.04785690724849701,-0.00189639925956726,0.025448381900787354
0.07964755341410637,-0.032161195576190946,0.012064620852470394,0.0031583011150360107,-0.051559507846832275,-0.0011354684829711914
-0.15313897859692574,-0.19927592555284504,-0.08386553966999054,0.02786720633506775,0.03953365087509155,0.009805798530578613
-0.08166885494709014,-0.031673114824295044,-0.06836756658554077,-0.11793675899505615,-0.06061716079711914,0.052916526794433594
0.043028083828091625,0.03343545439839363,-0.0741879913210869,-0.021848079562187192,-0.0779089629650116,0.000934302806854248
0.02105301109313966,-0.05450229415893558,-0.018561996459960928,0.017776646614074715,-0.0007808446884155218,0.13302111625671387
0.09950904916524884,-0.0024485050439834494,-0.0031317007541656486,0.05035485029220581,0.05919206142425537,-0.005574822425842285
0.06902620249152183,-0.006017055189609528,-0.011192655205726623,0.009911020994186403,0.012532627582550047,-0.004498124122619629
0.0307675192028284,-0.021101215451955792,0.019683000147342682,0.03980046808719635,0.03711250424385071,-0.0017336010932922363
-0.07372810897290709,-0.06022091769576071,0.001598043978214279,0.03945772707462311,0.11420195698738098,0.020220935344696045
-0.08236524186730386,-0.03331121164560318,0.003941430449485781,0.003634971380233766,0.02173680067062378,0.001074671745300293
-0.07173852803826332,0.03093078531026839,-0.015304653763771044,-0.08308857560157774,0.07460819482803345,0.018648624420166016
-0.03670544913351536,0.01091776632666588,0.0074331445097923325,-0.07481055319309235,-0.13427143692970275,0.014333069324493408
0.17646378337204457,0.06043374603390692,0.014349752724170679,-0.016509301066398623,-0.05092310309410095,0.02584630250930786
0.01823363541722298,0.009273299896717067,0.0033398572206497197,-0.017923513650894167,-0.019800806045532228,0.006838381290435791
-0.024972509330511088,-0.09229619854688642,0.14314942002296446,-0.04237667620182038,-0.09148544073104858,0.024035945534706116
-0.27205922384917736,-0.1812394038379192,0.05216263228654862,0.1037745839357376,0.11444645524024963,-0.027025878429412842
0.16519435582339764,0.022976887863874435,-0.0291234777569771,-0.01042166531085968,0.12693037390708922,0.01043003797531128
-0.007513730545639996,-0.11303964458107947,-0.023611819326877594,-0.008818016648292543,-0.02961309552192688,0.0018622279167175293
0.019545610812306408,0.03413756254315377,0.06547009021043779,0.04817557632923126,-0.025028318166732788,-0.0018545985221862793
0.24553567067801954,0.18515798665881156,0.025318962752819058,0.07617147147655487,-0.024366694688797,-0.009416759014129639
0.0398466977918148,-0.004902438604831701,-0.00909773981571198,-0.00698220372200012,0.07399996519088745,-0.00344240665435791
0.0683148241055012,0.034368406403064725,-0.12344392287731171,0.015593014955520628,-0.0010777592658996584,-0.0025130510330200195
-0.12533958439588547,-0.014202878260612494,-0.005525731801986697,-0.074624445438385,-0.10672936439514161,0.0003025531768798828
-0.07685677156331011,-0.10639661931861187,0.9850572338383644,-0.09693745212629436,-0.05324109215289354,0.06805177219212055
0.06393732205629349,0.08325353348255156,-0.048323901891708376,0.05329307317733765,-0.049535274505615234,-0.028278827667236328
-0.10126666223049165,-0.11445632681846618,0.03922584867477416,-0.06499141216278076,0.041013693809509276,0.008160710334777832
0.02115768128216267,0.04322767184376716,-0.0025810806155204774,0.002140710949897766,-0.0019680678844451903,0.0006584525108337402
-0.15317276364445687,-0.08727799130678178,0.006463083148002624,0.01994600176811218,-0.04622529745101929,0.017638087272644043
0.04675817906439303,0.014917855125665676,-0.07741470617055896,0.011463413834571844,0.09129412770271302,-0.01949387788772583
-0.17181545076131818,-0.05333045651912689,-0.020276479482650763,-0.15375778913497926,-0.03701684474945068,0.0024566650390625
-0.05395137699067593,-0.03266665043234825,-0.02427203458547592,0.0033083778619766233,0.012168246507644653,-0.0022746920585632324
0.037252470249533653,0.08454850911498071,0.03997356361150741,-0.0063594108819961526,0.029045528173446654,-0.0005752444267272949
0.03076515727818013,0.012468873721361158,-0.0056119768023490954,-0.057685663104057316,-0.06914131045341491,-0.004844248294830322
-0.01469565616250039,0.08755424302816389,0.22566579759120936,-0.06365068554878235,-0.08490008115768433,-0.10332942008972168
0.012180722101330763,-0.016802111881971355,0.0519094427227974,0.04864063084125519,0.011729556322097778,0.0010834336280822754
4.192083239555437e-05,0.09744977387189865,-0.0020235177278518663,0.009532173871994018,0.012324011325836182,0.009240150451660156
0.1154684731078148,0.06932566659450531,-0.030663365602493282,-0.027146465778350826,0.004099202156066894,0.00723111629486084
-0.021075525484681154,-0.07281453366875648,-0.111140023291111,-0.02974829256534576,0.09280015826225281,0.06310683488845825
-0.03716977776251267,-0.0085184929813724,-0.011937643289100372,0.04953870665747672,-0.02792687569744885,-0.0007614102214574814
-0.025637815935611732,0.07750357682704928,0.025543057203292835,-0.02500418901443481,0.10388760566711425,-0.05254077911376953
0.0036586080133915013,-0.0041225051283836295,0.07543125689029694,0.055371290445327764,0.057754456996917725,-0.006753802299499512
-0.029636592369079583,0.05240278034210205,-0.0004069166183471662,0.020012860298156736,-0.024454522132873534,-0.0028229951858520508
-0.0030709537112712927,-0.04738980225324632,0.02226286804676055,-0.11428654551506041,0.014111793041229248,0.004036068916320801
0.06659138201773167,0.018690029770135886,0.02165408045053483,0.04332808554172516,0.0783478319644928,-0.004159510135650635
-0.09566941136538981,-0.09654709889292716,0.05872391778230668,0.08846242249011993,0.04917867779731751,0.11545103788375854
0.07084648714601993,-0.022861572259664537,0.02968632274866104,-0.0345136159658432,-0.043231672048568724,-0.006614267826080322
-0.012423160184025762,-0.056080489808321005,-0.04196680194139481,-0.013843052983283994,-0.05056810975074768,0.029687941074371338
-0.06432301195681095,-0.010314985471963889,-0.050979636728763586,-0.01649984896183014,-0.020099979639053345,0.00021141767501831055
-0.04919639460742474,-0.022520988434553146,-0.039664141833782196,-0.0023936480283737196,-0.05008086562156677,0.004062950611114502
0.013118940536379806,-0.07175741599202157,-0.008735171139240267,-0.04085202038288117,-0.02584107518196106,0.00148850679397583
-0.06047539708077908,0.008359167343378077,0.023756130278110504,0.046724725365638736,0.07373576760292053,-0.026475727558135986
-0.06328047425806523,-0.09051271181702614,0.011236116826534272,0.024300069212913514,0.03286980986595154,0.005058109760284424
-0.01620185437738894,0.08481475972533226,-0.05569295459985733,-0.06592159330844878,-0.0030434668064117376,0.09563738107681274
0.07740033512413502,0.05629302003979682,-0.08671037644147873,-0.029757401347160345,-0.11713811755180359,-0.11844009160995483
-0.0031292128086090076,-0.06818926858901979,-0.012797255516052247,-0.01091926097869873,-0.013070225715637207,0.004910826683044434
-0.055976583566069604,-0.016004657310247423,-0.021581357896327973,-0.06152425229549408,0.0011178076267242432,0.0014902949333190918
0.08213314636945723,-0.03555062496662139,-0.2374851381778717,0.0046247601509094224,-0.19180035591125488,-0.05912899971008301
-0.09189021990180016,0.02212755762338638,0.001748721718788147,-0.05102557063102722,-0.04768716096878052,0.013938426971435547
0.057652185528874404,0.023625371819734578,0.06097713881731033,0.05259345829486847,-0.008072799444198609,-0.012824475765228271
-0.06670603815555573,-0.005149947977066041,0.0018723282814025787,-0.09233332633972167,-0.02238585948944092,0.004199981689453125
0.04399665189802646,-0.003314459842443468,0.03826383692026138,0.015119357705116274,-0.007069724798202514,0.032128870487213135
-0.000344775444269179,0.08912944978475572,0.03597590863704681,0.007707780599594116,0.013122498989105225,-0.0022935867309570312
0.0004585780084133156,0.11520754379034043,-0.016597519516944884,-0.021343904733657833,0.15949386358261108,0.0008052587509155273
0.04338093215644361,0.04111371232867241,0.11484176796674729,0.06308894336223603,0.004211586713790893,-0.0008587241172790527
-0.07134260523378849,-0.052249318891763694,0.005455605924129488,0.009210962653160097,0.018611305952072145,-0.0010346770286560059
-0.09656120567381384,-0.0675459838449955,-0.07371416097879409,-0.012634091973304748,0.0044553220272064206,-0.004899442195892334
0.004411850152015686,0.11138436284065246,0.007247031688690186,0.02130819797515869,-0.01006760597229004,-0.005121588706970215
0.020049341495633123,0.03982723639607429,-0.021663364589214314,-0.01790516555309296,0.054314213991165164,-0.020933926105499268
0.0792156946671009,0.051776026356220244,0.0002414370775222769,-0.011165298223495485,-0.009303200244903564,0.0004868507385253906
0.05371389494001866,0.059790453487634655,0.028763370573520658,-0.0223739093542099,-0.0006115376949310317,-0.0217706561088562
0.032337202484607704,0.015348939824104308,-0.00040110754966735107,0.0008123803138732968,-0.047158765792846676,0.03477203845977783
0.05555754218101502,0.07464355134963989,0.02251552104949951,-0.02494773864746094,-0.014763712882995605,-0.02169966697692871
-0.08890170658290387,-0.01574152933955193,-0.010415847957134251,-0.047781860232353215,-0.01321823000907898,-0.0010167956352233887
-0.009253037417531012,0.025884230440855024,-0.0015474475026130696,0.009351117014884948,-0.01032758355140686,-5.894899368286133e-05
0.07063582579433919,0.009190539962053301,0.004212304890155793,0.02346626579761505,-0.004224604368209839,-0.0020682215690612793
-0.08751045520544051,-0.0023344363927841195,0.01534327244758606,-0.012539002895355224,-0.00483860969543457,-0.0005731582641601562
0.12416245742976667,0.05558128935694695,0.010468913257122039,0.021921808123588564,-0.0046056568622589115,-0.002459228038787842
-0.15344363018333912,-0.11630806177258493,-0.06661974555253983,-0.021301763653755187,0.019293540716171266,0.025823771953582764
-0.04035979511797428,-0.010723736578226091,-0.006972978174686432,-0.005238133072853089,-0.0014137089252471923,0.00017708539962768555
-1.4951491339218614,-0.009599259960651389,0.2070432995557785,0.16390947222709656,-0.040622246265411374,-0.023686766624450684
0.1148351656895876,0.07825555928349495,0.04120226842164994,0.010395272374153138,-0.0005644738674163816,0.003244459629058838
0.1547168805462122,0.05187952013611793,-0.0016706575751304648,0.033175416588783264,-0.0050165832042694085,0.01873689889907837
-0.03596718827605248,0.010992666971683497,-0.0062667430639266955,-0.029777454137802126,-0.02105320692062378,0.018358349800109863
0.12887419504195452,-0.13983486711680887,-0.8043424177467822,0.06888651728630067,0.1308353066444397,0.12622642517089844
-0.06457538398385047,-0.003761328947544093,0.035386043906211855,-0.005585862398147581,0.034241330623626706,0.009170055389404297
0.13645518803596496,0.02134251356124878,-0.02075645923614502,-0.022269129753112793,-0.023876428604125977,0.026568174362182617
0.009140171430706969,-0.0435561186492443,0.041734747707843786,-0.008301345705986025,0.05801151394844055,0.0023754239082336426
0.054474809584021566,-0.0023521551191806804,0.012823766171932219,-0.004722800850868225,0.019065111875534058,2.980232238769531e-07
0.01835018278598785,-0.0021800080776214568,-0.039987462520599364,-0.07258304595947265,-0.09648749828338624,0.01667773723602295
0.012282286755442608,-0.0673089704334736,-0.12125923472642898,-0.007981417775154114,-0.005586940050125122,0.0005831122398376465
-0.031048650817871105,-0.12792626495361328,-0.08935124206542969,0.027096729278564453,-0.04956691265106201,0.038573622703552246
0.019081854645609856,0.08396813585162163,0.01824402493238449,-0.013182232975959779,-0.014222937822341918,-0.002205193042755127
-0.09337856702983378,0.0071366370499134045,-0.0018574859499931337,-0.042214290499687196,-0.0006032168865203857,0.001342475414276123
-0.024853767303228382,-0.024667648637294773,-0.06854444539546967,-0.0673817241191864,-0.010738289356231688,-0.05951666831970215
0.09952792114198207,0.1526724253118038,-0.01708638292551041,-0.0005644518136978163,0.019536751508712768,-0.010237276554107666
0.0010933558118343366,-0.0036887018799781623,0.17623165261745452,-0.012296868562698366,0.13518716096878053,-0.026524782180786133
-0.037485420798659325,0.018408099704980845,-0.01787466043233872,-0.021970672011375425,-0.036488288640975954,0.006583869457244873
-0.0518752076536417,-0.06114367404580115,0.0294286260008812,0.031813344359397894,0.05004057288169861,-0.002601444721221924
-0.008453292372822753,-0.002807028561830521,-0.012002992928028105,0.031030985713005065,-0.031980305910110474,0.014099180698394775
0.1394435218578577,0.10491391592621802,-0.042413179814815516,0.043566685318946835,-0.042831653356552125,-0.030010998249053955
-0.012880620486140262,-0.02580470191836357,0.060879186928272246,0.022160494923591612,0.07102161049842834,-0.0037317872047424316
0.015260820658802984,-0.00948441793322563,0.0004086144566535966,-0.005335118174552917,0.01374407410621643,4.589557647705078e-06
0.021977287126779557,-0.0006654068350791937,0.01834871542453766,-0.0012261760234832757,0.01342238187789917,4.76837158203125e-07
0.05075619753837586,0.04747547636032104,-0.06597238636016846,0.06932457447052001,-0.061381435394287115,-0.025455594062805176
0.016406562433838832,-0.004836622756719585,0.005902577459812172,0.033759065270423896,0.1342741072177887,0.021197378635406494
0.04163002842903138,0.0718336621284485,0.07194359207153321,-0.014954462051391601,0.022104763984680177,-0.0003381967544555664
0.03948819206446411,0.0017366758793591931,0.030083099097013455,-0.011306295692920684,-0.48057895004749296,0.019483476877212524
-0.011317487232089045,-0.0025394179999828335,-0.001440204799175262,0.004923699498176575,-0.0009010255336761475,4.869699478149414e-05
-0.00805797788441181,0.004517870777845382,-0.010079457104206086,0.0008269661664962758,-0.009692960977554321,4.708766937255859e-06
0.011854391270875925,-0.09095293396711351,-0.08949452102184297,-0.11431216597557067,-0.06915813684463501
-0.015821093152165414,-0.01852306373715401,-0.02050859671831131,0.0030502241849899273,-0.029247981309890748,0.0009284615516662598
-0.12487615898132323,-0.11061683578491212,-0.07813099670410158,-0.007214851379394533,-0.027771997451782226,-0.004548549652099609
-0.016808480603098863,0.11748217809796332,0.045553106606006616,0.01707774460315704,-0.0035960137844085692,-0.004103124141693115
-0.06242032803118228,-0.11273439236283303,-0.04692006450891495,0.010521606802940365,-0.03396390080451965,0.0056795477867126465
-0.027923231632709506,-0.08019951241016388,-0.014120310068130495,-0.03183268785476684,0.022386717796325686,0.03789198398590088
0.016162183265089988,0.009147421497106553,-0.0013946648240089408,0.031821026206016546,0.02715079188346863,-5.823373794555664e-05
-0.012877796298861495,0.1265671802818775,0.0025549810528755195,-0.002157127261161804,0.006417924165725708,-0.002165377140045166
-0.06786508858859538,0.022416098242998124,-0.019899757564067838,-0.041424667239189146,0.02291291356086731,0.00189131498336792
-0.024323707799911495,-0.05289879770278932,-0.0805843906402588,-0.035386795997619624,-0.04929773807525635,0.01978921890258789
0.03872159134328366,0.07559905461668967,0.09592120307683945,0.04202993333339692,0.017535704374313354,-0.0010843873023986816
0.130043103172183,-0.0006855705559253686,-0.02260419827699661,0.07135891139507293,-0.026116114854812623,-0.0035639405250549316
-0.017295019383430477,-0.053932817506790166,-0.053368510723114014,0.0028327417373657216,-0.01569194793701172,0.0034351348876953125
0.011066882068514826,0.02063674866557121,-0.005594479382038118,0.005113231539726257,-0.007001572847366333,-0.003697335720062256
0.04033667717516421,0.16779436970353126,0.010383883059024813,0.001165247559547424,-0.0054244458675384525,-0.0032352805137634277
-0.04380638128042222,-0.01791325681209564,-0.032455297231674195,-0.049517719745635985,-0.010083150863647462,0.0018186569213867188
0.08974038843333723,0.10495297648310661,-0.015476494610309605,-0.03935472786426544,-0.04144580960273743,-0.05488497018814087
0.07631240867972375,-0.0001530008912086489,-0.0011246687173843387,-0.0071394979953765874,0.0016682744026184082,0.001506805419921875
0.02570326519310474,-0.01234072896838188,-0.01066036194562912,-0.012350890040397643,0.0044900476932525635,7.450580596923828e-06
0.02419413643598556,-0.07942509300708771,-0.008364514589309691,-0.044558794498443605,-0.05356864929199219,0.0037764310836791992
-0.002034100011587143,0.005726977503299714,-0.014214864134788513,0.024529043436050415,-9.278059005737307e-05,-0.0006219148635864258
0.030335860418677328,-0.01568799000382423,0.010457251012325286,0.006570190787315368,0.018192166090011598,-0.002216041088104248
0.06477952866494656,0.0818397035062313,0.04944287294149399,-0.0033225113153457645,-0.002320176362991333,-0.002794206142425537
-0.0228288965934515,8.143787980079435e-05,-0.04794675105810166,-0.002738303542137146,-0.014135712385177612,0.0014620423316955566
-0.011509749696850776,0.01689509837031364,-0.017778296291828154,-0.007650144696235657,0.006940621137619019,-0.0013883709907531738
0.02289111696362496,0.0647930445790291,0.03313388454914093,0.006916810274124146,0.008975851535797118,-0.0009058713912963867
0.1347699529236555,0.021093263262510292,-0.04364065104722977,-0.007320154309272764,-0.0021160185337066647,0.01626366376876831
0.05916743467032909,0.08618340436816216,-0.08261815768480302,-0.057829530835151674,-0.061602693796157834,-0.005874216556549072
0.019610685899853705,-0.03135795637965203,-0.00029949396848678866,0.009248808026313782,0.022426992654800415,0.00024586915969848633
-0.047212338482737544,0.004327985936403272,-0.005894001662731174,0.0024224692583084064,-0.05155991911888123,4.0471553802490234e-05
0.09311386775374411,-0.006174612581729886,0.011905311942100528,-0.003903442621231078,0.015208661556243896,-0.004254579544067383
0.04352336667358875,0.0019290661633014684,-0.007239953696727752,-0.006937004923820496,0.0043165266513824465,-0.0011356472969055176
0.02705962174654008,0.031249928402900695,0.04393251729011535,0.024845688343048095,0.0057421445846557615,-0.00011336803436279297
-0.04747597068607808,0.038728342121839524,0.029892574489116676,0.017997104525566104,0.0428656280040741,-0.008417904376983643
0.02989952846586705,0.09868614192605019,0.02276352506875991,0.01859602510929108,-0.02370705008506775,-0.024382293224334717
-0.003210518811345102,-0.009468632775545122,0.03453689831495285,0.01611034095287323,-0.004483085870742798,-0.00021594762802124023
-0.08665952742516994,-0.08554608358740805,-0.03642685693502425,0.002591858506202702,0.06640918850898743,0.010278046131134033
-0.03207691926777364,-0.043519364672899234,-0.03592132073640823,0.030722634196281434,0.03093244433403015,0.0017378926277160645
-0.05334722839891911,-0.06548556843400001,-0.030726825296878816,-0.034039059281349184,-0.011585265398025513,0.006631910800933838
-0.050780602975487706,-0.006496253591775893,0.016560087621212007,0.013906039595603943,0.007907789945602418,-0.0016282200813293457
0.027692905018925663,0.01573614605069161,0.03151037436723709,0.008589251637458802,0.0329416811466217,4.947185516357422e-06
-0.055808754611015324,-0.06132321429252624,-0.001793425083160399,0.0031146287918090826,0.0079573392868042,0.005183219909667969
-0.026708384311795237,-0.059705001288652415,-0.03986303693056107,-0.015439575314521791,0.0001674830913543702,0.0012505650520324707
-0.02557379075586795,0.0006301527917385097,0.017703321874141694,0.00286012589931488,-0.0015255510807037354,0.0026151537895202637
0.0101341954934597,0.003637842786312103,-0.0025422788858413697,0.00017355799674987794,0.00018893480300903321,4.291534423828125e-06
0.05691709136784077,0.037300012904405606,0.005649485409259798,-0.03449720561504364,-0.03554715514183045,-0.006635010242462158
0.045695942971706385,0.04062743356227875,0.006247906446456909,0.0005222344398498535,-0.0014603376388549806,-0.00047659873962402344
-0.049180810807347305,-0.013433568078279494,0.001521847426891327,0.004029099345207214,-0.004853469133377075,-7.826089859008789e-05
-0.04664842308163643,-0.012298535645008086,0.01738666236400604,-0.009181910753250122,0.00624769926071167,0.0017464160919189453
-0.028985623574256898,-0.012683806657791138,-0.0030028796195983886,0.0015613794326782226,4.374980926513672e-05,3.457069396972656e-05
-0.0009475756806135091,0.021613989812135692,0.021738050758838657,0.00632703125476837,0.024253326654434207,0.05688530206680298
-0.02685124979019167,-0.00707819843292236,0.0025382661819458134,-0.01539137363433838,0.06432557106018066,-0.018908977508544922
-0.037094361410737034,-0.005502642112970354,-0.006626845419406894,-0.024770565629005432,-0.022285324335098267,0.0012431740760803223
0.0370789682918787,-0.005166208738088604,0.013352923929691313,0.03357489168643952,-0.006635373830795288,-0.0003629326820373535
-0.017658487588167186,0.006838688552379603,-0.038808110356330874,-0.015546947717666626,-0.027783215045928955,0.0011044740676879883
-0.00856679014503956,0.0009818283259868615,0.0035856396555900578,-0.011326468586921691,0.00617784857749939,0.00018471479415893555
0.004833411924242969,-0.07819134686589241,-0.10057357388734817,-0.01289093315601349,-0.0003757059574127199,0.006312310695648193
-0.018368295953869823,-0.014349875766038897,-0.010642142117023468,-0.039603479504585266,0.021996158361434936,0.00694197416305542
-0.044735924481153495,-0.06119577540159225,-0.036005625605583194,-0.00017670512199401828,-0.000639069080352786,-0.05885612964630127
-0.08302355114638806,-0.02226949073672295,-0.038998991668224334,-0.06292922675609589,-0.01521555781364441,-0.0024463534355163574
0.01044331599235535,0.035965427303314215,0.02164852237701416,0.010395112037658692,0.00147554874420166,-0.00020062923431396484
0.004475427058935167,0.0029403108000755312,0.014128766417503356,-0.0061551487445831304,-0.006774747371673584,-0.00020301342010498047
-0.007969964788556098,-0.03842557938694954,0.0004980136752128599,0.003362647891044617,-0.0059643805027008055,0.0026540160179138184
0.031716169326305395,0.047851272654533386,0.07126186537742615,0.011238701343536377,-0.0025739192962646483,0.00025463104248046875
-0.027403081197738644,-0.04338545351028442,0.00450530815124512,0.02333843231201172,0.02851061820983887,0.014855384826660156
0.05757335300624371,0.04818569151759147,0.014103965938091278,-0.00369096577167511,-0.0025311529636383055,-0.0072016119956970215
-0.03374350188612939,-0.019256871259212494,-0.013889649748802186,-0.005049351453781127,0.009645617008209229,0.0004943609237670898
0.016621701328158378,0.04788033654093742,-0.0005324848294258115,-0.001533005833625793,0.0064016997814178465,-0.0004176497459411621
0.030909285120368,0.001961506265401841,-0.0007888599038124079,-0.0016856771707534793,0.01600603461265564,-0.00031751394271850586
-0.013099866656064985,-0.0009319048762321466,0.006772758603096008,0.005792514085769654,0.008867466449737548,0.00045812129974365234
-0.0036151248407363897,-0.00014449028968811073,-0.012661890506744385,-0.0071136999130249024,-0.0013399839401245118,6.079673767089844e-06
-0.04560050671041013,-0.14153133172392846,-0.024130127370357513,0.010627418160438537,0.006509190797805788,0.022396385669708252
-0.05546572484970093,0.00949379825592041,-0.016342368125915527,0.00012149810791015569,-0.011700630187988281,0.0021284818649291992
0.05594835629105569,-0.006042013013362893,0.04014841997623444,0.005604473352432249,0.02690013647079468,0.06743943691253662
0.010955172710418702,0.021115031433105474,0.008544090270996096,0.0010679197311401385,0.014125752449035644,-0.010049223899841309
-0.0576318728864193,-0.05388076967000961,0.03973157465457917,0.015263968706130983,0.02227729558944702,0.014210939407348633
-0.04138743739902974,-0.020381409388780594,0.004190119922161102,0.006324817538261414,0.0024735152721405028,0.0011213421821594238
-0.024730869897007943,0.0005344453036785126,0.0016145245432853692,-0.011346457600593567,-0.005856353044509888,1.4483928680419922e-05
-0.019483591735363005,-0.04014051139354707,-0.012812417745590209,0.001815974712371826,-0.0039017200469970703,0.0001233816146850586
-0.030268039784431457,-0.040096073770523065,-0.013355711460113525,0.00036765098571777343,-0.00106201171875,0.00016427040100097656
0.0188688573974371,0.0038444927155971524,0.03464168208837509,0.027759007811546325,0.026550549268722533,0.027186691761016846
0.03096060677230358,0.016380666846036913,0.008009472548961638,-0.0026448136568069463,0.012379711866378785,-3.999471664428711e-05
-0.020692418723106384,0.0020421095371246337,0.0038158173561096192,0.004460268020629883,-0.0021270990371704103,-1.800060272216797e-05
0.011317089915871624,0.011727694803476338,0.03630486255884171,0.05076537668704987,0.0026735126972198485,-0.0006217360496520996
-0.004495155500769616,0.0726719568312168,0.009404494822025298,-0.0025705999135971066,0.00039613842964172355,-0.001617133617401123
-0.02118568835258484,-0.01207821035385132,0.006522884368896484,6.244182586669957e-05,0.027148962020874023,0.01252591609954834
0.05991097095727921,0.059027625489234924,0.0034043009281158445,0.001837723255157471,0.002843332290649414,0.001349329948425293
-0.026561973345279696,-0.031819804787635804,-0.040997911691665646,0.03122450113296509,0.03522324562072754,0.001283884048461914
-0.04840006217300892,-0.003624313241243361,0.020935211837291717,0.017535459399223328,0.014491623640060425,-0.00139540433883667
0.04679517505824566,0.02082101237177849,0.017442744433879852,0.001815139651298523,0.008058017492294312,-0.0001341700553894043
0.028906544459462166,0.02890105646252632,0.02029566413164139,0.013941376805305482,0.046822792291641234,-0.00012284517288208008
0.003175334582924842,-0.023892702382802968,0.0034993205666542055,0.009177847504615784,0.0012135326862335206,2.8192996978759766e-05
-0.015300455940365786,0.007555083817243577,0.00031386965513229513,0.028484851717948914,0.003816717863082886,-0.0007187724113464355
0.09340648205578328,0.027081219702959063,0.005259545147418976,0.012342169880867004,0.0070829689502716064,0.003917515277862549
0.009104428479075426,0.06274487993121147,-0.0027676156163215647,-0.01403079330921173,0.01737186312675476,-0.003964602947235107
0.030684652526378635,0.00783900706768036,-0.0038123981952667228,0.004701917171478271,0.010197830200195313,0.00016260147094726562
-0.02413757032036782,-0.015185821783542632,-0.029150632500648498,-0.009842015504837036,0.0029139637947082518,0.0004355907440185547
-0.0594868862092495,-0.006592428624629976,-0.018819279074668887,-0.01504349112510681,0.0010662674903869629,0.0008416175842285156
-0.028753238905668263,-0.050325810897350304,-0.05242062938213349,0.0031975758075714115,-0.012820136547088624,0.0013304948806762695
-0.019077012442946444,0.07773212867379188,0.06332216745615005,-0.010233277678489685,0.018841034173965453,-0.0061280131340026855
-0.036070688632726666,0.0007632881760597214,-0.022671828627586366,-0.003300055265426636,-0.0022678732872009276,-4.374980926513672e-05
0.009064407473206519,-0.0002902400434017183,0.010218923628330233,-0.0034629577398300176,0.021148139238357545,-0.0010483860969543457
0.04218701276123524,0.014948356515169143,0.008431329071521762,0.015172112584114076,-0.00589246153831482,-0.0005864500999450684
0.02317615512788296,0.03218116764426231,-0.018704639494419098,-0.018857570290565492,-0.007621747255325317,0.007359802722930908
0.0014467422914504996,-0.001970111799240112,0.0002606053352355955,-0.002329797744750977,0.004007649421691894,8.821487426757812e-06
0.0006642517417669298,-0.002963655859231949,0.0019167599081993114,0.00039258897304535016,-0.005628496408462524,0.005349218845367432
0.0028565793311595947,7.460173368453866e-05,-0.0126058121919632,0.004352434873580933,-0.030260169506073,0.0001569986343383789
0.030422403692603118,0.01416605300307274,-0.0017466855645179753,-0.0068033748865127565,-0.010276085138320923,-0.002751290798187256
0.0020582463192939764,0.008200250935554505,0.002429775476455688,-0.002220480442047119,-0.004969072341918945,3.6954879760742188e-06
0.007162213824391366,0.0029760604679584506,0.01404086810350418,0.0010173636674880983,0.0013400137424468995,-3.618001937866211e-05
-0.01686733333170414,-0.008513655573129653,-0.0008528390526771544,0.001537451148033142,-0.001304537057876587,1.817941665649414e-05
-0.013184760660529137,0.033598967558145516,0.009227271616458893,-0.003088187575340271,-0.011512583494186402,-0.006862223148345947
-0.007769106190204624,-0.015954108548164366,-0.06842583584785462,-0.015105540752410888,-0.0027429342269897463,-9.548664093017578e-05
0.001347303803563119,-0.008154510992765426,-0.009780856788158416,0.015938113331794738,0.0037414610385894777,-0.0005539059638977051
-0.025550344833135605,-0.05150309232473373,-0.017265313506126402,0.008011003732681274,0.010506069660186768,0.00449979305267334
0.07373998472392561,0.06143368956446649,-0.008066013157367706,0.00521373450756073,-0.005901724100112915,-0.005752146244049072
-0.015513669542670245,0.003958994489908215,-0.040773292005062106,-0.00022393643856048577,-0.0033525645732879637,0.005496561527252197
-0.0005944739174842833,-0.04610893576145172,-0.006317733049392699,-0.010160272121429444,0.004568028450012207,0.002470731735229492
-0.0013936021000146867,0.0004426794946193695,-0.004796191751956939,-0.002280059456825256,-0.0003191530704498291,2.7120113372802734e-05
0.002324454401731493,0.02702513493299484,0.018013353228569035,0.011462630033493041,0.005205142498016358,-0.0012211799621582031
-0.049982009621858586,-0.02018941584825516,0.012404773592948913,0.005788310766220093,-0.012900316715240478,0.0026818513870239258
0.0006776043963432313,0.0010517117261886594,-0.0020313398838043215,-0.0008736205101013181,-0.005461502075195313,2.2649765014648438e-06
0.004948998376727106,-0.003574065715074538,0.0246741458773613,0.007521674036979674,-0.0025554001331329346,-6.884336471557617e-05
0.0281641065722704,-0.01038893730044365,-0.0006923043131828325,0.014392274022102355,-0.004039520025253296,-0.008177220821380615
-0.06943971419811248,-0.0598077697277069,0.020819844722747803,0.03005829334259033,0.03626031875610351,0.0035141706466674805
-0.03362507358014584,-0.007467410463094711,0.005169553339481353,0.0015508276224136352,0.007145243883132935,-0.00023859739303588867
-0.0036118295031785947,-0.010520646554231647,-0.023591264069080353,-0.0039187890291214,-0.01826997399330139,0.0009246468544006348
-0.004040254485011099,0.02362534587979317,0.00793109542131424,0.005046241879463197,0.015319114923477173,-0.0007093548774719238
-0.003697800009846686,0.0018859049022197723,0.014155588805675506,0.015195500254631043,0.0014721810817718505,-0.0007171034812927246
0.006308298283815384,-0.013762534797191622,-0.0285958594083786,0.0012654125690460204,0.007600128650665283,0.0005567073822021484
-0.0023963273078203198,0.0008732940852642049,-6.957560777664184e-05,-0.009981611371040344,-0.003247171640396118,0.00019878149032592773
0.023745093777775762,0.01745300605893135,0.0027208760380744925,-0.002213403582572937,-0.006565898656845093,-0.0005903840065002441
0.03504003112435341,0.010102998602390289,-0.001162807822227478,-0.0006388080120086669,-0.0017907500267028808,-0.0003666877746582031
-0.002774659627079963,-0.021816562539339064,0.0014616925120353697,0.002595459818840027,-0.0011804640293121339,6.496906280517578e-06
0.02104262610137463,-0.0009210451900959007,0.011445179641246795,0.0011891955137252807,0.01516980528831482,-0.0008214116096496582
0.041376673308610924,0.0636483156323433,-0.013553663134574892,-0.015336588621139527,-0.007431590557098388,-0.013189077377319336
0.054407676808238034,0.11943342592120172,0.06007673901319504,0.004557134509086609,0.00024895071983337385,-0.002790510654449463
-0.0007558825778961179,0.003853598880767822,0.00015130710601806647,-0.00045289516448974613,-0.0012668848037719726,-1.5020370483398438e-05
-0.08422408768355846,-0.0786559920489788,0.009342659294605257,0.005435202717781067,0.011388498544692992,0.004041016101837158
-0.040253876328468316,-0.037751461267471316,0.007314455509185792,-0.00399184226989746,0.010104179382324219,0.002396702766418457
-0.023472052216529846,0.0051513850688934305,-0.036790311336517334,-0.03436625003814697
-0.024552337524890906,-0.033280178570747374,0.00591637396812439,-0.002246215343475342,0.006386423110961914,0.0014857053756713867
-0.012021731629371644,-0.004008689737319946,-0.03221085691452027,0.0007021093368530272,-0.0045423746109008786,2.4080276489257812e-05
0.00788976654112339,-0.0007380169332027432,0.0016510573029518132,-0.0005680888891220088,0.006993085145950317,8.940696716308594e-07
-0.01351645247817039,0.03110869442224503,-0.012379600882530213,0.0044390070438385,-0.015357720851898193,-0.005468249320983887
0.006466413855552673,-0.006148124933242798,0.008529794216156007,0.0019143819808959965,0.010573863983154297,-8.106231689453125e-05
-0.0027461430710554115,0.012167517644166948,-0.00015774887800216718,-0.0014328020811080933,-0.0033892810344696043,-6.139278411865234e-06
0.039874554885625836,0.03487428163290023,-0.004975374817848207,-0.004435111284255982,-0.012967574596405029,-0.0028074979782104492
0.001458162849545479,-0.008996333473920823,0.002032291233539581,0.0001788264513015748,0.001813584566116333,-1.4841556549072266e-05
0.0015320329350233105,-0.004414700967073439,-5.055743455886774e-05,0.023644949793815612,0.01134888529777527,0.01325446367263794
-0.01878044397711754,-0.00026123822927474975,-0.000691072821617126,0.0002478706836700441,-0.0073441147804260256,5.245208740234375e-06
-0.006758009686470031,-0.010745564317703248,0.0016886887550354003,0.001965131759643555,-0.0014822721481323243,7.3909759521484375e-06
0.033713623603582384,0.0611940188765526,-0.008966838479042052,0.009701279401779176,-0.0024992585182189945,-0.006582975387573242
0.010731929846405983,0.0043970945894718175,0.014148156225681304,-0.0006513017416000367,0.013025599718093871,-1.2695789337158203e-05
-0.0044455742329359066,-0.02360074779391289,0.0008971264958381655,0.0012304574251174925,0.0012951195240020752,6.467103958129883e-05
0.017700926570296288,0.006806868213415146,0.009480469644069671,0.0029459851980209355,0.006309908628463745,-1.8298625946044922e-05
-0.005805301924347876,0.00046545900702476384,-0.005609452307224275,0.0034691232442855837,-0.008050519227981567,0.0002970099449157715
-0.052239347203373906,-0.08175365207791328,-0.004936965286731721,0.003254510760307312,0.00847582221031189,0.006157934665679932
-0.0137393353164196,-0.002528614223003387,0.0019239646196365357,0.000589209794998169,0.0024763941764831543,-5.960464477539062e-07
-0.003187692239880562,0.001948767155408859,0.0013363286852836598,0.0011282414197921749,-0.013805180788040161,2.5928020477294922e-05
-0.031055264063477517,-0.010151059967279434,-0.05476829248666763,-0.001955328583717346,-0.00485261082649231,-7.849931716918945e-05
0.013729149990677836,0.0005332572519779207,0.0013055782914161685,0.0008776432275772095,0.00011771321296691895,-1.8417835235595703e-05
-0.016981831136345864,-0.013516667753458023,-0.0017234387993812562,-0.005004969239234925,-0.0021314918994903564,8.940696716308594e-07
-0.04175833751022816,-0.02395495098233223,-0.0213701451420784,-0.004727213978767395,-0.00734127163887024,0.00019973516464233398
0.010171278923749923,-0.0004834106564521798,-0.002418377995491029,-0.0008188784122467035,0.011203587055206299,-7.152557373046875e-06
0.009504897857904435,0.008470993864536286,0.018587820649147033,0.0013250696659088135,0.00592423677444458,-0.000392913818359375
0.016878761448264126,0.009869047445058822,0.008583475530147553,-0.0047143417596817025,-0.003109675645828247,-0.00016945600509643555
-0.00041311948895454454,-0.00015656119585037202,0.004661900401115418,0.0009335219860076904,0.0015968680381774902,-5.960464477539062e-07
-0.003321988921761514,-0.023611699587106703,-0.006517806589603425,-0.0003045564889907837,-0.0006897985935211181,8.934736251831055e-05
-0.014841642675995827,-0.0020968546450138093,-0.004013868391513825,0.0006113094091415404,-0.0026713430881500242,2.205371856689453e-06
0.0077148591506481165,-0.0003507495999336243,-0.0001802445650100708,0.0002474915981292725,3.074407577514648e-05,-2.86102294921875e-06
-0.059350130056142814,0.0027185710549354554,-0.0012813638448715215,-0.002144755125045776,-0.011212098598480224,0.0002830028533935547
0.012643451406359673,0.006073045414686203,0.003154330432415009,-0.0009727555513381958,0.012543457746505737,-4.351139068603516e-06
0.007671635115742683,0.005478307896852493,0.0014241374135017392,0.00028683483600616455,-0.0008828580379486084,-1.0788440704345703e-05
-0.021209595477581025,-0.03649492824077606,-0.0035419261455535886,6.115436553954991e-06,-0.0024518966674804688,0.00011622905731201172
-0.019213615891337396,-0.023275215357542036,-0.005405831038951874,0.0004400283098220822,-0.006028980016708374,2.7120113372802734e-05
0.006636203174591064,0.008856986236572266,-0.0031802673339843745,0.005954236984252931,0.01106278896331787,-0.0004576444625854492
0.00021345000803470743,0.006076368814706803,0.006538997232913971,0.008233333230018616,-0.0015446603298187255,-1.6629695892333984e-05
-0.001963454276919365,0.001823021537065506,0.0014947670102119447,-0.0019080752134323122,0.0032204926013946534,-5.364418029785156e-07
-0.004547927333712578,-0.0036498281180858618,-0.001237588107585907,0.001032598614692688,0.0012162744998931885,-9.953975677490234e-06
0.08301258409559728,0.006998184925317765,-0.0010101622939109793,0.015242052674293518,0.000452810525894165,5.906820297241211e-05
0.013065341758131984,0.04635248321890831,0.0008843755125999454,0.007795781493186951,-0.00181770920753479,-0.0009559988975524902
-0.008450176774263381,0.003403263556957244,0.0003601635694503781,0.00373771071434021,-0.01688014268875122,0.0003515481948852539
-0.022748195712566376,-0.00037460811138153113,-0.004009000539779663,0.0012322354316711428,0.0012622594833374024,0.0002454519271850586
-0.015637734302282335,0.0027318367600440954,-0.007692402243614198,0.0033941471576690663,-0.013831698894500732,0.0006910562515258789
-0.040343105313777924,-0.000449617171287537,-0.003952736616134644,-0.005681707859039306,-0.0020279645919799804,-0.00025713443756103516
-0.001108996578454971,0.0006095651030540464,-0.00277686083316803,-0.0015149509906768799,-0.0028388142585754395,1.5139579772949219e-05
0.0240775609010458,0.012111229366064073,0.012844781816005705,-0.0013526493310928344,0.0016519963741302491,9.000301361083984e-06
-0.011067256844043733,-0.007277247548103333,-0.0032675898075103754,-0.0018807291984558104,-0.007737636566162109,0.0018900632858276367
0.0018717355281114576,-0.001550018042325974,-0.0016938969492912292,-0.0014471262693405151,-0.00014230608940124512,-0.00013083219528198242
0.0009058240783214571,0.002481156337261202,0.031335214495658875,0.03142447352409363,0.002886664867401123,-0.0004930496215820312
0.009586917899250987,0.014783130246400834,0.019569580376148227,0.0067332106828689575,-0.0012915313243865966,-0.00037294626235961914
-0.035636389486789696,-0.0005587871789932249,0.0029941470623016365,-0.016197068691253664,0.000640702247619629,-0.0002486705780029297
-0.004195197111368181,-0.01697664314508438,0.0004087680578231811,-0.0004934608936309814,0.000747382640838623,0.0005102157592773438
-0.002230441876649857,-4.189578294754046e-05,0.00022345817089080807,-0.00044087529182434087,-0.0008837819099426269,2.0265579223632812e-06
0.007642519736886025,0.006264925295114517,0.006198022425174712,0.0010006004571914678,0.007418876886367798,-0.0004280209541320801
0.024492769325375557,0.027751358443498613,0.0035862482190132145,0.006501691937446594,-1.859068870544434e-05,-0.00018423795700073242
-0.0003128055369853972,0.0033714369893074036,-0.00013819491863250737,-3.5532712936401454e-05,0.0032851338386535645,-2.384185791015625e-07
-0.018808182532787324,-0.00021781795024871829,-0.00022480082511901865,8.109331130981448e-05,-0.000647735595703125,-1.0013580322265625e-05
-0.0016189616996049887,-0.008333435994386674,-7.529097795486504e-05,-0.007018921971321106,-0.00022729039192199708,8.52346420288086e-06
0.0040847509765625,0.0005298686981201172,0.0002672090530395509,0.0018437719345092774,0.0015247106552124024,-2.384185791015625e-07
0.0010807871705293655,0.00201255744099617,-0.0011498987078666688,0.00155567467212677,0.003886348009109497,-2.568960189819336e-05
0.04664626161396504,0.04254059041142464,0.008273169338703154,-0.00014074981212615952,0.0005014479160308838,-0.0007229447364807129
-0.011433970471024514,0.0003874174535274506,0.0002058867812156678,0.0005191701650619508,0.001057666540145874,9.715557098388672e-06
0.023550627135038377,0.0010951994776725775,0.00803983199596405,0.002852214574813843,0.00015233755111694337,-0.0004367828369140625
-0.06443478496670722,-0.026047713577747343,0.004072181582450866,-0.005644899606704711,0.00988227128982544,-0.0061571598052978516
-0.013665845927000046,0.0002566411137580874,-0.00012498939037323056,-0.0005977666378021242,-0.006791675090789795,2.2292137145996094e-05
-0.007048932565450668,-0.002135665166378021,0.0063932262659072885,0.006758142709732056,0.00933765172958374,0.0011218786239624023
0.01539560228407383,-0.001281477016210556,0.010870190680027009,0.0015010792016983032,0.004889827966690063,1.7881393432617188e-07
0.0016474114596843716,0.0011822897791862476,-0.01692947208881378,-0.006242686510086059,-0.0016600489616394043,2.4437904357910156e-05
0.002156149575114249,-0.020022048741579056,-0.009875445663928986,-0.0008464843034744261,0.003777831792831421,0.0020822882652282715
0.0018696525317430503,0.0014741926968097677,-0.002802355468273162,0.008819254040718079,-0.003891485929489136,-0.00018221139907836914
0.001711460349559784,0.0009354975461959838,-0.004071192979812622,-0.007316157817840577,-0.008185291290283203,6.341934204101562e-05
-0.00030439894616603777,-0.01750177587866783,0.0013199730515480043,0.003629027009010315,0.005117255449295044,-6.812810897827148e-05
-0.0068415482544899,-0.0033885328531265257,-0.0053525068759918215,0.0023688101768493653,0.003288722038269043,0.0008037090301513672
0.020820975042581562,0.05367437969446183,0.007512414574623108,0.0016590225696563716,-0.0031665444374084474,-0.0024427175521850586
-0.013085557903647424,-0.010317910474538804,-0.003576928555965424,-4.8736929893493826e-05,-0.003255385160446167,4.351139068603516e-06
0.0063645508319139475,0.007836318284273149,0.002985835373401642,0.00034418404102325433,0.002071291208267212,-5.066394805908203e-06
-0.004791258851289748,-0.03459599181413651,-0.0031591407060623153,0.0055671012401580814,0.005845391750335693,0.0031456947326660156
0.0163018733227253,0.010390351212024689,0.001583640217781067,-0.0005157077312469483,-0.001162564754486084,-0.00029587745666503906
0.007077323182225227,-0.000743019598722458,-0.0007723967432975769,-0.0002687948942184449,-0.001975935697555542,-3.2961368560791016e-05
0.003075649525523185,0.0001319803416728973,-0.00015071612596511829,-6.779015064239507e-05,0.001958388090133667,-1.3709068298339844e-06
-0.0013464271080493929,-0.0002630087018013003,-0.0025831032991409306,-0.0035176861286163328,-0.0007910847663879395,9.655952453613281e-06
-0.011303212514519692,-0.008756547361612322,-0.01744478851556778,0.0015159457921981815,-0.004269391298294067,0.0006589293479919434
-0.0008243639981746696,0.007825259840488433,-0.00020079648494720232,0.008185783624649048,0.013936007022857666,-0.0002595186233520508
-0.005633092017173768,-0.010902590322494507,-0.007527875423431396,-0.00033920288085937506,0.0009481191635131837,0.000819087028503418
-0.04215739413559437,-0.0326096817791462,0.0007848822474479675,0.00045035541057586643,0.00268828272819519,-0.0021504759788513184
0.026422141736745838,0.03620935672521591,-0.0032675796747207646,0.009556883573532104,-0.0015413165092468262,0.0001245737075805664
0.08811368261814118,0.06496014103889464,-0.002286942958831787,0.006602702140808105,-0.0022015333175659183,-0.0016620159149169922
-7.889519155025509e-05,0.007363316637277603,-0.004736519277095795,0.004231558442115784,-0.0026890456676483153,-0.0017442107200622559
-0.025776442819833757,-0.00759468799829483,-0.0031488949060440065,0.00040447115898132306,-0.002216637134552002,-1.7881393432617188e-06
-0.0025909707963466602,0.05320692878961562,-0.003762964606285095,-0.000798839330673218,-0.00678938627243042,-0.003254413604736328
0.01989987883210182,0.005157163774967194,-0.0016182760000228882,-0.0012401187419891358,-0.001832759380340576,-0.0001361370086669922
0.017246181350350387,0.030863543993234634,0.0031988053917884813,0.02844188272953033,-0.004172748327255249,-0.004883944988250732
0.004477360408306122,0.0020868674039840702,0.0032187716960906986,0.004388625621795654,0.0009935379028320312,1.1920928955078125e-07
0.00038314594268798826,-0.00010204830169677731,0.00014125728607177737,1.1119842529296885e-05,0.00041713714599609373,-2.384185791015625e-07
0.002431935530900957,0.0010426910519599913,-0.005173851847648621,0.011271315813064575,-0.003162205219268799,-0.001811981201171875
-0.02320657305777073,-0.06334402089715005,-0.0053700686097145145,0.004804677367210386,-0.06920230984687806,0.00028079748153686523
0.0012591211897134771,-0.0006668072164058683,0.0013711605668067935,0.0015672880411148069,0.007848125696182252,-8.165836334228516e-06
0.0007169359016418459,-0.006102443504333495,-0.0015460128784179688,0.0005369853973388672,0.0022594213485717775,7.152557373046875e-07
-0.003811122970581055,-0.004373327445983887,-0.0033146314620971676,-0.00026764392852783207,-0.0004932165145874023,4.76837158203125e-07
0.006623325765132902,-0.009694896340370176,-0.0034391462802886956,-0.006491363048553466,0.004760026931762695,5.424022674560547e-05
-0.017882536186575888,-0.0035025790154933917,0.007781351625919343,-0.005176238417625427,0.006584864854812623,0.0022103190422058105
-0.008325665467977523,-0.0017839331030845642,-0.00031123101711273194,0.00012844204902648926,-0.00023239850997924805,0.0
-0.007141088955402375,-0.0002483256578445436,-0.0025523512363433837,0.00027872800827026366,-0.0009721994400024414,-1.1920928955078125e-07
-0.0005024010664224624,-0.0019203219950199124,0.005981216371059419,0.0009997791051864627,0.010801190137863159,-5.304813385009766e-06
-0.00978397708594799,-0.0005849796473979957,0.0014707558751106261,-0.005213605761528016,0.0012914478778839112,-7.68899917602539e-06
0.002846229102015496,0.0006666316211223597,-0.001917731583118439,-0.0005424815416336061,-0.0024320900440216063,2.8014183044433594e-06
-0.008368185412883757,-0.0008791588544845585,-0.0034010303020477295,1.6105175018310417e-05,-0.0014580488204956055,1.7881393432617188e-06
-0.00185165851354599,0.0005943460702896116,-0.0008224465847015382,6.93821907043457e-05,-0.0026037931442260743,2.0265579223632812e-06
0.0006534756469726563,0.0006231004714965821,0.0008981685638427734,0.00034377098083496096,0.0007941007614135742,-4.0531158447265625e-06
0.04850365195214749,0.0011976060330867767,0.00120219224691391,0.0003637498617172241,0.002908819913864136,0.00010675191879272461
-0.02031291598558426,0.000493978190422058,-0.005227951288223267,0.0011729884147644045,0.0006966114044189454,0.0010346174240112305
0.011623275485038755,-0.0002386700153350823,-0.00132522439956665,-0.0006276750564575195,0.005695843696594238,-0.0003364086151123047
-0.009512346100211143,-0.002770336812734604,-2.983802556991577e-05,0.0004902416467666626,-0.0003956496715545654,-1.2516975402832031e-06
0.0008946686565876006,0.0016011164784431456,0.00029936611652374266,-0.00010063052177429199,1.5676021575927734e-05,0.0
0.00022074340820312492,-0.0012447132110595704,0.0007126846313476563,0.0004327869415283203,0.0006755828857421875,-2.6226043701171875e-06
0.00017985622346401226,0.00045905422568321227,-0.0005079870820045471,-7.712900638580322e-05,-0.0005900204181671142,-4.231929779052734e-06
0.016930148215293886,0.004799747037887573,-1.8716335296630848e-05,-0.00022537231445312502,0.0007404804229736329,-8.463859558105469e-06
0.005223415510058403,0.003660875576734543,-0.000747819721698761,-0.00029208481311798095,-0.0004827558994293213,1.2099742889404297e-05
-0.001284857717156411,-0.00802029076218605,0.0003482136130332947,0.00030749738216400145,0.001167386770248413,5.334615707397461e-05
0.002939458162784576,-0.000772083830833435,-0.0011673514842987062,-0.0012399029731750488,-0.001542377471923828,-0.0005311965942382812
0.008624764315485955,0.004270178335905076,0.002982927978038788,0.0004683750867843628,0.0016711175441741944,-8.165836334228516e-06
0.04473813766539097,0.05597064223885536,-0.0010973510146141045,0.005545583367347717,0.0005227625370025635,0.0003293156623840332
0.00648743148624897,0.0034844901382923123,0.0028297002911567685,-0.00021739184856414798,0.0006660997867584228,1.6093254089355469e-06
0.013782356627583503,0.0003170022785663606,0.002744291603565216,-6.950080394744869e-05,0.0008328735828399658,1.0132789611816406e-06
-0.00012174912869930211,0.007486104208230972,0.00011391025781631468,-3.443181514739993e-05,-0.0006071507930755615,-2.962350845336914e-05
-0.0169879313993454,-0.00843592448234558,-0.00635414171218872,0.00016968727111816404,-0.0005308866500854492,0.0001226663589477539
-0.0003461410200595855,0.0007752390265464783,-0.0005493990182876586,0.0004087960720062256,-0.0010419249534606933,-1.0371208190917969e-05
0.0012516466337442397,-0.0002017189443111419,0.0004676790833473206,0.0002663236856460572,0.000870901346206665,-7.748603820800781e-07
-0.0038361110770702405,-0.020598256862163544,-0.03359585368633271,-0.007575610876083374,-0.005944216251373291,0.00017726421356201172
-0.005776712428331375,-0.005492644321918486,0.0017835510969161988,0.002421473264694214,0.0029746413230895994,-0.0004614591598510742
0.0020991244482994084,0.003701677870750427,-0.0034954912662506104,0.0007956814765930177,-0.001736593246459961,6.079673767089844e-06
0.013190703695416452,0.01589618027806282,-0.0001348621249198911,0.011042249798774719,-0.00134546160697937,-0.0002675652503967285
-0.007507152937054634,-0.002908648806810379,-0.0011321590542793275,0.0001495760679244995,-0.0004328310489654541,-1.7881393432617188e-07
-0.0018683484494686129,-0.0006666240096092225,-0.007599863409996032,-0.0025748908519744873,0.0010415911674499512,0.00012636184692382812
0.0006348906242847442,0.0007749065518379211,0.00027204716205596926,-0.001117309331893921,0.000845038890838623,-5.0067901611328125e-06
-0.0314853013765812,-0.0646947954773903,-0.037900974869728085,-0.0004330503940582274,0.0032706141471862795,0.0022084712982177734
-0.0045374822825193385,0.018850212603807447,0.018451021015644074,0.004063895344734192,0.010971218347549438,-5.21540641784668e-05
-0.014980317121744153,-0.004950233042240143,0.00026364266872406,-0.00020926594734191895,-0.0003624558448791504,0.0001513957977294922
0.0031532689392566684,0.0015501230359077456,0.007228172421455383,-0.00046414732933044436,-0.00035876035690307617,-3.159046173095703e-05
0.0008383786916732787,0.0009294126033782959,-0.0006896948814392089,0.0006328582763671874,-0.0008687973022460938,1.7881393432617188e-06
0.00032333001375198364,0.0011763690233230592,-0.0003654296398162842,-0.0004059004783630371,-7.11202621459961e-05,4.291534423828125e-06
-0.002446806557178497,-0.0016205577135086058,-0.002398851633071899,0.0001238417625427246,-0.0008970022201538086,7.152557373046875e-07
0.0010189075410366056,0.006265139043331146,0.0013812774419784547,3.582835197448729e-05,0.0005369782447814941,-5.960464477539062e-07
-0.0014058373713493346,-0.00115169665813446,0.006250059366226197,0.0008230471611022948,-0.0010543107986450196,-1.52587890625e-05
2.795457184314733e-05,0.0007946623623371125,8.776599168777466e-05,-3.8182139396667476e-05,0.00012486577033996583,-5.364418029785156e-07
0.0012076627618074418,0.0016138433754444117,-0.010221944987773894,0.0011637622117996217,0.001889115571975708,0.0004088282585144043
0.00253583721935749,-3.130642771720876e-05,0.0004129121899604797,0.00027514278888702393,0.0005349934101104737,-1.0132789611816406e-06
0.004454955669641494,3.601137399673464e-05,-0.0003299335241317749,-2.10845470428467e-05,-0.0003569483757019043,3.5762786865234375e-07
9.410888969898212e-05,-0.0019074224650859827,0.0008798812031745911,0.0008569794893264771,0.0011116087436676026,-9.357929229736328e-06
-0.02388407558619976,-0.003269599217176437,-0.0019979326128959653,-0.005646993517875671,0.0013334333896636962,0.00044983625411987305
-0.003286080867052079,-0.004043863117694854,-0.0019872695207595833,0.00024637579917907715,-0.0010952353477478027,-0.005449652671813965
0.00029258319377899194,-0.00015975823402404832,0.00027806901931762685,0.00020810127258300782,-0.003494000434875488,3.5762786865234375e-07
-0.0041350516033172606,-0.0027062266349792475,1.1990547180175795e-05,-0.00014999389648437503,-0.00039441585540771483,1.800060272216797e-05
0.0019450143146514897,0.006458290767669677,0.004049151420593262,0.0024395179748535156,0.0009325027465820312,-8.225440979003906e-06
-0.022066710730195047,-0.012841487747430803,-0.0014480229020118712,3.935277462005618e-05,0.0013556897640228272,-0.00019890069961547852
0.048118696021437646,0.004377547687292099,0.0007217501997947693,0.0002184814214706421,3.65912914276123e-05,1.0788440704345703e-05
-0.0037080895280838014,-0.008357724809646607,-0.002418316364288332,-0.0013933324813842794,-0.020221686363220213,0.00015234947204589844
0.002252119851112366,0.0035973589420318602,0.00013819456100463891,-0.000596475601196289,0.0019283294677734375,-3.218650817871094e-05
-0.0006241176187992102,-0.00018821531534194812,0.002638053297996521,0.00045353770256042515,0.007107198238372803
-0.007235958760976792,-0.0009393190741539001,0.0013176494836807252,0.0015405476093292235,0.0024997591972351074,0.00010728836059570312
-0.03619861541211605,-0.03425644435286521,0.0008740182518959046,-0.0016467708349227903,0.00025184750556945796,-0.000617682933807373
-0.004090918772816658,-0.003372379666566849,-0.00249631816148758,-0.0072235709428787225,-0.0032243072986602784,4.3451786041259766e-05
-0.0025115703201293955,-0.005620794677734375,-0.02054143524169922,-0.0026687049865722653,-0.0015432596206665038,4.1484832763671875e-05
0.0005669022971391678,-1.4832133054733252e-05,0.0003232663273811341,0.00010460674762725834,0.0007455885410308838,5.960464477539063e-08
-0.007158021391630173,-0.0072910170435905464,0.0008018170595169066,-0.001246713399887085,0.0008995413780212402,5.316734313964844e-05
-0.0011429275190830233,0.00024331001043319692,-0.001119834542274475,-0.0004974806308746338,-0.0006724953651428223,3.337860107421875e-06
0.002233718901872634,-0.000735747516155242,-0.0004695385694503777,0.0003522932529449463,0.013956129550933838
0.0026927772390842445,0.018889261972904206,0.009457152962684633,0.004518343210220337,-0.0029870390892028807,-0.0009857416152954102
0.010323335530757904,0.006467357611656188,0.0027841498851776123,-0.000387742519378662,0.001384401321411133,-2.467632293701172e-05
-0.00013366085469722707,0.0026512505590915677,0.00708087307214737,0.0007460075616836549,0.0013356029987335206,-6.377696990966797e-06
-7.411531209945688e-05,-0.001027348875999451,-0.003107789754867554,-0.0020726561546325684,-7.665157318115234e-05,0.0
-0.00046329835891723654,-0.0015889841079711915,-0.005128034591674805,-0.001533041000366211,0.00018939971923828124,0.0001379251480102539
0.005676525427699091,0.04407460777163506,0.04042593735456467,-0.003219135403633118,-0.00771675705909729,-0.005896270275115967
0.017234795140624048,0.0007877005994319917,0.000789127290248871,-5.274415016174317e-06,0.0008442342281341553,-1.7285346984863281e-06
-0.0048118661481142055,-0.006689013224840164,-0.0018114526867866513,-0.0007446032762527466,0.000259321928024292,3.236532211303711e-05
-0.0027715642976760867,0.00010575633049011223,-0.001991239070892334,-0.00036553859710693355,0.0002574443817138672,5.53131103515625e-05
-0.0025557716459035894,-0.015626664489507676,-0.0188909587264061,-0.006966504454612732,0.0006664097309112549,0.0002232193946838379
-0.0005582423251867294,-0.0019751490533351894,0.00040772873163223266,0.0004754167795181275,0.0005162537097930908,-1.9669532775878906e-06
0.0024318846225738528,3.9488315582275493e-05,0.0008595323562622071,0.0008021831512451173,0.0005916357040405273,-5.364418029785156e-06
0.0013993530678749107,0.008125255417823794,0.03077534604072571,0.005334193706512451,-0.0004190921783447266,-0.00023651123046875
0.007241724714040757,0.012034838712215425,0.00014219605922698966,-0.0006273949146270752,-0.0008914828300476074,-0.00035309791564941406
-0.06646730763077736,-0.0013169564843177799,-0.0027714744806289675,7.241129875183104e-05,-0.000380551815032959,-0.00016832351684570312
-0.031239502689242367,-0.011318914383649827,-0.0013451358675956725,0.00015108883380889895,0.0002721846103668213,0.00015467405319213867
-0.0037556413012743003,-0.0033030381023883824,-0.0006349738240242005,-0.002935932278633118,-0.0008222639560699462,3.415346145629883e-05
0.004629339295029641,0.0030378120005130765,-9.549802541732779e-05,0.0022633081674575807,0.000966721773147583,-3.516674041748047e-06
-0.019209279141426085,0.0007343142986297604,-0.0037567648887634275,0.00013245105743408202,-0.001080489158630371,1.4066696166992188e-05
-0.018037154979705813,2.7136993408203116e-05,0.0003280429840087891,-0.0006132888793945312,-0.00037963390350341796,2.5033950805664062e-06
0.006679482577443124,0.0011615701496601103,0.00022609454393386844,-0.00011164367198944091,-0.00040306448936462403,3.159046173095703e-06
-0.01175647680401802,-0.015356140053272248,-0.0036284180879592896,-0.001828256845474243,-0.003811323642730713,4.076957702636719e-05
-0.013656022474169733,-0.0038584761321544645,0.00039494782686233537,0.0005329400300979613,-0.0024031102657318115,0.000298917293548584
4.1913524866104406e-05,-0.0045813327193260185,-0.0006088289022445682,-0.00018632769584655788,-0.002856457233428955,1.1563301086425781e-05
0.012857812039852142,0.001291718077659607,0.0008658854961395263,0.00025783300399780275,-0.00019664764404296874,-4.76837158203125e-07
0.0007780534362792968,0.0007000612258911133,0.0001310691833496094,-3.119468688964848e-05,0.0010895490646362304,-8.106231689453125e-06
0.00015404199481010457,-0.0022339558720588684,0.0003149403333663939,-0.0025542032718658446,-0.0012602686882019043,1.0728836059570312e-06
-0.0011366293662786477,0.004599195295572281,0.001983754694461823,0.0032748037576675417,0.004792815446853638,-4.416704177856445e-05
0.002544846764206886,0.0004913703501224518,0.00036761671304702754,0.0002509742975234985,-0.00018486380577087402,-5.066394805908203e-06
-0.006839988873004913,-0.0016211781740188597,-0.00043126320838928216,0.0006085371971130371,0.0005321741104125976,-9.179115295410156e-06
-0.02535665030300617,-0.013460649329423903,5.4159343242645184e-05,-0.00012479603290557867,-0.000784379243850708,8.165836334228516e-06
