-0.07513976097106934,0.438684806227684,0.2299065887928009,0.10296839475631714,-0.015763580799102783,-0.09197336435317993
0.260366827249527,0.11412489414215088,-0.026148736476898193,-0.016327977180480957,-0.2313293218612671,0.0027500391006469727
0.0023962855339050293,0.04500502347946167,-0.0022469758987426758,-0.002609550952911377,-0.022284507751464844,0.0011353492736816406
-0.06190425157546997,-0.07163059711456299,-0.08038407564163208,-0.11983370780944824,-0.40235769748687744,-7.706880569458008e-05
-0.1253734827041626,0.057486891746520996,0.10581821203231812,-0.05963253974914551,0.16714751720428467,-0.0008712410926818848
0.03403759002685547,-0.028222322463989258,0.037392377853393555,-0.011652946472167969,-0.10307610034942627,0.0008617043495178223
-0.04031258821487427,-0.01933974027633667,0.13105851411819458,0.002267301082611084,-0.016128957271575928,-0.00019210577011108398
0.08705645799636841,0.2877209782600403,0.06551569700241089,-0.007417917251586914,-0.016398608684539795,-0.042556703090667725
-0.043944358825683594,0.05663463473320007,-0.36196577548980713,-0.07473760843276978,-0.07004565000534058,-0.25480949878692627
-0.1635371446609497,-0.13809329271316528,0.04461383819580078,0.004335224628448486,0.02707839012145996,0.00021409988403320312
0.02123171091079712,-0.049678921699523926,-0.021414518356323242,0.026051700115203857,-0.07403671741485596,0.0030406713485717773
0.02946394681930542,-0.00882786512374878,0.1155937910079956,0.3675706088542938,-0.183754563331604,-0.1069796085357666
-0.03714948892593384,-0.02137833833694458,-0.018122375011444092,-0.29046452045440674,-0.11977869272232056,0.038349926471710205
-0.009753942489624023,-0.059771716594696045,-0.023854315280914307,0.008404970169067383,-0.017118334770202637,0.031031668186187744
-0.017848968505859375,-0.08970856666564941,-0.08612018823623657,0.010691821575164795,-0.21183472871780396,-0.060166895389556885
-0.009883463382720947,0.05135655403137207,0.042433738708496094,-0.04517620801925659,0.18643420934677124,0.10223281383514404
0.1617099642753601,-0.002206742763519287,0.015695810317993164,-0.024314582347869873,-0.04070901870727539,0.09058409929275513
-0.24379277229309082,-0.1932336688041687,0.05995023250579834,0.07417148351669312,0.07777220010757446,-0.009861588478088379
-0.07099109888076782,-0.2183099091053009,0.008656561374664307,0.12124192714691162,0.035693347454071045,-0.005231142044067383
-0.023908793926239014,0.12825441360473633,0.10566240549087524,-0.1663978099822998,-0.17396587133407593,0.0676800012588501
0.034233421087265015,-0.037297070026397705,0.031158387660980225,0.03788203001022339,-0.0038390159606933594,0.0013165771961212158
0.11324584484100342,0.05791085958480835,0.09784698486328125,0.10005748271942139
0.08966511487960815,0.05951923131942749,-0.10270261764526367,-0.02709341049194336,-0.04664492607116699,0.0005887746810913086
-0.17642682790756226,-0.02050149440765381,0.030733942985534668,-0.0022893548011779785,0.050403892993927,0.06789231300354004
0.1590348482131958,0.11646813154220581,0.1326959729194641,0.09812593460083008,0.01342630386352539,-0.02021503448486328
-0.03661757707595825,-0.06502431631088257,-0.010412096977233887,-0.01259380578994751,-0.1080978512763977,0.022082924842834473
0.06742507219314575,0.047532081604003906,0.04557311534881592,0.02850562334060669,0.013626277446746826,0.15971159934997559
0.04438704252243042,0.12433356046676636,0.023873448371887207,0.03670191764831543,0.2574545741081238,-0.0035477876663208008
0.08319950103759766,0.025579988956451416,-0.023382902145385742,0.023080766201019287,-0.006749510765075684,-4.6253204345703125e-05
-0.12553787231445312,-0.21571779251098633,-0.33063507080078125,-0.3390769362449646,-0.09967643022537231,-0.07585412263870239
-0.061643779277801514,-0.181135356426239,-0.15627813339233398,0.01707512140274048,0.024109721183776855,0.04841262102127075
-0.10382121801376343,-0.12568843364715576,0.007837533950805664,-0.04131096601486206,-0.061948299407958984,0.0010659098625183105
-0.013289868831634521,0.02318701148033142,-0.014033108949661255,0.013425678014755249,0.018352210521697998,-0.10802707076072693
0.07257509231567383,-0.39174914360046387,0.06196022033691406,0.15422433614730835,0.20651185512542725,-0.000714719295501709
0.04561889171600342,-0.08479022979736328,0.14668285846710205,0.03232043981552124,-0.009553313255310059,0.13649022579193115
0.11888289451599121,0.05811423063278198,-0.07165074348449707,-0.00021964311599731445,-0.03098958730697632,0.003978073596954346
0.033862411975860596,-0.05969423055648804,-0.06020301580429077,0.016107678413391113,-0.017883718013763428,-0.000647425651550293
0.18489062786102295,0.12110811471939087,-0.026120126247406006,-0.09241670370101929,-0.07004374265670776,-0.09557610750198364
0.0009178519248962402,-0.009896039962768555,0.02064061164855957,0.008009374141693115,1.424551010131836e-05,-0.0007709860801696777
0.007860243320465088,-0.005554616451263428,-0.04882776737213135,-0.05796891450881958,-0.10886800289154053,-0.0735170841217041
-0.17125320434570312,-0.078377366065979,0.027996540069580078,-0.08706867694854736,0.06691944599151611,0.034533917903900146
0.032022714614868164,-0.04981893301010132,0.040312111377716064,0.14913028478622437,-0.08387607336044312,-0.08109903335571289
0.045545756816864014,-0.0765494704246521,-0.023492038249969482,0.09472095966339111,-0.07759010791778564,0.08087259531021118
-0.06701099872589111,0.02568906545639038,0.04771602153778076,0.07681870460510254,0.12827938795089722,0.02264803647994995
-0.05403554439544678,-0.03276264667510986,-0.006747603416442871,-0.04640454053878784,0.022682905197143555,0.0011444091796875
-0.0008986592292785645,0.045497357845306396,-0.01788330078125,-0.06029176712036133,-0.029282093048095703,-0.01088017225265503
0.13958299160003662,0.10738182067871094,0.0792497992515564,0.06534576416015625,0.05085098743438721,-0.0004938840866088867
0.11209142208099365,-0.02013474702835083,-0.058342814445495605,0.06180459260940552,-0.010182559490203857,0.01598966121673584
0.036735713481903076,-0.02376735210418701,0.006317615509033203,0.076324462890625,-0.017828762531280518,-0.004654586315155029
-0.1866355538368225,-0.04531806707382202,0.013843417167663574,-0.004235804080963135,0.011711478233337402,-0.007870912551879883
-0.05080658197402954,0.06592452526092529,0.046025991439819336,-0.045501708984375,0.0006484389305114746,0.025448381900787354
0.07268422842025757,-0.035908401012420654,0.007110953330993652,-0.002111196517944336,-0.051673054695129395,-0.0011354684829711914
-0.1737324595451355,-0.19994181394577026,-0.07614487409591675,0.032801151275634766,0.040514230728149414,0.009805798530578613
-0.1042366623878479,-0.05107361078262329,-0.08093130588531494,-0.11870682239532471,-0.05532550811767578,0.052916526794433594
0.029070556163787842,0.01613438129425049,-0.08407026529312134,-0.02954554557800293,-0.07781553268432617,0.000934302806854248
0.028748273849487305,-0.041356801986694336,-0.003560304641723633,0.03100067377090454,0.01252126693725586,0.13302111625671387
0.10934823751449585,0.007635533809661865,0.00726550817489624,0.05571657419204712,0.05863457918167114,-0.005574822425842285
0.0690997838973999,-0.005341768264770508,-0.009398102760314941,0.010714471340179443,0.012082815170288086,-0.004498124122619629
0.03814363479614258,-0.011614978313446045,0.027200937271118164,0.0433383584022522,0.036939144134521484,-0.0017336010932922363
-0.0622023344039917,-0.04267305135726929,0.018986105918884277,0.05290001630783081,0.11622405052185059,0.020220935344696045
-0.0826575756072998,-0.03027242422103882,0.0065860748291015625,0.005916118621826172,0.02184426784515381,0.001074671745300293
-0.06915909051895142,0.030417144298553467,-0.014287829399108887,-0.07376289367675781,0.07647305727005005,0.018648624420166016
-0.05434525012969971,-0.007813811302185059,-0.012041747570037842,-0.08680438995361328,-0.13283812999725342,0.014333069324493408
0.17978352308273315,0.057710111141204834,0.010191142559051514,-0.01901698112487793,-0.048338472843170166,0.02584630250930786
0.016406357288360596,0.006518691778182983,0.0002512633800506592,-0.01921975612640381,-0.019116967916488647,0.006838381290435791
-0.030869804322719574,-0.08896387368440628,0.1321668028831482,-0.04912162572145462,-0.08908184617757797,0.024035945534706116
-0.265847384929657,-0.15690362453460693,0.07128214836120605,0.11251664161682129,0.11174386739730835,-0.027025878429412842
0.17727357149124146,0.03275841474533081,-0.016429603099822998,0.003314375877380371,0.12797337770462036,0.01043003797531128
-0.02483576536178589,-0.11905771493911743,-0.027268707752227783,-0.011593103408813477,-0.029426872730255127,0.0018622279167175293
0.03163564205169678,0.04281383752822876,0.067599356174469,0.045487284660339355,-0.025213778018951416,-0.0018545985221862793
0.2708221673965454,0.1919286847114563,0.029557764530181885,0.07279312610626221,-0.02530837059020996,-0.009416759014129639
0.04480421543121338,0.0005453228950500488,-0.002740204334259033,7.355213165283203e-05,0.07365572452545166,-0.00344240665435791
0.06060749292373657,0.023224234580993652,-0.12224370241165161,0.015233933925628662,-0.0013290643692016602,-0.0025130510330200195
-0.14541757106781006,-0.03286057710647583,-0.023630857467651367,-0.08526712656021118,-0.10669910907745361,0.0003025531768798828
0.0027966126799583435,-0.016103573143482208,0.9768445566296577,-0.09545638412237167,-0.04643591493368149,0.06805177219212055
0.06497818231582642,0.07596904039382935,-0.050776004791259766,0.04551166296005249,-0.05236315727233887,-0.028278827667236328
-0.1103714108467102,-0.11211544275283813,0.037644147872924805,-0.06007397174835205,0.04182976484298706,0.008160710334777832
0.025305449962615967,0.04305267333984375,-0.0024979710578918457,0.002009749412536621,-0.0019022226333618164,0.0006584525108337402
-0.16211837530136108,-0.08749580383300781,0.005598962306976318,0.017087280750274658,-0.04446148872375488,0.017638087272644043
0.04883486032485962,0.015502750873565674,-0.06908833980560303,0.018643438816070557,0.08934473991394043,-0.01949387788772583
-0.19800794124603271,-0.07418990135192871,-0.0391082763671875,-0.15721380710601807,-0.036771178245544434,0.0024566650390625
-0.05832505226135254,-0.03377366065979004,-0.022951841354370117,0.004297733306884766,0.01194077730178833,-0.0022746920585632324
0.051915764808654785,0.09075695276260376,0.042184650897979736,-0.0035123825073242188,0.028988003730773926,-0.0005752444267272949
0.018283724784851074,-0.001259446144104004,-0.018779098987579346,-0.06508421897888184,-0.06962573528289795,-0.004844248294830322
-0.008561670780181885,0.08493280410766602,0.20047777891159058,-0.08247363567352295,-0.0952330231666565,-0.10332942008972168
0.021836817264556885,-0.005465805530548096,0.05805480480194092,0.04992192983627319,0.011837899684906006,0.0010834336280822754
0.012694180011749268,0.1003570556640625,0.001086115837097168,0.011688590049743652,0.013248026371002197,0.009240150451660156
0.11775308847427368,0.06467771530151367,-0.032244980335235596,-0.026013433933258057,0.0048223137855529785,0.00723111629486084
-0.026855111122131348,-0.07131266593933105,-0.09852415323257446,-0.014157593250274658,0.09911084175109863,0.06310683488845825
-0.037130349315702915,-0.0076272152364254,-0.00985260121524334,0.04666987806558609,-0.028003016719594598,-0.0007614102214574814
-0.012698888778686523,0.08269214630126953,0.028177320957183838,-0.019869506359100342,0.0986335277557373,-0.05254077911376953
0.021426677703857422,0.014057815074920654,0.08606845140457153,0.06047135591506958,0.05707907676696777,-0.006753802299499512
-0.025163471698760986,0.05163562297821045,-0.0011333823204040527,0.01728510856628418,-0.02473682165145874,-0.0028229951858520508
-0.015197515487670898,-0.05477738380432129,0.012648999691009521,-0.11247175931930542,0.014515399932861328,0.004036068916320801
0.08237743377685547,0.032607078552246094,0.03340572118759155,0.050746917724609375,0.07793188095092773,-0.004159510135650635
-0.07414251565933228,-0.0653654932975769,0.08403313159942627,0.10492539405822754,0.06072378158569336,0.11545103788375854
0.06309300661087036,-0.028328895568847656,0.021250367164611816,-0.039498209953308105,-0.04389309883117676,-0.006614267826080322
-0.02570021152496338,-0.06374949216842651,-0.04543912410736084,-0.01593106985092163,-0.04759931564331055,0.029687941074371338
-0.07409131526947021,-0.019051790237426758,-0.0546184778213501,-0.018488705158233643,-0.020078837871551514,0.00021141767501831055
-0.06025606393814087,-0.031328558921813965,-0.044505298137664795,-0.006995439529418945,-0.04967457056045532,0.004062950611114502
-0.0014507770538330078,-0.07915139198303223,-0.015255630016326904,-0.04328727722167969,-0.025692224502563477,0.00148850679397583
-0.04786539077758789,0.020133256912231445,0.03315460681915283,0.05145072937011719,0.07108819484710693,-0.026475727558135986
-0.06498533487319946,-0.08316630125045776,0.01745891571044922,0.02809286117553711,0.03337562084197998,0.005058109760284424
-0.01062244176864624,0.08191269636154175,-0.05302572250366211,-0.05666220188140869,0.006520271301269531,0.09563738107681274
0.04782503843307495,0.02108842134475708,-0.1132439374923706,-0.05331522226333618,-0.12898212671279907,-0.11844009160995483
-0.013135731220245361,-0.07137686014175415,-0.014705121517181396,-0.011735200881958008,-0.012579143047332764,0.004910826683044434
-0.06562680006027222,-0.024054408073425293,-0.027472972869873047,-0.061263442039489746,0.0012668371200561523,0.0014902949333190918
0.030199110507965088,-0.08392959833145142,-0.26211559772491455,-0.020468175411224365,-0.19771325588226318,-0.05912899971008301
-0.09798002243041992,0.013824999332427979,-0.006728708744049072,-0.05440044403076172,-0.04629331827163696,0.013938426971435547
0.06928205490112305,0.032892704010009766,0.06414675712585449,0.05050373077392578,-0.009355247020721436,-0.012824475765228271
-0.07808572053909302,-0.01601463556289673,-0.00917959213256836,-0.09415191411972046,-0.021965861320495605,0.004199981689453125
0.05150943994522095,0.004529774188995361,0.04228168725967407,0.017625272274017334,-0.003856837749481201,0.032128870487213135
0.014019429683685303,0.09458070993423462,0.037829577922821045,0.008790671825408936,0.012893140316009521,-0.0022935867309570312
0.024215102195739746,0.1274433135986328,-0.002701997756958008,-0.005313992500305176,0.15957438945770264,0.0008052587509155273
0.06562066078186035,0.059242069721221924,0.12148594856262207,0.06342422962188721,0.004125714302062988,-0.0008587241172790527
-0.07334321737289429,-0.049024999141693115,0.00813436508178711,0.010968625545501709,0.018507838249206543,-0.0010346770286560059
-0.11199504137039185,-0.07622522115707397,-0.07502198219299316,-0.01267850399017334,0.0039653778076171875,-0.004899442195892334
0.016886889934539795,0.11272096633911133,0.00785893201828003,0.019789278507232666,-0.01057976484298706,-0.005121588706970215
0.023413240909576416,0.039208412170410156,-0.02011585235595703,-0.014567136764526367,0.052220821380615234,-0.020933926105499268
0.08241927623748779,0.04980200529098511,-0.0017567276954650879,-0.0120469331741333,-0.009254515171051025,0.0004868507385253906
0.05809366703033447,0.05819118022918701,0.024287760257720947,-0.024612128734588623,-0.0027886033058166504,-0.0217706561088562
0.032674551010131836,0.014151394367218018,-0.001558542251586914,-0.00042629241943359375,-0.043681561946868896,0.03477203845977783
0.05913233757019043,0.07075399160385132,0.016374409198760986,-0.02859407663345337,-0.016933679580688477,-0.02169966697692871
-0.09771913290023804,-0.022984802722930908,-0.016617536544799805,-0.04920536279678345,-0.013319909572601318,-0.0010167956352233887
-0.006922900676727295,0.025625944137573242,-0.001650989055633545,0.008312463760375977,-0.010333478450775146,-5.894899368286133e-05
0.07369345426559448,0.011329114437103271,0.0059296488761901855,0.02283698320388794,-0.004431426525115967,-0.0020682215690612793
-0.08800464868545532,-0.002595186233520508,0.013548195362091064,-0.013080179691314697,-0.004895925521850586,-0.0005731582641601562
0.13225317001342773,0.05811387300491333,0.01195460557937622,0.021215319633483887,-0.004851579666137695,-0.002459228038787842
-0.1693548560142517,-0.12058848142623901,-0.06423819065093994,-0.016790032386779785,0.02187591791152954,0.025823771953582764
-0.04277694225311279,-0.012068510055541992,-0.007620453834533691,-0.005361795425415039,-0.0013960003852844238,0.00017708539962768555
-1.4654446840286255,0.021065115928649902,0.21700334548950195,0.15747857093811035,-0.042990922927856445,-0.023686766624450684
0.12808847427368164,0.0836833119392395,0.04250979423522949,0.010663270950317383,-0.00024002790451049805,0.003244459629058838
0.16442734003067017,0.05640202760696411,0.0030189156532287598,0.03454744815826416,-0.0031428933143615723,0.01873689889907837
-0.0387418270111084,0.0071187615394592285,-0.0095139741897583,-0.030046939849853516,-0.019217371940612793,0.018358349800109863
0.06705129146575928,-0.18767428398132324,-0.7717475928366184,0.09459269046783447,0.14345794916152954,0.12622642517089844
-0.05763036012649536,0.0035598278045654297,0.039168596267700195,-0.0012447237968444824,0.03515833616256714,0.009170055389404297
0.13455605506896973,0.017309129238128662,-0.022714197635650635,-0.02199995517730713,-0.021219611167907715,0.026568174362182617
0.014166593551635742,-0.03417408466339111,0.0469433069229126,-0.0022626519203186035,0.058249056339263916,0.0023754239082336426
0.05695623159408569,0.00036448240280151367,0.014258027076721191,-0.0028162598609924316,0.019065141677856445,2.980232238769531e-07
-0.0011058449745178223,-0.02141803503036499,-0.05522674322128296,-0.08056402206420898,-0.09481972455978394,0.01667773723602295
-0.007873058319091797,-0.08073341846466064,-0.12255775928497314,-0.008481800556182861,-0.005528628826141357,0.0005831122398376465
-0.05116605758666992,-0.13525104522705078,-0.08774089813232422,0.025997400283813477,-0.04570955038070679,0.038573622703552246
0.026342034339904785,0.0828315019607544,0.015282988548278809,-0.014825046062469482,-0.014443457126617432,-0.002205193042755127
-0.09699815511703491,0.0028033852577209473,-0.006004989147186279,-0.04214036464691162,-0.00046896934509277344,0.001342475414276123
-0.047938644886016846,-0.04528576135635376,-0.08230811357498169,-0.07440721988677979,-0.016689956188201904,-0.05951666831970215
0.11396002769470215,0.1518372893333435,-0.016212880611419678,0.0003654956817626953,0.018513023853302002,-0.010237276554107666
0.027984201908111572,0.023571014404296875,0.18586820363998413,-0.0014306306838989258,0.1325346827507019,-0.026524782180786133
-0.04261958599090576,0.011433124542236328,-0.023062169551849365,-0.024961113929748535,-0.035829901695251465,0.006583869457244873
-0.04712146520614624,-0.050275564193725586,0.03735387325286865,0.03655725717544556,0.049780428409576416,-0.002601444721221924
-0.008619308471679688,-0.0026923418045043945,-0.01068800687789917,0.029242873191833496,-0.030570387840270996,0.014099180698394775
0.14276599884033203,0.09774500131607056,-0.045340776443481445,0.03628242015838623,-0.04583275318145752,-0.030010998249053955
-0.00042814016342163086,-0.010771751403808594,0.06982421875,0.028889477252960205,0.0706484317779541,-0.0037317872047424316
0.015194594860076904,-0.00860220193862915,0.0012499690055847168,-0.003960251808166504,0.013744533061981201,4.589557647705078e-06
0.024965286254882812,0.0023891329765319824,0.01956838369369507,0.00011610984802246094,0.01342242956161499,4.76837158203125e-07
0.04715526103973389,0.03912699222564697,-0.06772363185882568,0.06064087152481079,-0.06392699480056763,-0.025455594062805176
0.03543621301651001,0.014676690101623535,0.024825632572174072,0.04930621385574341,0.13639384508132935,0.021197378635406494
0.05668896436691284,0.07970923185348511,0.0726248025894165,-0.01277780532836914,0.02207094430923462,-0.0003381967544555664
-0.00457000732421875,-0.04249519109725952,-0.01715707778930664,-0.05741584300994873,-0.47863060235977173,0.019483476877212524
-0.01130831241607666,-0.002276301383972168,-0.0010330677032470703,0.004838466644287109,-0.000896155834197998,4.869699478149414e-05
-0.009500265121459961,0.0026237964630126953,-0.010965585708618164,-0.0001418590545654297,-0.009692490100860596,4.708766937255859e-06
-0.024537384510040283,-0.11824941635131836,-0.10784155130386353,-0.12122797966003418,-0.06915813684463501
-0.0222511887550354,-0.023100852966308594,-0.023035526275634766,0.00021827220916748047,-0.02915513515472412,0.0009284615516662598
-0.14770448207855225,-0.1223834753036499,-0.0820845365524292,-0.010446906089782715,-0.028226852416992188,-0.004548549652099609
0.0004329085350036621,0.12297534942626953,0.04649096727371216,0.016307830810546875,-0.004006326198577881,-0.004103124141693115
-0.08016204833984375,-0.11920267343521118,-0.04869633913040161,0.007693171501159668,-0.03339594602584839,0.0056795477867126465
-0.03451061248779297,-0.07876694202423096,-0.011275708675384521,-0.02580481767654419,0.02617591619491577,0.03789198398590088
0.02282881736755371,0.01489931344985962,0.0044966936111450195,0.03453028202056885,0.027144968509674072,-5.823373794555664e-05
0.00024396181106567383,0.12703222036361694,0.0027645230293273926,-0.00173187255859375,0.006201386451721191,-0.002165377140045166
-0.06927549839019775,0.018764078617095947,-0.021561801433563232,-0.038944244384765625,0.0231020450592041,0.00189131498336792
-0.04416155815124512,-0.067446768283844,-0.0870739221572876,-0.038337647914886475,-0.04731881618499756,0.01978921890258789
0.061721742153167725,0.09103929996490479,0.1017693281173706,0.04367506504058838,0.017427265644073486,-0.0010843873023986816
0.13188201189041138,0.0012218952178955078,-0.018436312675476074,0.06839090585708618,-0.026472508907318115,-0.0035639405250549316
-0.028967559337615967,-0.06021207571029663,-0.05431091785430908,0.001607060432434082,-0.015348434448242188,0.0034351348876953125
0.0120125412940979,0.019518733024597168,-0.00615304708480835,0.0040433406829833984,-0.007371306419372559,-0.003697335720062256
0.057405054569244385,0.1680833101272583,0.009634435176849365,0.00029927492141723633,-0.005747973918914795,-0.0032352805137634277
-0.05462145805358887,-0.026937007904052734,-0.03823351860046387,-0.05034416913986206,-0.009901285171508789,0.0018186569213867188
0.08511948585510254,0.08983677625656128,-0.029045045375823975,-0.04898780584335327,-0.046934306621551514,-0.05488497018814087
0.07578819990158081,-0.0006619095802307129,-0.0015211105346679688,-0.006821990013122559,0.0018189549446105957,0.001506805419921875
0.022617816925048828,-0.01419210433959961,-0.011445701122283936,-0.011901140213012695,0.004490792751312256,7.450580596923828e-06
0.005980074405670166,-0.08969664573669434,-0.01779961585998535,-0.0495380163192749,-0.05319100618362427,0.0037764310836791992
-0.0005014538764953613,0.0066869258880615234,-0.011833429336547852,0.024457573890686035,-0.00015497207641601562,-0.0006219148635864258
0.03206741809844971,-0.012387633323669434,0.012711882591247559,0.008167803287506104,0.017970561981201172,-0.002216041088104248
0.07706409692764282,0.08594030141830444,0.048599183559417725,-0.003833949565887451,-0.0025995969772338867,-0.002794206142425537
-0.029156625270843506,-0.006254434585571289,-0.049487948417663574,-0.0040056705474853516,-0.013989508152008057,0.0014620423316955566
-0.011807858943939209,0.014907479286193848,-0.017988085746765137,-0.007094919681549072,0.006801784038543701,-0.0013883709907531738
0.03418248891830444,0.06960511207580566,0.03463256359100342,0.007723808288574219,0.00888526439666748,-0.0009058713912963867
0.13319796323776245,0.01741194725036621,-0.04295790195465088,-0.0059053897857666016,-0.000489652156829834,0.01626366376876831
0.04699331521987915,0.065390944480896,-0.09514880180358887,-0.06457722187042236,-0.062190115451812744,-0.005874216556549072
0.019637107849121094,-0.028195738792419434,0.0028926730155944824,0.011516094207763672,0.022451579570770264,0.00024586915969848633
-0.05227863788604736,-0.001171112060546875,-0.010803699493408203,-0.002729475498199463,-0.05155587196350098,4.0471553802490234e-05
0.09439200162887573,-0.004279017448425293,0.012610375881195068,-0.0028080344200134277,0.014783203601837158,-0.004254579544067383
0.04261666536331177,0.0008294582366943359,-0.007615566253662109,-0.006618916988372803,0.0042029619216918945,-0.0011356472969055176
0.03762531280517578,0.03869062662124634,0.04697996377944946,0.025408565998077393,0.005730807781219482,-0.00011336803436279297
-0.0353693962097168,0.046962082386016846,0.035137057304382324,0.021441876888275146,0.04202383756637573,-0.008417904376983643
0.039095163345336914,0.09801316261291504,0.01981419324874878,0.01378709077835083,-0.02614527940750122,-0.024382293224334717
0.0004374384880065918,-0.004873812198638916,0.03567802906036377,0.015640437602996826,-0.004504680633544922,-0.00021594762802124023
-0.09092891216278076,-0.08126085996627808,-0.028498947620391846,0.010260581970214844,0.06743699312210083,0.010278046131134033
-0.03368169069290161,-0.040772199630737305,-0.02958202362060547,0.033989667892456055,0.031106233596801758,0.0017378926277160645
-0.06686770915985107,-0.07245749235153198,-0.0346260666847229,-0.03453439474105835,-0.010922074317932129,0.006631910800933838
-0.047755658626556396,-0.002821683883666992,0.018578648567199707,0.01453399658203125,0.007744967937469482,-0.0016282200813293457
0.03657114505767822,0.023040771484375,0.03566396236419678,0.011883914470672607,0.03294217586517334,4.947185516357422e-06
-0.06049489974975586,-0.05987703800201416,-0.0001679062843322754,0.004428684711456299,0.008475661277770996,0.005183219909667969
-0.03806734085083008,-0.06509345769882202,-0.04126518964767456,-0.015297770500183105,0.0002925395965576172,0.0012505650520324707
-0.023345470428466797,0.0027954578399658203,0.018098294734954834,0.002969086170196533,-0.001264035701751709,0.0026151537895202637
0.010280430316925049,0.0034202933311462402,-0.0025056004524230957,0.00019288063049316406,0.00018936395645141602,4.291534423828125e-06
0.05354410409927368,0.03019702434539795,-0.002018451690673828,-0.0387154221534729,-0.03621065616607666,-0.006635010242462158
0.05024200677871704,0.04111075401306152,0.006106436252593994,0.0003285408020019531,-0.0015079975128173828,-0.00047659873962402344
-0.05046224594116211,-0.013371646404266357,0.001431584358215332,0.003535926342010498,-0.004861295223236084,-7.826089859008789e-05
-0.046258389949798584,-0.010678648948669434,0.017267882823944092,-0.00838249921798706,0.0064223408699035645,0.0017464160919189453
-0.03039032220840454,-0.012820124626159668,-0.00283890962600708,0.001569211483001709,4.7206878662109375e-05,3.457069396972656e-05
0.012134194374084473,0.03253436088562012,0.03048461675643921,0.01444089412689209,0.029941856861114502,0.05688530206680298
-0.02430272102355957,-0.003821849822998047,0.005540788173675537,-0.010849714279174805,0.06243467330932617,-0.018908977508544922
-0.0428885817527771,-0.010746598243713379,-0.011208117008209229,-0.026874780654907227,-0.022161006927490234,0.0012431740760803223
0.04055529832839966,-0.001173257827758789,0.016010582447052002,0.03287506103515625,-0.0066716670989990234,-0.0003629326820373535
-0.025077998638153076,-0.0012646913528442383,-0.04303067922592163,-0.018214821815490723,-0.027672767639160156,0.0011044740676879883
-0.008606433868408203,0.0008440017700195312,0.0030892491340637207,-0.01069021224975586,0.006196320056915283,0.00018471479415893555
-0.013738512992858887,-0.08894413709640503,-0.10126900672912598,-0.012297272682189941,0.0002555251121520996,0.006312310695648193
-0.021934032440185547,-0.016480624675750732,-0.011708676815032959,-0.03670966625213623,0.02269035577774048,0.00694197416305542
-0.06042325496673584,-0.07076352834701538,-0.041972815990448,-0.006126224994659424,-0.00652468204498291,-0.05885612964630127
-0.09720951318740845,-0.034228503704071045,-0.04705810546875,-0.06469541788101196,-0.015460193157196045,-0.0024463534355163574
0.017371714115142822,0.039297282695770264,0.0228155255317688,0.010522603988647461,0.0014554858207702637,-0.00020062923431396484
0.004869043827056885,0.0030398964881896973,0.012815475463867188,-0.006852924823760986,-0.006795048713684082,-0.00020301342010498047
-0.011757493019104004,-0.03837054967880249,0.000503242015838623,0.003031611442565918,-0.005698978900909424,0.0026540160179138184
0.04451942443847656,0.05586940050125122,0.07215380668640137,0.011006772518157959,-0.0025484561920166016,0.00025463104248046875
-0.024620652198791504,-0.03626447916030884,0.011175751686096191,0.02767503261566162,0.029996156692504883,0.014855384826660156
0.06245994567871094,0.04825371503829956,0.012761592864990234,-0.004664242267608643,-0.003251314163208008,-0.0072016119956970215
-0.03654909133911133,-0.020136773586273193,-0.013380587100982666,-0.004035353660583496,0.009695053100585938,0.0004943609237670898
0.02180159091949463,0.04827219247817993,-8.738040924072266e-05,-0.000934600830078125,0.0063599348068237305,-0.0004176497459411621
0.03242683410644531,0.003282904624938965,0.000611424446105957,-0.00011682510375976562,0.01597428321838379,-0.00031751394271850586
-0.011003971099853516,0.001257181167602539,0.008284568786621094,0.0067250728607177734,0.008913278579711914,0.00045812129974365234
-0.005740523338317871,-0.0022554397583007812,-0.013506650924682617,-0.0072470903396606445,-0.0013393759727478027,6.079673767089844e-06
-0.05821335315704346,-0.13999104499816895,-0.020176827907562256,0.013517975807189941,0.008748829364776611,0.022396385669708252
-0.05709564685821533,0.006914496421813965,-0.01728743314743042,-0.000835716724395752,-0.011487782001495361,0.0021284818649291992
0.06935340166091919,0.007967233657836914,0.05014282464981079,0.01503843069076538,0.03364408016204834,0.06743943691253662
0.014435529708862305,0.022483885288238525,0.009058535099029541,0.0014755725860595703,0.013120830059051514,-0.010049223899841309
-0.05387157201766968,-0.04473239183425903,0.044906795024871826,0.018912792205810547,0.023698389530181885,0.014210939407348633
-0.04201459884643555,-0.01897042989730835,0.005182087421417236,0.006684303283691406,0.0025856494903564453,0.0011213421821594238
-0.026234805583953857,-0.001022934913635254,-0.0001043081283569336,-0.011930644512176514,-0.005854904651641846,1.4483928680419922e-05
-0.024975121021270752,-0.0416179895401001,-0.013008654117584229,0.001438140869140625,-0.0038893818855285645,0.0001233816146850586
-0.03566622734069824,-0.04148465394973755,-0.01340872049331665,0.0002778768539428711,-0.0010455846786499023,0.00016427040100097656
0.03086709976196289,0.015458285808563232,0.04279130697250366,0.033132731914520264,0.02926921844482422,0.027186691761016846
0.03436911106109619,0.01815110445022583,0.008978962898254395,-0.001410841941833496,0.012375712394714355,-3.999471664428711e-05
-0.01987510919570923,0.002655208110809326,0.00404733419418335,0.004245758056640625,-0.002128899097442627,-1.800060272216797e-05
0.021402060985565186,0.020639896392822266,0.04158657789230347,0.05097055435180664,0.0026113390922546387,-0.0006217360496520996
0.0033333301544189453,0.07323324680328369,0.009025335311889648,-0.002692699432373047,0.00023442506790161133,-0.001617133617401123
-0.017767488956451416,-0.007452189922332764,0.01049661636352539,0.0040299296379089355,0.028401553630828857,0.01252591609954834
0.0667572021484375,0.05997109413146973,0.0040073394775390625,0.0022569894790649414,0.0029782652854919434,0.001349329948425293
-0.027070581912994385,-0.029146432876586914,-0.034224748611450195,0.03487521409988403,0.03535163402557373,0.001283884048461914
-0.043605804443359375,0.0015323758125305176,0.023998379707336426,0.018845081329345703,0.014352083206176758,-0.00139540433883667
0.051595449447631836,0.023539185523986816,0.018416643142700195,0.0026075243949890137,0.008044600486755371,-0.0001341700553894043
0.0398903489112854,0.036994755268096924,0.02635979652404785,0.018611371517181396,0.04681050777435303,-0.00012284517288208008
0.0021779537200927734,-0.022500813007354736,0.004541277885437012,0.009302020072937012,0.0012163519859313965,2.8192996978759766e-05
-0.011355280876159668,0.010744750499725342,0.00347214937210083,0.02879464626312256,0.003744840621948242,-0.0007187724113464355
0.09897482395172119,0.029941439628601074,0.007593810558319092,0.01344221830368042,0.007474720478057861,0.003917515277862549
0.015039801597595215,0.06240576505661011,-0.0028299689292907715,-0.012690067291259766,0.01697540283203125,-0.003964602947235107
0.03259354829788208,0.008964002132415771,-0.0023061633110046387,0.005737960338592529,0.010214090347290039,0.00016260147094726562
-0.02922046184539795,-0.018750131130218506,-0.02979987859725952,-0.009507060050964355,0.0029575228691101074,0.0004355907440185547
-0.06334161758422852,-0.009787917137145996,-0.020132839679718018,-0.014852702617645264,0.0011504292488098145,0.0008416175842285156
-0.03985708951950073,-0.056397080421447754,-0.05324983596801758,0.0020486116409301758,-0.012687087059020996,0.0013304948806762695
-0.004723608493804932,0.0843123197555542,0.06357014179229736,-0.008961975574493408,0.018228232860565186,-0.0061280131340026855
-0.038822710514068604,-0.0020650625228881836,-0.023232996463775635,-0.003531217575073242,-0.0022722482681274414,-4.374980926513672e-05
0.01172095537185669,0.002395331859588623,0.011882603168487549,-0.0014529824256896973,0.02104330062866211,-0.0010483860969543457
0.045394301414489746,0.01666080951690674,0.009300649166107178,0.014524221420288086,-0.005951106548309326,-0.0005864500999450684
0.02261185646057129,0.028398752212524414,-0.020616590976715088,-0.01888376474380493,-0.0068857669830322266,0.007359802722930908
0.0014444589614868164,-0.0017753839492797852,0.0004292726516723633,-0.0019281506538391113,0.00400853157043457,8.821487426757812e-06
0.0005708932876586914,-0.002760648727416992,0.001928091049194336,0.00036466121673583984,-0.005093574523925781,0.005349218845367432
-0.0009716153144836426,-0.0037610530853271484,-0.015180885791778564,0.0013421177864074707,-0.03024446964263916,0.0001569986343383789
0.029681265354156494,0.012008309364318848,-0.0037297606468200684,-0.008106112480163574,-0.010551214218139648,-0.002751290798187256
0.002402663230895996,0.007724642753601074,0.0017111897468566895,-0.0027170181274414062,-0.004968702793121338,3.6954879760742188e-06
0.009096026420593262,0.004612267017364502,0.014272987842559814,0.0011477470397949219,0.0013363957405090332,-3.618001937866211e-05
-0.017778873443603516,-0.008573830127716064,-0.0008277297019958496,0.0014088153839111328,-0.0013027191162109375,1.817941665649414e-05
-0.011048436164855957,0.03237539529800415,0.007080972194671631,-0.004925668239593506,-0.012198805809020996,-0.006862223148345947
-0.0180014967918396,-0.02459108829498291,-0.0702202320098877,-0.01538938283920288,-0.0027524828910827637,-9.548664093017578e-05
0.0014663338661193848,-0.007220029830932617,-0.007868289947509766,0.016256868839263916,0.003686070442199707,-0.0005539059638977051
-0.03012549877166748,-0.050927937030792236,-0.014963626861572266,0.009511590003967285,0.010956048965454102,0.00449979305267334
0.07843273878097534,0.05998307466506958,-0.008710026741027832,0.004048347473144531,-0.006476938724517822,-0.005752146244049072
-0.019003093242645264,7.367134094238281e-05,-0.04058128595352173,-9.5367431640625e-06,-0.002802908420562744,0.005496561527252197
-0.0061492919921875,-0.047052860260009766,-0.006629884243011475,-0.009456396102905273,0.004815101623535156,0.002470731735229492
-0.002086162567138672,-0.00029414892196655273,-0.005053400993347168,-0.002309262752532959,-0.00031644105911254883,2.7120113372802734e-05
0.008372962474822998,0.030371129512786865,0.01955801248550415,0.011861026287078857,0.005083024501800537,-0.0012211799621582031
-0.05120348930358887,-0.019391953945159912,0.011961758136749268,0.0047664642333984375,-0.012632131576538086,0.0026818513870239258
-5.364418029785156e-05,0.00021529197692871094,-0.002664625644683838,-0.0014195442199707031,-0.005461275577545166,2.2649765014648438e-06
0.0075487494468688965,-0.000616908073425293,0.025163888931274414,0.007259249687194824,-0.002562284469604492,-6.884336471557617e-05
0.02727353572845459,-0.010240614414215088,-0.00047475099563598633,0.013170599937438965,-0.004857242107391357,-0.008177220821380615
-0.06635522842407227,-0.050742506980895996,0.027803122997283936,0.03403574228286743,0.036611735820770264,0.0035141706466674805
-0.033009111881256104,-0.006104707717895508,0.006015300750732422,0.00224149227142334,0.007121384143829346,-0.00023859739303588867
-0.009149432182312012,-0.015006184577941895,-0.02571767568588257,-0.005653321743011475,-0.018177509307861328,0.0009246468544006348
0.0010809898376464844,0.026384055614471436,0.009896695613861084,0.006507217884063721,0.01524817943572998,-0.0007093548774719238
-0.0004985928535461426,0.00489652156829834,0.015750646591186523,0.015271008014678955,0.0014004707336425781,-0.0007171034812927246
0.003014683723449707,-0.015679895877838135,-0.027653634548187256,0.0020810961723327637,0.007655799388885498,0.0005567073822021484
-0.003618955612182617,-0.0004366636276245117,-0.0013725757598876953,-0.010286450386047363,-0.0032272934913635254,0.00019878149032592773
0.02482551336288452,0.016788125038146973,0.001783907413482666,-0.0029290318489074707,-0.006624937057495117,-0.0005903840065002441
0.035654425621032715,0.009707093238830566,-0.0014424324035644531,-0.0008545517921447754,-0.0018274188041687012,-0.0003666877746582031
-0.004667997360229492,-0.021528244018554688,0.001603841781616211,0.0024780631065368652,-0.001179814338684082,6.496906280517578e-06
0.02364879846572876,0.0017772316932678223,0.01299893856048584,0.002624034881591797,0.015087664127349854,-0.0008214116096496582
0.04279041290283203,0.05869722366333008,-0.017149388790130615,-0.0173986554145813,-0.008750498294830322,-0.013189077377319336
0.07256025075912476,0.12564265727996826,0.06027829647064209,0.004302978515625,-3.0100345611572266e-05,-0.002790510654449463
-0.000528872013092041,0.003695249557495117,-2.2172927856445312e-05,-0.0005810856819152832,-0.0012683868408203125,-1.5020370483398438e-05
-0.0890689492225647,-0.07563525438308716,0.011429131031036377,0.006978154182434082,0.011792600154876709,0.004041016101837158
-0.042446672916412354,-0.03616911172866821,0.008165359497070312,-0.0027417540550231934,0.010343849658966064,0.002396702766418457
-0.030072569847106934,-0.001964271068572998,-0.04022693634033203,-0.03436625003814697
-0.026726126670837402,-0.03212594985961914,0.0064789652824401855,-0.0014590024948120117,0.006534993648529053,0.0014857053756713867
-0.016025304794311523,-0.007611393928527832,-0.03259247541427612,0.00025027990341186523,-0.004539966583251953,2.4080276489257812e-05
0.008623659610748291,6.967782974243164e-05,0.0022936463356018066,0.00013130903244018555,0.0069931745529174805,8.940696716308594e-07
-0.013282239437103271,0.028232038021087646,-0.01401829719543457,0.002356410026550293,-0.015904545783996582,-0.005468249320983887
0.00794529914855957,-0.004054427146911621,0.009770512580871582,0.0029636621475219727,0.010565757751464844,-8.106231689453125e-05
-0.0020279884338378906,0.011668920516967773,-0.000640571117401123,-0.0017723441123962402,-0.003389894962310791,-6.139278411865234e-06
0.040843427181243896,0.03235572576522827,-0.0069963932037353516,-0.006012618541717529,-0.013248324394226074,-0.0028074979782104492
0.0009595155715942383,-0.00859534740447998,0.002230048179626465,0.0003587007522583008,0.0018121004104614258,-1.4841556549072266e-05
0.005910336971282959,0.0004050731658935547,0.004774272441864014,0.026105284690856934,0.012674331665039062,0.01325446367263794
-0.0195847749710083,-0.0010394454002380371,-0.0014001727104187012,-0.00048601627349853516,-0.007343590259552002,5.245208740234375e-06
-0.0076146721839904785,-0.01052767038345337,0.0017377138137817383,0.0018176436424255371,-0.0014815330505371094,7.3909759521484375e-06
0.03899824619293213,0.06035923957824707,-0.00890493392944336,0.008793056011199951,-0.0031575560569763184,-0.006582975387573242
0.013822615146636963,0.007048070430755615,0.015384316444396973,0.0006499886512756348,0.013024330139160156,-1.2695789337158203e-05
-0.006456911563873291,-0.023252010345458984,0.001156151294708252,0.00136643648147583,0.001301586627960205,6.467103958129883e-05
0.020253419876098633,0.008678674697875977,0.010404229164123535,0.003575146198272705,0.006308078765869141,-1.8298625946044922e-05
-0.00674813985824585,-0.0005239248275756836,-0.006037890911102295,0.002693772315979004,-0.00802081823348999,0.0002970099449157715
-0.059119582176208496,-0.08045852184295654,-0.0031481385231018066,0.004717886447906494,0.009091615676879883,0.006157934665679932
-0.01349329948425293,-0.002029716968536377,0.0022304654121398926,0.000836789608001709,0.002476334571838379,-5.960464477539062e-07
-0.004124283790588379,0.0008172988891601562,7.12275505065918e-05,-0.00024968385696411133,-0.013802587985992432,2.5928020477294922e-05
-0.03823584318161011,-0.016316533088684082,-0.05545693635940552,-0.002448439598083496,-0.0048604607582092285,-7.849931716918945e-05
0.014010727405548096,0.0007615089416503906,0.0014032721519470215,0.0008875727653503418,0.00011587142944335938,-1.8417835235595703e-05
-0.019219398498535156,-0.014402568340301514,-0.002436995506286621,-0.005218029022216797,-0.0021314024925231934,8.940696716308594e-07
-0.04747772216796875,-0.0272788405418396,-0.02255702018737793,-0.0054413676261901855,-0.007321298122406006,0.00019973516464233398
0.010918855667114258,0.00031250715255737305,-0.001380622386932373,0.0003007650375366211,0.011202871799468994,-7.152557373046875e-06
0.012896418571472168,0.01101541519165039,0.019273459911346436,0.001878201961517334,0.005884945392608643,-0.000392913818359375
0.01792466640472412,0.00992804765701294,0.007784128189086914,-0.00504225492477417,-0.0031266212463378906,-0.00016945600509643555
0.0002903938293457031,0.0005626082420349121,0.00491487979888916,0.001093149185180664,0.0015968084335327148,-5.960464477539062e-07
-0.006425440311431885,-0.024353981018066406,-0.006608307361602783,-0.00036460161209106445,-0.0006808638572692871,8.934736251831055e-05
-0.01565849781036377,-0.002704024314880371,-0.004219651222229004,0.00034439563751220703,-0.0026711225509643555,2.205371856689453e-06
0.007689297199249268,-0.00034123659133911133,-0.00015270709991455078,0.00025027990341186523,3.045797348022461e-05,-2.86102294921875e-06
-0.06051379442214966,0.0012830495834350586,-0.0025887489318847656,-0.0032376646995544434,-0.01118379831314087,0.0002830028533935547
0.014722824096679688,0.007545113563537598,0.004310965538024902,0.0002811551094055176,0.012543022632598877,-4.351139068603516e-06
0.008301198482513428,0.005560040473937988,0.0013634562492370605,0.00019747018814086914,-0.000883936882019043,-1.0788440704345703e-05
-0.02544623613357544,-0.03708207607269287,-0.003774881362915039,-0.00022745132446289062,-0.0024402737617492676,0.00011622905731201172
-0.022637903690338135,-0.024371981620788574,-0.005962014198303223,-0.0001601576805114746,-0.006026268005371094,2.7120113372802734e-05
0.008859813213348389,0.010194897651672363,-0.0015243291854858398,0.007014751434326172,0.011017024517059326,-0.0004576444625854492
0.002142190933227539,0.007397472858428955,0.0072062015533447266,0.00807720422744751,-0.001546323299407959,-1.6629695892333984e-05
-0.0015004873275756836,0.0021036863327026367,0.0016259551048278809,-0.0015860795974731445,0.0032204389572143555,-5.364418029785156e-07
-0.004812777042388916,-0.0035496950149536133,-0.0010136961936950684,0.0011532306671142578,0.0012152791023254395,-9.953975677490234e-06
0.08518677949905396,0.008472561836242676,0.0005652308464050293,0.015293240547180176,0.00045871734619140625,5.906820297241211e-05
0.018291234970092773,0.04694312810897827,0.0013865828514099121,0.007518410682678223,-0.001913309097290039,-0.0009559988975524902
-0.009352922439575195,0.002160191535949707,-0.0009189248085021973,0.0020848512649536133,-0.016844987869262695,0.0003515481948852539
-0.022912561893463135,-0.0005015134811401367,-0.0037350058555603027,0.0013830065727233887,0.0012868046760559082,0.0002454519271850586
-0.017108440399169922,0.0009879469871520996,-0.008667051792144775,0.002080082893371582,-0.013762593269348145,0.0006910562515258789
-0.041580021381378174,-0.0016415715217590332,-0.004749417304992676,-0.005910217761993408,-0.002053678035736084,-0.00025713443756103516
-0.0017595887184143066,-0.00010198354721069336,-0.003210723400115967,-0.001797318458557129,-0.0028373003005981445,1.5139579772949219e-05
0.026603996753692627,0.013426542282104492,0.012875616550445557,-0.0011865496635437012,0.0016528964042663574,9.000301361083984e-06
-0.01289457082748413,-0.008376836776733398,-0.004040420055389404,-0.002465486526489258,-0.007548630237579346,0.0018900632858276367
0.0013753175735473633,-0.0018914341926574707,-0.0018659234046936035,-0.0014744400978088379,-0.00015538930892944336,-0.00013083219528198242
0.007669270038604736,0.00899648666381836,0.034717023372650146,0.03166383504867554,0.00283735990524292,-0.0004930496215820312
0.013529062271118164,0.01724696159362793,0.020076453685760498,0.006566762924194336,-0.0013288259506225586,-0.00037294626235961914
-0.03697335720062256,-0.0018398761749267578,0.0014136433601379395,-0.016157865524291992,0.0006158351898193359,-0.0002486705780029297
-0.005775570869445801,-0.016859352588653564,0.0004851818084716797,-0.00036770105361938477,0.0007984042167663574,0.0005102157592773438
-0.0023445487022399902,-0.00015181303024291992,9.119510650634766e-05,-0.0005290508270263672,-0.0008835792541503906,2.0265579223632812e-06
0.009687960147857666,0.007683873176574707,0.006997168064117432,0.001699686050415039,0.00737607479095459,-0.0004280209541320801
0.02825641632080078,0.028739869594573975,0.004216134548187256,0.0064814090728759766,-3.701448440551758e-05,-0.00018423795700073242
0.00033545494079589844,0.003682553768157959,0.00018674135208129883,0.0002929568290710449,0.0032851099967956543,-2.384185791015625e-07
-0.018910109996795654,-0.00029796361923217773,-0.00028246641159057617,1.531839370727539e-05,-0.0006487369537353516,-1.0013580322265625e-05
-0.003183603286743164,-0.009064733982086182,-0.0007990598678588867,-0.007040798664093018,-0.00022643804550170898,8.52346420288086e-06
0.004501283168792725,0.0008934140205383301,0.0006040334701538086,0.0019962191581726074,0.0015246868133544922,-2.384185791015625e-07
0.001708686351776123,0.0024392008781433105,-0.0006082653999328613,0.0019417405128479004,0.0038837790489196777,-2.568960189819336e-05
0.051691412925720215,0.043331682682037354,0.008236944675445557,-0.00016289949417114258,0.0004291534423828125,-0.0007229447364807129
-0.01121598482131958,0.0005666613578796387,0.00036454200744628906,0.000625908374786377,0.0010586380958557129,9.715557098388672e-06
0.02472090721130371,0.0021559596061706543,0.008296608924865723,0.002823770046234131,0.00010865926742553711,-0.0004367828369140625
-0.06682431697845459,-0.02583247423171997,0.0038802027702331543,-0.005272388458251953,0.009266555309295654,-0.0061571598052978516
-0.014389395713806152,-0.0004925727844238281,-0.0008617043495178223,-0.001274704933166504,-0.006789445877075195,2.2292137145996094e-05
-0.004901409149169922,0.00022542476654052734,0.008114993572235107,0.00780409574508667,0.00944983959197998,0.0011218786239624023
0.016993582248687744,0.00044465065002441406,0.011509299278259277,0.001990079879760742,0.004889845848083496,1.7881393432617188e-07
-0.0007151365280151367,-0.0012984871864318848,-0.017717301845550537,-0.006406247615814209,-0.0016576051712036133,2.4437904357910156e-05
-0.00033223628997802734,-0.020508229732513428,-0.009374082088470459,-0.00026047229766845703,0.003986060619354248,0.0020822882652282715
0.0022113919258117676,0.0016685128211975098,-0.0023277997970581055,0.008411884307861328,-0.003909707069396973,-0.00018221139907836914
-0.00014591217041015625,-0.0010154247283935547,-0.0056149959564208984,-0.008128345012664795,-0.008178949356079102,6.341934204101562e-05
-0.0010547637939453125,-0.016501963138580322,0.002187788486480713,0.004133939743041992,0.005110442638397217,-6.812810897827148e-05
-0.007069528102874756,-0.0032776594161987305,-0.004706382751464844,0.0027780532836914062,0.0033690929412841797,0.0008037090301513672
0.026544630527496338,0.05403059720993042,0.0071173906326293945,0.0010980963706970215,-0.003410816192626953,-0.0024427175521850586
-0.014805018901824951,-0.011005580425262451,-0.003906905651092529,-0.00037384033203125,-0.0032549500465393066,4.351139068603516e-06
0.007687807083129883,0.008375942707061768,0.0032268762588500977,0.0005508065223693848,0.002070784568786621,-5.066394805908203e-06
-0.007110953330993652,-0.03345608711242676,-0.0017033219337463379,0.006466209888458252,0.006159961223602295,0.0031456947326660156
0.017301857471466064,0.010351300239562988,0.0013862252235412598,-0.0006615519523620605,-0.0011921525001525879,-0.00029587745666503906
0.006698012351989746,-0.0010480284690856934,-0.0010001659393310547,-0.0004696846008300781,-0.001979231834411621,-3.2961368560791016e-05
0.0032626986503601074,0.0003058314323425293,3.820657730102539e-05,0.00012791156768798828,0.0019582509994506836,-1.3709068298339844e-06
-0.0020609498023986816,-0.000951230525970459,-0.003013014793395996,-0.0035958290100097656,-0.0007901191711425781,9.655952453613281e-06
-0.014132797718048096,-0.010710477828979492,-0.017654240131378174,0.0011548995971679688,-0.004203498363494873,0.0006589293479919434
0.002124309539794922,0.00999140739440918,0.0019854307174682617,0.00955343246459961,0.013910055160522461,-0.0002595186233520508
-0.007333338260650635,-0.011512577533721924,-0.007385075092315674,-0.00016248226165771484,0.0010300278663635254,0.000819087028503418
-0.04524105787277222,-0.032432377338409424,0.0008836984634399414,0.0005041360855102539,0.0024732351303100586,-0.0021504759788513184
0.030530333518981934,0.03669661283493042,-0.0024535655975341797,0.009415209293365479,-0.0015288591384887695,0.0001245737075805664
0.09465491771697998,0.065005362033844,-0.0020130276679992676,0.0062163472175598145,-0.002367734909057617,-0.0016620159149169922
0.00016361474990844727,0.006869494915008545,-0.0047566890716552734,0.0037882328033447266,-0.002863466739654541,-0.0017442107200622559
-0.027032196521759033,-0.008090972900390625,-0.0033302903175354004,0.00018262863159179688,-0.002216815948486328,-1.7881393432617188e-06
0.0012691617012023926,0.051746368408203125,-0.004847228527069092,-0.0018032193183898926,-0.007114827632904053,-0.003254413604736328
0.019932866096496582,0.004674434661865234,-0.0019391775131225586,-0.0014370083808898926,-0.0018463730812072754,-0.0001361370086669922
0.022590935230255127,0.03312194347381592,0.005137324333190918,0.027536213397979736,-0.004661142826080322,-0.004883944988250732
0.005546152591705322,0.0029469728469848633,0.003756999969482422,0.0044879913330078125,0.0009935498237609863,1.1920928955078125e-07
0.0004298686981201172,-4.51207160949707e-05,0.00018405914306640625,5.2809715270996094e-05,0.0004171133041381836,-2.384185791015625e-07
0.0026485323905944824,0.0011550188064575195,-0.0045441389083862305,0.010773897171020508,-0.0033434033393859863,-0.001811981201171875
-0.036489665508270264,-0.07029271125793457,-0.011781752109527588,-0.0020874738693237305,-0.06917423009872437,0.00028079748153686523
0.0022702813148498535,0.00041103363037109375,0.002311885356903076,0.0023512840270996094,0.007847309112548828,-8.165836334228516e-06
0.00023180246353149414,-0.005977332592010498,-0.0012663006782531738,0.0007629990577697754,0.002259492874145508,7.152557373046875e-07
-0.004655957221984863,-0.004780828952789307,-0.003390669822692871,-0.00031691789627075195,-0.000493168830871582,4.76837158203125e-07
0.0051422119140625,-0.010206520557403564,-0.003606855869293213,-0.006009936332702637,0.004765450954437256,5.424022674560547e-05
-0.017092764377593994,-0.002362549304962158,0.008143246173858643,-0.004296720027923584,0.006805896759033203,0.0022103190422058105
-0.00854557752609253,-0.0018254518508911133,-0.0003216266632080078,0.00010520219802856445,-0.00023239850997924805,0.0
-0.00749051570892334,-0.0005729198455810547,-0.0026217103004455566,0.00018149614334106445,-0.0009722113609313965,-1.1920928955078125e-07
0.0010832548141479492,-0.00014263391494750977,0.007160782814025879,0.0020793676376342773,0.010800659656524658,-5.304813385009766e-06
-0.01008838415145874,-0.0008308887481689453,0.0010777711868286133,-0.0050852298736572266,0.0012906789779663086,-7.68899917602539e-06
0.0024239420890808105,0.00017768144607543945,-0.0022149085998535156,-0.0007854104042053223,-0.002431809902191162,2.8014183044433594e-06
-0.00894021987915039,-0.0013632774353027344,-0.003545045852661133,-0.00012952089309692383,-0.0014578700065612793,1.7881393432617188e-06
-0.002127707004547119,0.0002588629722595215,-0.0010756850242614746,-0.0001907944679260254,-0.002603590488433838,2.0265579223632812e-06
0.0009189844131469727,0.0008262991905212402,0.0010115504264831543,0.0004227757453918457,0.0007936954498291016,-4.0531158447265625e-06
0.04908156394958496,0.0016557574272155762,0.0015401244163513184,0.0006653070449829102,0.002919495105743408,0.00010675191879272461
-0.020495891571044922,0.00026160478591918945,-0.004937529563903809,0.0013461112976074219,0.0008000731468200684,0.0010346174240112305
0.011940062046051025,0.00010198354721069336,-0.000852048397064209,-9.173154830932617e-05,0.005662202835083008,-0.0003364086151123047
-0.009783029556274414,-0.002763986587524414,-2.0503997802734375e-05,0.00045055150985717773,-0.00039577484130859375,-1.2516975402832031e-06
0.0010762214660644531,0.0016225576400756836,0.00029087066650390625,-9.906291961669922e-05,1.5676021575927734e-05,0.0
0.00027811527252197266,-0.0010628700256347656,0.0008232593536376953,0.0005000829696655273,0.0006753206253051758,-2.6226043701171875e-06
0.00010782480239868164,0.00034111738204956055,-0.0005751252174377441,-0.00013655424118041992,-0.0005904436111450195,-4.231929779052734e-06
0.01745891571044922,0.00484853982925415,3.1948089599609375e-05,-0.00015217065811157227,0.0007396340370178223,-8.463859558105469e-06
0.005438446998596191,0.003509819507598877,-0.0008240938186645508,-0.00033915042877197266,-0.00048154592514038086,1.2099742889404297e-05
-0.0018992424011230469,-0.007832646369934082,0.0005010366439819336,0.00042957067489624023,0.0011727213859558105,5.334615707397461e-05
0.0024141669273376465,-0.0012201666831970215,-0.0014986991882324219,-0.0014472603797912598,-0.0015954971313476562,-0.0005311965942382812
0.009563207626342773,0.004781603813171387,0.0031960606575012207,0.0006346702575683594,0.0016703009605407715,-8.165836334228516e-06
0.050865232944488525,0.05650067329406738,-0.00045758485794067383,0.005630791187286377,0.0005556941032409668,0.0003293156623840332
0.007163882255554199,0.0038124918937683105,0.00287473201751709,-0.0001506209373474121,0.0006662607192993164,1.6093254089355469e-06
0.014164924621582031,0.000667870044708252,0.002820730209350586,1.3887882232666016e-05,0.000832974910736084,1.0132789611816406e-06
0.000571131706237793,0.007430374622344971,4.678964614868164e-05,-9.810924530029297e-05,-0.0006101131439208984,-2.962350845336914e-05
-0.01849079132080078,-0.009095191955566406,-0.006377995014190674,0.00012886524200439453,-0.0005186200141906738,0.0001226663589477539
-0.0003879070281982422,0.0006559491157531738,-0.0006137490272521973,0.00030356645584106445,-0.0010429620742797852,-1.0371208190917969e-05
0.0013918876647949219,-4.13060188293457e-05,0.0005813241004943848,0.0003533363342285156,0.000870823860168457,-7.748603820800781e-07
-0.010589778423309326,-0.02529209852218628,-0.03493010997772217,-0.008152306079864502,-0.00592648983001709,0.00017726421356201172
-0.00565415620803833,-0.004820823669433594,0.0022770166397094727,0.0026727914810180664,0.002928495407104492,-0.0004614591598510742
0.0020262598991394043,0.003258645534515381,-0.0035889744758605957,0.0006226301193237305,-0.001735985279083252,6.079673767089844e-06
0.015709757804870605,0.016825616359710693,0.0008080601692199707,0.01088094711303711,-0.001372218132019043,-0.0002675652503967285
-0.007939577102661133,-0.00305020809173584,-0.0011605024337768555,0.00010627508163452148,-0.0004328489303588867,-1.7881393432617188e-07
-0.002835690975189209,-0.0015673041343688965,-0.0077405571937561035,-0.0024580955505371094,0.001054227352142334,0.00012636184692382812
0.0007118582725524902,0.000774383544921875,0.00024431943893432617,-0.0010333061218261719,0.0008445382118225098,-5.0067901611328125e-06
-0.04124027490615845,-0.06798028945922852,-0.037396371364593506,0.00011485815048217773,0.0034914612770080566,0.0022084712982177734
0.0006909370422363281,0.022193610668182373,0.01994931697845459,0.005155801773071289,0.010966002941131592,-5.21540641784668e-05
-0.015491008758544922,-0.0049659013748168945,0.00022161006927490234,-0.00023037195205688477,-0.00034731626510620117,0.0001513957977294922
0.003945648670196533,0.002187490463256836,0.0071427226066589355,-0.0005031824111938477,-0.0003619194030761719,-3.159046173095703e-05
0.000838935375213623,0.0008370280265808105,-0.0007131099700927734,0.0005461573600769043,-0.0008686184883117676,1.7881393432617188e-06
0.0003571510314941406,0.0010925531387329102,-0.0004127025604248047,-0.0004125833511352539,-7.069110870361328e-05,4.291534423828125e-06
-0.0029259920120239258,-0.0019376873970031738,-0.0024760961532592773,3.421306610107422e-05,-0.0008969306945800781,7.152557373046875e-07
0.0018407702445983887,0.0064604878425598145,0.0014384984970092773,8.946657180786133e-05,0.0005369186401367188,-5.960464477539062e-07
-0.0009206533432006836,-0.0005513429641723633,0.006225407123565674,0.000716090202331543,-0.0010558366775512695,-1.52587890625e-05
0.00012481212615966797,0.0008120536804199219,9.638071060180664e-05,-2.574920654296875e-05,0.00012481212615966797,-5.364418029785156e-07
0.0006930232048034668,0.0009378194808959961,-0.009875774383544922,0.0013935565948486328,0.0019299983978271484,0.0004088282585144043
0.0026549100875854492,9.08970832824707e-05,0.0004938244819641113,0.0003285408020019531,0.0005348920822143555,-1.0132789611816406e-06
0.004387795925140381,-3.4749507904052734e-05,-0.00036770105361938477,-5.6743621826171875e-05,-0.00035691261291503906,3.5762786865234375e-07
0.00018727779388427734,-0.0016235113143920898,0.0010758042335510254,0.0009672045707702637,0.001110672950744629,-9.357929229736328e-06
-0.02479720115661621,-0.003855764865875244,-0.0023843050003051758,-0.0054686665534973145,0.0013784170150756836,0.00044983625411987305
-0.004519045352935791,-0.004872441291809082,-0.0026171207427978516,-0.0004081130027770996,-0.0016402006149291992,-0.005449652671813965
-2.4139881134033203e-05,-0.00046050548553466797,-5.048513412475586e-05,-0.00014126300811767578,-0.003493964672088623,3.5762786865234375e-07
-0.00445711612701416,-0.0027576684951782227,-4.0650367736816406e-05,-0.0001876354217529297,-0.00039261579513549805,1.800060272216797e-05
0.0033321380615234375,0.007199585437774658,0.004385530948638916,0.0025319457054138184,0.0009316802024841309,-8.225440979003906e-06
-0.023376047611236572,-0.012866675853729248,-0.0013284087181091309,0.00015503168106079102,0.0013357996940612793,-0.00019890069961547852
0.04865521192550659,0.004476308822631836,0.0007483363151550293,0.0002232193946838379,3.7670135498046875e-05,1.0788440704345703e-05
-0.006931960582733154,-0.010745823383331299,-0.0045645833015441895,-0.003400266170501709,-0.020206451416015625,0.00015234947204589844
0.0027556419372558594,0.003741145133972168,0.0002681612968444824,-0.0004068613052368164,0.0019251108169555664,-3.218650817871094e-05
0.0003769397735595703,0.0008316636085510254,0.0033941268920898438,0.001164257526397705,0.007107198238372803
-0.0067833662033081055,-0.0003927946090698242,0.0017324090003967285,0.0018012523651123047,0.0025104880332946777,0.00010728836059570312
-0.03973811864852905,-0.0343703031539917,0.000672757625579834,-0.001683354377746582,0.0001900792121887207,-0.000617682933807373
-0.005718231201171875,-0.004662454128265381,-0.0035367608070373535,-0.007541656494140625,-0.0032199621200561523,4.3451786041259766e-05
-0.005544841289520264,-0.008091986179351807,-0.02095848321914673,-0.002818882465362549,-0.0015391111373901367,4.1484832763671875e-05
0.0006827712059020996,0.00010251998901367188,0.0004082918167114258,0.00017917156219482422,0.0007455945014953613,5.960464477539063e-08
-0.007836341857910156,-0.007240235805511475,0.0007724165916442871,-0.001151442527770996,0.0009048581123352051,5.316734313964844e-05
-0.0013472437858581543,1.4662742614746094e-05,-0.0012364983558654785,-0.0005643963813781738,-0.0006721615791320801,3.337860107421875e-06
0.003544032573699951,0.0006481409072875977,0.0009613037109375,0.00174790620803833,0.013956129550933838
0.005581974983215332,0.019889533519744873,0.009511709213256836,0.004121065139770508,-0.003085613250732422,-0.0009857416152954102
0.01134568452835083,0.006842970848083496,0.002881348133087158,-0.00025177001953125,0.0013819336891174316,-2.467632293701172e-05
0.0010470747947692871,0.0035668611526489258,0.00728839635848999,0.0008789300918579102,0.0013349652290344238,-6.377696990966797e-06
-0.0007025599479675293,-0.0015530586242675781,-0.0033227205276489258,-0.0020803213119506836,-7.665157318115234e-05,0.0
-0.0012555718421936035,-0.0022223591804504395,-0.005248606204986572,-0.0015003085136413574,0.00020319223403930664,0.0001379251480102539
0.012443363666534424,0.046433985233306885,0.03874272108078003,-0.004580438137054443,-0.008306384086608887,-0.005896270275115967
0.017476201057434082,0.0009503364562988281,0.0008728504180908203,7.897615432739258e-05,0.0008440613746643066,-1.7285346984863281e-06
-0.005707204341888428,-0.006915450096130371,-0.0018567442893981934,-0.0007154345512390137,0.0002625584602355957,3.236532211303711e-05
-0.002965390682220459,-9.864568710327148e-05,-0.0019965171813964844,-0.0003342628479003906,0.00026297569274902344,5.53131103515625e-05
-0.0066152215003967285,-0.01812344789505005,-0.01949864625930786,-0.006877541542053223,0.0006887316703796387,0.0002232193946838379
-0.0006160140037536621,-0.0018354058265686035,0.0005066990852355957,0.0005268454551696777,0.000516057014465332,-1.9669532775878906e-06
0.0026606321334838867,0.00026428699493408203,0.000998377799987793,0.0008608102798461914,0.0005910992622375488,-5.364418029785156e-06
0.005757272243499756,0.01167064905166626,0.031243205070495605,0.0052686333656311035,-0.00044274330139160156,-0.00023651123046875
0.008272230625152588,0.011861860752105713,-4.500150680541992e-05,-0.0007518529891967773,-0.0009267926216125488,-0.00035309791564941406
-0.06692379713058472,-0.0016417503356933594,-0.0028191208839416504,1.7523765563964844e-05,-0.0003973841667175293,-0.00016832351684570312
-0.03244811296463013,-0.011395633220672607,-0.0012873411178588867,0.00019377470016479492,0.00028765201568603516,0.00015467405319213867
-0.004521846771240234,-0.0037389397621154785,-0.001007378101348877,-0.0030147433280944824,-0.0008188486099243164,3.415346145629883e-05
0.005246222019195557,0.0033509135246276855,0.00022715330123901367,0.002359628677368164,0.0009663701057434082,-3.516674041748047e-06
-0.019604921340942383,0.0002652406692504883,-0.0038501620292663574,2.580881118774414e-05,-0.0010790824890136719,1.4066696166992188e-05
-0.01810067892074585,-3.910064697265625e-05,0.00022900104522705078,-0.0006510019302368164,-0.00037938356399536133,2.5033950805664062e-06
0.006767094135284424,0.0011330246925354004,0.00017493963241577148,-0.00015163421630859375,-0.00040274858474731445,3.159046173095703e-06
-0.014214813709259033,-0.016278862953186035,-0.0041882991790771484,-0.0022053122520446777,-0.003807246685028076,4.076957702636719e-05
-0.01415950059890747,-0.003976106643676758,0.0002378225326538086,0.00032252073287963867,-0.002373218536376953,0.000298917293548584
-0.0007802248001098633,-0.004945337772369385,-0.0009119510650634766,-0.00047081708908081055,-0.0028553009033203125,1.1563301086425781e-05
0.013079643249511719,0.0013843774795532227,0.0008719563484191895,0.00023812055587768555,-0.00019669532775878906,-4.76837158203125e-07
0.000966191291809082,0.0008181929588317871,0.00023609399795532227,7.69495964050293e-05,0.0010887384414672852,-8.106231689453125e-06
-0.00041919946670532227,-0.002583801746368408,-6.639957427978516e-05,-0.0026801228523254395,-0.0012601613998413086,1.0728836059570312e-06
0.00032401084899902344,0.005599915981292725,0.002786099910736084,0.003749668598175049,0.004788398742675781,-4.416704177856445e-05
0.002636849880218506,0.0005342364311218262,0.0003737211227416992,0.0002319812774658203,-0.00018537044525146484,-5.066394805908203e-06
-0.006932079792022705,-0.0015511512756347656,-0.00031810998916625977,0.0006608366966247559,0.0005312561988830566,-9.179115295410156e-06
-0.026787400245666504,-0.013545334339141846,-3.594160079956055e-05,-0.00020241737365722656,-0.0007835626602172852,8.165836334228516e-06
