-0.3626749699322505,0.9819876281190665,0.5730586239881814,0.6602450741454959,0.08603048324584961,0.0
1.151026251423359,0.4795007766485214,0.6984576153755189,0.08853728771209715,-0.22569549083709717,0.0
0.08349808586835863,0.2578109120130539,-0.003381811380386353,-0.003130924701690678,-0.03769981861114502,0.0
-0.09571434520483013,0.029663361191749504,-0.416077731847763,-0.4686038017272949,-1.2825967669487,0.0
-1.1015985186487436,0.10947324880957598,-0.33753762036561974,-0.6055233091115952,-0.38223424553871155,0.0
-0.3351847698003053,-0.3386446855366231,-0.4827311328053475,-0.025576749444007896,-0.9261640012264252,0.0
-0.5535431053161621,-0.8364675520658493,0.11814658522605895,0.024374377727508556,0.21244394779205322,0.0
0.74247409683764,1.4312143489420415,1.1171502056717872,0.6390827268362045,0.15774774551391602,0.0
0.7325218714684246,1.0752458150088788,-0.42626670390367516,0.792476961016655,0.9918808043003082,0.0
-0.19608951873183256,-0.19503978961706162,0.21876059114933014,-0.018669718503951993,0.30300551652908325,0.0
0.6286062916114927,0.2097873618751765,0.614099747389555,0.40520921647548674,0.4182538092136383,0.0
0.14476829359531418,0.8585093870162965,1.3580494737625122,1.577411913871765,0.4334512948989868,0.0
-0.0012983692049980122,0.4279678384065627,0.0464987003803253,-0.2643538355827332,-0.2823261022567749,0.0
-0.32788993525207044,-0.7240626931488514,-0.2635320615768433,-0.4540392637252808,-0.1519627571105957,0.0
0.8092528634786607,0.533581464767456,0.8571276557445526,0.8285784602165223,-0.16621160507202148,0.0
-0.47952553878165777,-0.23551391506567598,0.027438049577176604,-0.7443252708762884,0.10712414979934692,0.0
0.31738008633553977,-0.030022974640131095,-0.27253461748361596,-0.6797340691089631,-0.6206532269716263,0.0
-1.5044897853821517,-1.6846867468059064,-0.7737832644581795,-0.2674992442131042,-0.04420959949493408,0.0
-1.2373859238922598,-1.3024493005871771,-1.3543759614229203,-0.39420661330223083,0.1086580753326416,0.0
0.9198502937942743,1.310305268675089,1.5252202430367472,0.2002265363931656,0.24687299132347107,0.0
-0.8872062461078167,-0.3505294904112816,-0.013877168297767625,0.2756570279598236,0.037974417209625244,0.0
0.3055824105739594,0.19115865945816043,0.21399121284484862,0.49618852138519287
1.0672880524709822,0.9182174029797315,-0.045934063792228697,0.0028102457523345864,-0.08179730176925659,0.0
-1.4192627976059915,-0.4887422930002213,-0.5194896471500396,-0.198743212223053,-0.21532070636749268,0.0
0.524425230538845,0.9621553035974503,0.6637578940391542,1.0176531016826629,0.20023471117019653,0.0
0.6409122142389416,0.5379347668141127,0.4160724204778671,0.24817879796028136,-0.16493606567382812,0.0
-0.529842572738789,-1.0108497433420272,-0.5487218930758536,-0.9095500946044922,0.12834781408309937,0.0
-0.5155423976898196,-0.44771995234489453,-0.9607032668590545,-1.109706211090088,0.07499653100967407,0.0
0.44090949587821965,0.25352179002761843,0.04866698265075685,0.13161284923553468,0.1275794506072998,0.0
-0.07978638063848043,-1.2836718123376372,-1.4582219566702843,-1.6446921390295028,-1.6172331750392914,-1.2886951565742493
-0.40735756911039367,-1.6251891802549363,-1.3482884180545807,-0.2536840915679932,-0.18884193897247314,0.0
-0.5610951495289803,-1.156097535967827,-0.3168015730381012,-0.5433621287345887,-0.6710160970687866,0.0
-0.44731906731128707,-0.9164546339511872,-0.16467384815216057,0.2687313675880432,0.47177720069885254,0.0
-0.6827833051368594,-1.5499602086991071,-0.6473278684914112,-0.15327765941619872,0.2471628189086914,0.0
-0.20248800382018095,-1.3227304801344872,-0.03950224816799164,-0.0275479257106781,-1.068013608455658,0.0
0.9595599789261817,0.24878709888458253,-0.013055477142333984,-0.027460360527038576,-0.00859057903289795,0.0
0.10818833543658254,-0.06657917815446854,-0.08122558414936065,0.18212429881095887,3.832578659057617e-05,0.0
1.322830816066265,1.606523085474968,0.5854476368427277,-0.024215912818908697,0.20973002910614014,0.0
-0.007583186924457552,-0.013217976689338684,0.06225845217704773,0.024295151233673096,0.0011730194091796875,0.0
0.19337194622159004,0.5880446010231972,0.17751674115657806,0.03830265402793884,-0.08966976404190063,0.0
-1.1417554582923652,-0.847147856682539,-0.24997427731752397,-1.0189690321683884,0.03374326229095459,0.0
0.3081896806046367,0.12425958053767686,0.6958997173607351,1.450339013338089,0.03269857168197632,0.0
-0.33991002404689796,-1.3416398411989212,-1.0944184601306914,-0.30476874113082886,-1.0621201992034912,0.0
-1.1958092816919086,-0.2083791039884091,-0.7227219715714455,0.0580713152885437,0.056053996086120605,0.0
-0.2911276010751724,-0.11018657994270327,-0.03766133069992066,-0.08829410076141357,0.01958918571472168,0.0
-0.013999548798799489,0.3044137389063835,0.007670723795890809,-0.0540997326374054,-0.030732810497283936,0.0
0.9852317790508272,0.6629157309532165,0.6875818741321564,0.3801790952682495,0.28984856605529785,0.0
1.3823763710856436,0.13159347712993624,0.14111394286155698,0.3858368992805481,0.1171189546585083,0.0
0.03767936645746231,0.13741532099246978,0.19241217255592347,0.13301111459732057,-0.04925978183746338,0.0
-1.6486388454258443,-0.6272203071713447,-0.14809721529483794,0.013126534223556516,-0.06424051523208618,0.0
-0.18365387026667596,0.06911571484804152,0.046193750500679004,-0.32512893080711364,-0.08421999216079712,0.0
0.41708343816995624,-0.034099623084068297,0.08176348328590394,0.024190652370452877,-0.050345540046691895,0.0
-1.2858969074606896,-1.654286925673485,-1.1834133219718932,-0.021681267023086547,0.03204721212387085,0.0
-0.654271821564436,-0.7890969877839089,-1.0105418568849565,-1.3966634213924407,-0.40734803676605225,0.0
0.43561310967206945,0.5773152068853379,-0.027220419645309454,-0.026393854618072518,-0.09610390663146973,0.0
-0.7174944013327361,-1.0912388596236706,-1.1649586793780327,-0.5991806268692017,-1.0345270186662674,0.0
0.9345058053150773,0.022673423647880567,0.04075361132621766,0.024823820590972906,0.18342995643615723,0.0
0.14090830496549608,0.0014828356504440268,-0.01255142331123352,0.026028358936309816,0.030661582946777344,0.0
0.14833766851425173,-0.01957852935791015,0.02678452491760254,0.04629948139190674,0.05443906784057617,0.0
-1.1816763779163364,-1.2702056655883789,-0.7769582712650299,-0.037275618314743034,0.11704033613204956,0.0
-0.16206332993507386,-0.04509472131729125,0.00039439201354980746,0.002719283103942871,0.020807385444641113,0.0
-0.517931937724352,0.07241884917020791,-0.5022581964731216,-0.4830937087535858,0.05648165941238403,0.0
0.4643777432918549,0.42569694948196407,0.4083871293067932,-0.03644429445266725,-0.14632415771484375,0.0
1.7242155583560468,0.5583490168452263,0.38438108623027806,0.004775160551071168,-0.044493019580841064,0.0
0.41133893403410915,0.033339768350124394,0.17482433021068575,-0.06777647137641907,0.27680546045303345,0.0
-0.302184879247099,0.7396082254871725,0.9794714685529471,0.9653872512280941,-0.4732859507203102,0.0
-1.632863805122115,-1.207442731136456,-0.8958508384786545,0.07835978865623475,0.09876006841659546,0.0
1.3892161718070506,0.08488282793760299,0.051044923663139286,-0.06411898732185362,0.6037390828132629,0.0
0.004034795314073553,-0.39925617426633836,-0.055585905909538276,-0.0339721143245697,-0.04017263650894165,0.0
0.05618033410310748,0.03886114227771759,0.111051584482193,0.07348381280899048,-0.02455580234527588,0.0
1.5198022240750493,1.6044158531948924,1.5145838474482296,1.0107724316418172,-0.01596933603286743,0.0
0.19304677142500876,-0.009217104494571693,-0.02263475477695462,-0.01708098053932189,0.2581973671913147,0.0
-0.27279809801578525,-0.3037917358875275,-0.36595434427261353,-0.28459854125976564,-0.11175322532653809,0.0
-1.2553345018029212,-0.07289506256580353,-0.07309716343879702,-0.03949946165084839,-0.437282919883728,0.0
0.7116402464844288,0.8656595236435531,1.0186127696186302,0.8994642533361912,-0.21979328244924545,0.0
0.6424647085845471,0.37146422189474104,-0.02344373285770417,0.12950794100761415,-0.03546994924545288,0.0
-1.2408168322741986,-1.1548982402682304,-0.05598510205745699,-0.4400586187839508,-0.018641352653503418,0.0
-0.24627257654964926,0.05935230442881586,-0.6913983950018883,-0.017273133993148802,-0.04698747396469116,0.0
-1.0374534658789636,-0.626601900458336,-0.02140418887138365,0.038467466831207275,-0.30555009841918945,0.0
0.6940667377881705,0.02557614301890132,-0.14283594317734238,-0.037947262078523614,1.0316141918301582,0.0
-1.3732138689041138,-0.285059093952179,-0.22399359226226806,-0.22843737602233888,-0.1838212013244629,0.0
-0.2216359347105026,-0.13557466864585876,-0.09038478136062622,-0.010364651679992676,0.00042498111724853516,0.0
0.09431605904698373,0.23098037606477737,0.06624259293079376,-0.004583710432052614,0.03864103555679321,0.0
0.21555856788158417,0.12441659331321715,0.004970633983612055,-0.05691850185394287,-0.06646394729614258,0.0
0.10180333096981065,1.4503713099956512,1.7070680689811706,0.20675723552703856,-0.05219745635986328,0.0
-0.2658523930430412,-0.22985716807842252,0.00652774453163147,0.03264356851577759,0.040039896965026855,0.0
0.037401743593812015,0.21788829770684237,-0.4605545577406883,-0.07289484441280364,-0.31268981099128723,0.0
1.3298848327279091,0.6965144206285477,0.16384875655174255,-0.01647876501083373,0.17644035816192627,0.0
-1.0493631766900422,-0.7806163978427649,-1.5194251583516598,-0.9611237183213234,-0.217823326587677,0.0
0.8982191205359996,0.11984172467142329,-0.1952851977199316,-0.7517725192010403,-0.5427482351660728,0.0
-0.04145833218991757,0.6123905781805516,0.4537446966767311,0.047048845887184165,0.4586680829524994,0.0
-0.033692312759161,-0.14675982850790023,0.07338468611240387,0.058158022165298466,0.06367522478103638,0.0
-0.03386724198460578,0.08467965430021286,0.005500637888908387,0.026075071096420287,-0.024418294429779053,0.0
0.011945261013507815,-0.2152097738981247,0.04027466893196107,-0.32466830015182496,0.013750910758972168,0.0
0.1583302693903446,0.03167318826913834,0.08638248980045321,0.18801653981208805,0.3210257887840271,0.0
-1.4334946415860204,-1.2914543176181614,-0.8316487639024853,0.12342717014253135,-0.8952315412461758,0.0
0.4327172993540764,-0.013424515843391417,0.10430468440055848,-0.031091225147247315,-0.029727697372436523,0.0
-0.22408240810036656,-0.5233211293816566,-0.1263166218996048,-0.032271891832351685,-0.1696363091468811,0.0
-0.10516975613832474,-0.010418409466743474,-0.10376240849494935,-0.025311267375946047,-0.024070382118225098,0.0
-0.33793708115220067,-0.12620756393671034,-0.30262036859989166,-0.007972604036331182,-0.11571818590164185,0.0
0.01825261975526809,-0.11091125380992889,-0.01252777457237244,-0.054193747043609616,-0.029091715812683105,0.0
-0.7785194487333297,-0.08184955859184265,-0.05313315153121948,0.044465637207031256,0.07110083103179932,0.0
-0.23437813499569893,-0.5308677485585213,-0.01983747780323028,0.002104133367538452,0.040661394596099854,0.0
-0.11596616149246702,0.254445550173521,-0.8086008194088937,-1.4134725004434587,-0.7002726495265961,0.0
1.238140689021349,1.2219262307286263,0.10348570406436922,0.15249305367469787,-0.04522496461868286,0.0
-0.009415029525756846,-0.15153692722320558,-0.030553126335144044,-0.03230786323547363,-0.01592278480529785,0.0
-0.2718741219758987,-0.11446375775337218,-0.08292086839675904,-0.16307621002197265,-0.008372783660888672,0.0
1.4123999657467008,0.6880829104930162,0.1524881763756275,0.0823476627469063,0.7389467805624008,0.0
-0.6670722960233689,0.03760175585746761,-0.10545586347579955,-0.1706070899963379,-0.32462894916534424,0.0
0.3591403694331646,0.1326330868601799,0.21684103190898896,0.07529727816581726,0.010563910007476807,0.0
-0.1648885778486729,-0.004209100306034101,0.01973708570003508,-0.47168663144111633,-0.07435351610183716,0.0
-0.4241890564233065,-0.6099384641945362,-0.6653185096383095,-0.30455422699451445,-0.29665407538414,0.0
-0.008222978913784016,0.17485163652896882,0.0449771797657013,0.014288151264190673,0.015069007873535156,0.0
-0.25430650135278704,0.1607405408620834,-0.5139174544811249,-0.09975252151489258,0.1531515121459961,0.0
0.1469404346436263,0.12220365545153619,0.8710100749135017,0.12556735277175904,0.03408992290496826,0.0
-0.3391897896587848,-0.09611801081895828,-0.0027824527025222794,0.0072019755840301534,0.018395721912384033,0.0
-1.040892904371023,-0.24884309798479082,-0.4062617093324661,-0.009431272745132446,-0.008585155010223389,0.0
-0.03534007005095478,0.5218553219437598,0.013777478337287909,0.08001146912574768,-0.008864820003509521,0.0
0.1162170492649078,0.29855182027816773,-0.006600461006164571,0.04038748741149906,0.3238990306854248,0.0
0.22961344966292382,0.11371820777654648,0.00496877133846283,-0.010680347681045532,-0.008642971515655518,0.0
0.17323060384392744,0.5775247851014137,0.09485351145267487,-0.009790867567062378,0.008757412433624268,0.0
0.06956955840289591,0.07763369271159176,-0.03412377625703811,-0.2368234902620316,-0.4238600432872772,0.0
0.27225190272927285,0.976809940636158,0.16604139506816865,-9.229779243469238e-05,-0.0024238228797912598,0.0
-0.5711564988613129,-0.037822554588317875,-0.028733820915222173,-0.08104639053344727,-0.03303718566894531,0.0
-0.010008856272697448,0.033727967500686636,-0.0007021164894103985,0.01136014461517334,-0.010149836540222168,0.0
1.087197272324562,0.011898078680038476,0.32706880807876587,0.09672675132751468,0.3120502233505249,0.0
-0.24614341175556181,-0.008165451288223265,0.015879237651824953,-0.021628379821777344,-0.01807868480682373,0.0
1.2163119488835334,0.2617535187005997,0.10715380787849427,0.03117002248764038,0.026891112327575684,0.0
-1.3821647467195988,-1.6351931295990945,-1.0544229108095169,-0.24641649127006532,-0.12629348039627075,0.0
-0.04609556283950805,-0.011778355598449709,-0.0075317764282226566,-0.005641794204711914,-0.0016870498657226562,0.0
-1.5819156131803989,-1.6099858241677285,0.16610689103603365,0.06884271502494813,0.2097981572151184,0.0
1.33173397513628,0.4734092656373978,0.4003842675685883,0.019480741024017333,0.013400554656982422,0.0
1.504741161131859,0.14457871413230894,0.12221808671951294,0.032623028755187994,0.024111509323120117,0.0
-0.379980861723423,0.013541712164878844,-0.10050447583198546,-0.12863558530807495,-0.19711554050445557,0.0
-0.6704000434279443,-1.4814828723669053,-1.6403587758541107,-1.5818765759468079,0.0009274482727050781,0.0
-0.64378231690526,-0.04478345233201981,0.018291165232658384,-0.013171511888504028,0.00015395879745483398,0.0
1.6544322191655636,0.13474118036031724,0.01816841542720795,-0.020633178949356082,-0.011723458766937256,0.0
-0.04631159905195237,-0.19859053695201873,0.040735646486282355,-0.033039534091949464,0.05798184871673584,0.0
0.11187516709566117,-0.0021976336240768415,0.014811941385269166,-0.004856908321380613,0.020460128784179688,0.0
0.12385126945376394,0.010956558883190137,-0.054934385418891916,-0.08656170964241028,-0.10751575231552124,0.0
0.08255149165093896,-0.09098111215233803,-1.0270201262831689,-0.016597020626068115,-0.02501499652862549,0.0
-0.24613394827246676,-1.509602262914181,-0.631972832083702,-0.07288228869438171,-0.0670958161354065,0.0
0.01887175512313844,0.14667759418487547,0.027160358428955075,-0.013047575950622559,-0.014194250106811523,0.0
-0.4492426325023174,-0.0017639452815055808,-0.01029664218425751,-0.05483872294425964,-0.0049530863761901855,0.0
0.11557881892770527,-0.48214128877222534,-0.24277945652604105,-0.6800508752465249,0.012437805533409119,-0.5928556621074677
0.5562074526667595,1.2919888280630112,-0.011444579362869259,0.05434154272079468,0.06255042552947998,0.0
-0.29140609782338145,0.0016981994509697035,0.16780760943889617,0.059565538167953486,0.15167301893234253,0.0
-0.1722228482842445,0.026397445082664464,-0.04237939000129699,-0.028536927700042736,-0.14266598224639893,0.0
-0.4634997795581818,-0.30952337169647215,0.019203724861145022,0.02835843563079834,0.04963421821594238,0.0
-0.011699271005392045,0.0011238656640052969,-0.01247668683528902,0.0439684212207794,-0.1848195195198059,0.0
1.6230495391488076,1.3389334875345231,-0.047655481100082414,0.3057493567466736,-0.036362409591674805,0.0
-0.29385890128612524,-0.15386086440086363,0.05920893907546997,0.005328202247619637,0.07056152820587158,0.0
0.015305774682760237,-0.009800706446170804,0.0004065984487533567,-0.005737239122390747,0.013781130313873291,0.0
0.027436387139558795,-0.0005559660792350749,0.01997977077960968,-0.0012870013713836663,0.014249265193939209,0.0
0.5684399285972118,0.3100149475932122,-0.07530154526233673,0.23455929160118102,-0.056655943393707275,0.0
-0.2857882969498635,-0.7152489482164383,-0.45316852450370787,-0.44455801248550414,0.12288022041320801,0.0
0.29820146320462226,0.7048418362736703,0.638767860531807,-0.013891500234603879,0.07656973600387573,0.0
-0.3695377155482768,-0.006205974280834137,-0.3796638363599778,0.6960985600948333,-0.49374067783355713,0.0
-0.01212665241360664,-0.0026019061207771302,-0.0015304976701736453,0.00493132472038269,-0.0009655356407165527,0.0
-0.00806459807753563,0.004560847818851471,-0.010086607336997986,0.0008333265781402584,-0.009702980518341064,0.0
-0.33518242698609846,-0.9163767746388913,-1.4838209804892541,-1.1270120471715928,-1.2593713104724884
-0.0177154762327671,-0.033827117502689366,-0.034936590790748595,0.0034785449504852253,-0.04620867967605591,0.0
-1.2409342692002654,-1.302256238207221,-0.9972893203794956,-0.08191536068916322,-0.17789024114608765,0.0
-0.06973744367361064,0.49742316830158234,0.2215661895275116,0.06201027631759644,-0.0008838176727294922,0.0
-0.3818955161035062,-1.5079056596159937,-0.20768496453762053,-0.010069245100021364,-0.05338376760482788,0.0
0.11999322949349879,-1.3431366397440434,-0.013871194422245003,-0.7791751474142075,0.029577016830444336,0.0
0.015793890702724453,0.008006659865379337,-0.003143717050552365,0.043140661716461186,0.03858673572540283,0.0
-0.038946505296230324,0.42641355383396146,0.008193804025650024,0.0014070153236389162,0.004612922668457031,0.0
-0.44206771866679195,0.032759070217609404,-0.11627117812633515,-0.10162152647972107,0.019604742527008057,0.0
-0.12799744080901154,-1.2013298744559289,-1.0691372746229173,-0.6697810351848602,-0.2746530771255493,0.0
0.2729940091252327,0.4735615159273148,0.7149684655666352,0.12038846015930177,0.03840672969818115,0.0
1.2733742827653884,0.031298590421676646,0.01443950414657593,0.13060123920440675,-0.0017703771591186523,0.0
-0.10483079710006712,-0.2729724464416504,-0.0926552677154541,0.0034080982208251967,-0.03900611400604248,0.0
0.018449311363697055,0.04910357010364533,-0.0031592977046966553,0.012209665775299073,-0.005249500274658203,0.0
-0.0019353641033172577,1.526493428707123,0.0232378625869751,0.022585368156433104,-0.007179141044616699,0.0
-0.061278699189424524,-0.019646616280078896,-0.05467398464679718,-0.11801198124885559,-0.017804205417633057,0.0
1.544944446234405,1.506198954746127,0.5308045415580273,-0.005181534588336922,0.7649193555116653,0.0
0.475459540104866,0.015070200204849244,0.0101778244972229,-0.0056303501129150385,0.004428982734680176,0.0
0.026930863916873923,-0.0123627370595932,-0.01065766215324402,-0.012397825717926025,0.004794597625732422,0.0
0.060027016204595524,-0.2881805620789528,-0.0062736231088638406,-0.16207025647163392,-0.09645360708236694,0.0
-0.002616850227117539,0.0063161411881446855,-0.014579543471336364,0.02858617901802063,0.00018984079360961914,0.0
0.05538436512351036,-0.017133589804172518,0.0145739358663559,0.008386510610580447,0.04155319929122925,0.0
0.24645956122875218,0.7559668219089508,0.20958080291748046,0.0025806427001953125,-0.0032377243041992188,0.0
-0.050414367866516124,0.013708025932311994,-0.21327247142791747,-0.01204221248626709,-0.03207516670227051,0.0
-0.24861206055879592,-0.011868559002876283,-0.10824861645698547,-0.03511213064193726,0.0013213157653808594,0.0
0.07996431659460068,0.5041624845266343,0.10367207407951355,0.03465558290481567,0.022324204444885254,0.0
1.4571187832057477,0.07960257023572921,-0.009093979001045221,-0.008794575929641724,0.19900649785995483,0.0
1.6101083352506163,1.7675555629134179,0.14020903050899505,0.16961092352867127,-0.06572908163070679,0.0
0.020542646968364713,-0.04313207828998565,-0.0026115572452545185,0.007807767391204836,0.022524237632751465,0.0
-0.1229112040758133,0.005688414335250851,-0.006309101581573488,0.0036333560943603432,-0.07311499118804932,0.0
0.9344552862763406,-0.001389020502567298,0.06254945218563081,-0.009179931879043576,0.10617417097091675,0.0
0.2439547396838665,0.013102846801280973,-0.005256116986274718,-0.0069063246250152584,0.008870303630828857,0.0
0.15023705419301991,0.14276031053066254,0.057671769857406616,0.029874360561370848,0.0072553157806396484,0.0
-0.10751020954847339,0.036845604062080387,0.03342626214027405,0.020817029476165774,0.046044111251831055,0.0
0.12488182784318934,1.0501750575304032,0.18129685044288638,0.4045005917549133,-0.021453380584716797,0.0
-0.015922093445062617,-0.023464322149753553,0.1695430940389633,0.029020780324935914,-0.004238426685333252,0.0
-1.293986616122723,-1.527557171702385,-1.0546555864810945,-0.5480576276779174,0.031603097915649414,0.0
-0.29409736484289173,-0.1455571264028549,-0.19465336203575134,0.029951632022857666,0.030058622360229492,0.0
-0.20561329203844075,-0.46981659948825844,-0.3552104413509369,-0.22642117738723755,-0.10281503200531006,0.0
-0.3166778425991535,-0.03927605468034744,0.011082698702812196,0.01464478373527527,0.006140649318695068,0.0
0.06537193952202797,0.06937544542551041,0.07627876818180085,0.01472468972206116,0.05134326219558716,0.0
-0.1487257585823536,-0.23880059033632278,-0.005098918080329895,-0.002467542886734009,0.007350742816925049,0.0
-0.06177884129285813,-0.24371882045269017,-0.11458120703697205,-0.041247451305389406,-0.000110626220703125,0.0
-0.13162288502454758,-0.008984113574028015,0.01836297154426575,0.0014710783958435062,-0.010757803916931152,0.0
0.011004185873270034,0.0037108264565467834,-0.002537016272544861,0.00023351311683654784,0.00027376413345336914,0.0
0.6166873685777187,0.1857522916197777,0.08818959653377532,-0.03488243222236634,-0.03236109018325806,0.0
0.07327082242369652,0.09886366885900497,0.013335289359092712,0.0009075820446014405,-0.001250922679901123,0.0
-0.10302436476945878,-0.04556278526782989,-0.0007101356983184809,0.0038713812828063965,-0.008001327514648438,0.0
-0.22281352811455724,-0.01885809427499771,0.020511526465415954,-0.03310764431953431,-0.020956337451934814,0.0
-0.031395977830886844,-0.013222171306610108,-0.0031740283966064453,0.0015735387802124023,-6.318092346191406e-06,0.0
-0.04823179822981355,0.2090511522710323,0.06881828683614732,0.035837177634239215,0.0924123704433441,0.3961138129234314
-0.7654219404935837,-0.15424156200885772,-0.3964762556552887,-0.09198571443557739,0.05012524127960205,0.0
-0.049110541570186614,-0.005688082098960878,-0.011173962354660037,-0.03319991827011108,-0.030692100524902344,0.0
0.0657786260664463,-0.006520071446895602,0.021715055108070373,0.05059309601783753,-0.006345093250274658,0.0
-0.015140759360790262,0.01750344765186309,-0.2053472650051117,-0.046317803859710696,-0.07839393615722656,0.0
-0.010281822043657303,0.0006849004626274108,0.0033812206983566276,-0.012824040651321412,0.006152808666229248,0.0
0.06094343961477268,-0.5061521960496903,-0.732536529302597,-0.047288906574249265,-0.02778458595275879,0.0
-0.039560309976339345,-0.056273001134395595,-0.029593262076377864,-0.08731898665428162,0.020594298839569092,0.0
-0.2056703170016409,-1.0611748088151216,-0.12278889492154121,0.03903668373823166,0.06099812686443329,-0.7733277976512909
-1.595973531734943,0.09528983485698689,-1.2056990039348603,-0.14562528133392333,-0.3995938301086426,0.0
0.004511296761035929,0.13390408623218536,0.05010523915290832,0.01689099073410034,0.0024176836013793945,0.0
0.0025777729272842406,0.0007391541004180902,0.041615827083587645,-0.004268836975097656,-0.006696462631225586,0.0
-0.009852359396219253,-0.12246927696466445,-0.0009489399194717411,0.0021620213985443105,-0.011142909526824951,0.0
0.14445616140365608,0.036771842002868635,1.0687732124328613,0.027332043647766115,0.027092933654785156,0.0
-0.10347249667048455,-0.2459376670718193,-0.026578728556632993,0.019495946168899537,0.027021944522857666,0.0
0.362434290599823,0.5063988022804259,0.12878998041152953,0.005939888954162598,-5.233287811279297e-05,0.0
-0.11235008252263069,-0.03533724957704544,-0.03941580116748809,-0.00752299427986145,0.009596288204193115,0.0
0.05869039372205734,0.07545507037639618,-0.0003299438953399663,-0.0015312790870666499,0.0072602033615112305,0.0
0.03386120265722275,0.0038391822576522815,-6.657242774963171e-05,-0.0018978714942932129,0.03678023815155029,0.0
-0.0325229028403759,-0.0035095722079277036,0.006756461262702942,0.005712085962295532,0.00889366865158081,0.0
-0.0034364991962909713,-0.00019489985704422065,-0.015688331723213194,-0.007369023561477661,-0.0013907551765441895,0.0
-1.006731669394672,-1.6370196588486434,-0.8677996678650379,-0.2706120848655701,-0.026278257369995117,0.0
-0.26945314072370524,0.008503891110420225,-0.033667443990707396,-0.0015885949134826667,-0.029259800910949707,0.0
0.13718459044635295,-0.012038250380754484,0.10744046324491503,0.02031841933727263,0.11668466925621035,0.30193036794662476
0.05959831091761589,0.2175968047976494,0.10514912307262421,0.07168349623680115,0.13352662324905396,0.0
-0.650545399326086,-0.7733328430056572,0.008197317719459531,-0.05118719935417175,0.01693826913833618,0.0
-0.20998242520093918,-0.06002085101604461,-0.008289932012557982,0.0010083794593811035,0.0014258623123168945,0.0
-0.026028062319755553,0.0005338308811187742,0.0016553664207458489,-0.011839771270751955,-0.006018638610839844,0.0
-0.05597831881642342,-0.19136576825380328,-0.03503798305988312,0.0009208381175994877,-0.010652005672454834,0.0
-0.11547681776881218,-0.09162197607755661,-0.018574110865592956,0.00017736554145812993,-0.001327216625213623,0.0
0.08905103707611561,0.009463858872652053,0.05290615588426591,0.04103329479694367,0.04591825604438782,0.05432993173599243
0.048387037312984466,0.025431035399436953,0.01105242133140564,-0.0028893113136291507,0.0166550874710083,0.0
-0.034706304961442946,0.0019266092181205751,0.00377569854259491,0.004471057653427124,-0.0022065043449401855,0.0
0.005042129695415521,0.03223014533519747,0.30229138731956484,0.3006846308708191,0.013665556907653809,0.0
-0.05004571728110312,0.5460795555710792,0.02221409857273102,-0.002237576246261597,0.0004704594612121582,0.0
-0.29955491760969166,-0.16558385932445527,-0.057785323858261115,-0.041885101795196535,0.016261577606201172,0.0
0.6353935056149959,0.5120455946326256,0.04640860974788666,0.012255924940109252,0.020505011081695557,0.0
-0.4779526436984539,-0.48684456223249434,-0.5603640860319137,0.004851466417312624,0.027815639972686768,0.0
-0.3745781065404415,-0.0338886050581932,0.018762717843055728,0.015647488832473758,0.013390004634857178,0.0
0.1230932454586029,0.0775482897758484,0.048422045707702636,0.0046060562133789056,0.02465498447418213,0.0
0.10581255016326904,0.1646002140045166,0.1117758846282959,0.043547892570495614,0.13650214672088623,0.0
-0.0030033292174339284,-0.08338044106960296,0.0008823692798614505,0.008365094661712646,0.001844167709350586,0.0
-0.017719021880626677,0.0067285128831863356,0.0036297714710235613,0.048940742015838624,0.004629850387573242,0.0
1.1852542396903039,0.044147845387458806,0.049288202524185185,0.003174531459808349,0.022053241729736328,0.0
0.009514323210716257,0.2724930217266083,-9.031534194946407e-05,-0.013857102394104003,0.01763319969177246,0.0
0.15601313601136207,0.023957032740116117,-0.0026778835058212276,0.004449325799942018,0.011613786220550537,0.0
-0.04961558766365051,-0.0288456301689148,-0.05835124969482422,-0.013362932205200195,0.0026695728302001953,0.0
-0.6232046876370907,-0.016008857667446138,-0.07906318128108977,-0.019996303319931033,-0.010049760341644287,0.0
-0.2447365803182125,-0.4612443494200707,-0.6129424160718918,0.00511760115623474,-0.050438106060028076,0.0
-0.1627756984114647,1.329110890507698,0.2709354293346405,-0.008076083660125733,0.03140997886657715,0.0
-0.11986654745340349,0.0016499255895614574,-0.06876143097877503,-0.005758297443389892,-0.004910707473754883,0.0
0.017589463824033737,-0.0010799544453620885,0.010336529612541199,-0.003941708803176878,0.03248804807662964,0.0
0.0811407966852188,0.02437112545967102,0.012135746479034423,0.018683409690856932,-0.005800485610961914,0.0
0.12090172827839848,0.18147729569673537,-0.015883790850639342,-0.014964526891708374,-0.015503108501434326,0.0
0.001461096787452697,-0.0020441653728485104,0.0002597832679748532,-0.0023828983306884766,0.0040122270584106445,0.0
-0.02355950018167495,-0.00391256964206696,-0.026554533243179326,0.03793748617172241,-0.028836965560913086,0.0
0.0045408712685108266,0.001586157619953149,-0.012890874743461608,0.006347233057022096,-0.05226486921310425,0.0
0.15488222325444223,0.040644308865070346,0.0034935837984085075,-0.006356066465377808,-0.010449826717376709,0.0
0.0021680146336555484,0.008334798932075501,0.0024431097507476808,-0.002218115329742432,-0.004968762397766113,0.0
0.007285032123327255,0.0031403407454490663,0.01585577428340912,0.0010769069194793701,0.0014844536781311035,0.0
-0.02036021139025688,-0.009357906997203826,-0.0009723919630050656,0.0015356123447418212,-0.0014086365699768066,0.0
-0.04125543245077132,0.27752986872196195,0.08386999726295472,0.011469924449920654,-0.009921431541442871,0.0
-0.028455540519952742,0.03653342527151106,-0.7409760576486587,-0.0451266348361969,-0.018535077571868896,0.0
-0.0013720614969730308,-0.01131391340494156,-0.010437632203102107,0.045212215185165404,0.00434035062789917,0.0
-0.045361682492494594,-0.19292233687639238,-0.1432224589586258,-1.7029047012328928e-05,0.008358180522918701,0.0
0.7293999410271644,0.2835708433389663,-0.005250686407089234,0.006082594394683838,0.006808638572692871,0.0
-0.12292233582139014,0.026066662251949313,-0.4039797502756119,-0.004262429475784306,-0.06127196550369263,0.0
0.02461912750601769,-0.30689210230112074,-0.02483613550662995,-0.040917211771011354,0.00429922342300415,0.0
-0.0014504551112651826,0.0004191134572029113,-0.004832641482353211,-0.0023734748363494875,-0.0003300309181213379,0.0
-0.014818573206663119,0.1664008429646492,0.09346828758716583,0.03318837285041809,0.010592639446258545,0.0
-0.4750883455812931,-0.07745628839731217,0.016660565733909602,0.009986156225204462,-0.1159709095954895,0.0
0.0006817650139331818,0.0010531557202339168,-0.002019602656364441,-0.0008902490139007574,-0.005481898784637451,0.0
0.0049536862552166,-0.004409216225147245,0.03258848369121552,0.008956593275070191,-0.0025312304496765137,0.0
0.1604720893204212,-0.01091951102018356,0.01476850807666779,0.05477073788642883,0.01967102289199829,0.0
-1.2846588078975678,-1.661412173271179,-0.046897854804992686,-0.00850389003753662,0.03948187828063965,0.0
-0.14827146344780923,-0.01968214040994644,0.0032787507772445686,-0.003366118669509887,0.007083475589752197,0.0
0.00030725314617158217,-0.01631022477149964,-0.11823880434036256,-0.03010239601135254,-0.03423726558685303,0.0
-0.00672118757367134,0.035376097381114954,0.011801483035087587,0.009483498334884644,0.02650994062423706,0.0
-0.004174368059635163,0.0019687894582748424,0.021235069036483766,0.021632468700408934,0.003310680389404297,0.0
0.017717854118347146,-0.05283837413787843,-0.13921047687530516,-0.0015678167343139643,0.007365703582763672,0.0
-0.0025702575147151943,0.0009718361496925355,-4.545152187347516e-05,-0.013059347867965698,-0.0037214159965515137,0.0
0.06101958715319634,0.10121880596876144,0.03621007144451141,0.0029521644115447993,-0.0064653754234313965,0.0
0.26830607313513755,0.02523017877340317,0.00029942452907562246,-0.00010049939155578626,-0.0016581416130065918,0.0
-0.00260543400645256,-0.028272134006023405,0.0013062888383865356,0.0025357067584991454,-0.0013161301612854004,0.0
0.06554478771090508,-0.0034474623799324033,0.027291256785392765,0.002481096982955934,0.056487977504730225,0.0
0.10553143844604494,0.887410730957985,-0.011036800742149355,-0.010703986883163452,-0.008564531803131104,0.0
1.413712903392315,1.6760143135786056,1.504931129217148,0.078300940990448,0.007442951202392578,0.0
-0.0007787564218044278,0.004023421823978424,0.00018436491489410385,-0.0004359662532806396,-0.0012682080268859863,0.0
-1.732329709726572,-0.5339797816872597,-0.055906053185462955,0.005898016691207882,-0.0664861798286438,0.0
-0.28349871945977206,-0.13107116037607194,0.00637636125087738,-0.004492098093032837,0.010324060916900635,0.0
-0.07689082854986194,0.04718740522861478,-0.3189463555812836,-0.2339053750038147
-0.09744044496417045,-0.06650218647718431,0.006236861348152161,-0.0044970929622650145,0.0065056681632995605,0.0
-0.015726255303621296,-0.004298738777637482,-0.04545065224170685,0.000667876005172729,-0.00491863489151001,0.0
0.008230771172046661,-0.0007540367841720585,0.0016914713382720943,-0.000579345226287842,0.007177472114562988,0.0
-0.030963064408302304,0.2153478715419769,-0.012563416957855227,0.023066258430480956,-0.015800952911376953,0.0
0.006520242869853973,-0.006716282963752746,0.008530515432357787,0.0018815398216247559,0.010643601417541504,0.0
-0.00353522262573242,0.023685747146606446,0.000775184631347656,-0.0006531715393066407,-0.003390073776245117,0.0
0.237877261531353,0.25460827338695524,0.004338754415512085,-0.002684247493743897,-0.012755870819091797,0.0
0.0014533930003643029,-0.009964645683765412,0.002029802203178406,0.00017420649528503422,0.001819908618927002,0.0
-0.005201695185899736,-0.013282495319843293,-0.008220360875129694,0.09263364672660829,0.021484673023223877,0.03203988075256348
-0.022178485560417172,-0.0003220136165618904,-0.0007339644432067874,0.00026147365570068377,-0.00774073600769043,0.0
-0.01601626268029213,-0.02996526151895523,0.0002573817968368531,0.0006880462169647217,-0.0015047192573547363,0.0
0.5655214595973492,0.6063486258387565,0.03487125813961029,0.10410909056663513,0.005786001682281494,0.0
0.012142859494686126,0.006670711874961856,0.022914341688156127,-0.0009354710578918443,0.02086615562438965,0.0
-0.004321570569276811,-0.02835312968492508,0.0008568114042282105,0.0012248694896697999,0.0012946724891662598,0.0
0.03306390577554703,0.014038634896278383,0.018074923753738405,0.005914628505706787,0.012392401695251465,0.0
-0.006337463325262069,0.0010216904282569893,-0.005860585570335389,0.0048323929309844965,-0.008216559886932373,0.0
-0.42815670531494543,-0.9884741455810144,-0.029297368526458742,-0.008924555778503419,0.008674979209899902,0.0
-0.015361666566133502,-0.0029504960179328917,0.0019080036878585814,0.0005603492259979247,0.002477705478668213,0.0
-0.0034268007099628427,0.002155424773693085,0.001495482325553894,0.0012842833995819081,-0.016479909420013428,0.0
-0.2444105978667736,-0.02756551855802536,-0.30738464057445525,-0.003266566991806031,-0.00715261697769165,0.0
0.0295931469142437,0.0014141280055046082,0.001367008090019226,0.0009146392345428467,0.00013643503189086914,0.0
-0.04962211542129516,-0.018421937942504883,-0.002255229949951172,-0.006411504745483399,-0.0026922225952148438,0.0
-0.1135837839961052,-0.057194542765617376,-0.05113841414451599,-0.006314265727996827,-0.011417984962463379,0.0
0.011095543169975278,-0.00041032338142395035,-0.00254552125930786,-0.0008890867233276364,0.012830734252929688,0.0
0.04581009292006493,0.026622800290584565,0.036471318602561954,0.002978390455245972,0.009535491466522217,0.0
0.02110154846906662,0.01356192672252655,0.018499187231063842,-0.003730928897857666,-0.0032051801681518555,0.0
-0.0004287724077701564,-0.00016229730844497664,0.0048253339529037475,0.0009397447109222412,0.001607358455657959,0.0
-0.0033395058393478412,-0.07292234969139098,-0.0083319354057312,-0.0005421161651611329,-0.0007675886154174805,0.0
-0.030571246159076693,-0.002458916783332825,-0.00431575894355774,0.0006095290184020994,-0.002821803092956543,0.0
0.008390142184495927,-0.00033138674497604366,-0.00017647922039031982,0.00025041699409484864,3.618001937866211e-05,0.0
-0.412865244024992,0.006149915993213642,-0.0027770155668258648,-0.005127495527267455,-0.05098336935043335,0.0
0.022250516414642332,0.009273338317871093,0.004540801048278809,-0.0010818243026733398,0.014819502830505371,0.0
0.015413397860527039,0.00937600302696228,0.001479203701019287,0.0003170251846313476,-0.0008742809295654297,0.0
-0.061655906224250795,-0.2527105448246002,-0.005096819400787354,-0.0002534151077270507,-0.0025811195373535156,0.0
-0.11557792189717293,-0.14877026349306108,-0.016123774647712707,-0.0004121363162994385,-0.009092986583709717,0.0
0.014713540625572202,0.017476760625839236,-0.004690926074981689,0.011087346076965331,0.02298605442047119,0.0
0.00015569000244140796,0.007441179275512695,0.00792491912841797,0.01043684482574463,-0.0015343427658081055,0.0
-0.0019708356738090517,0.0018238269090652469,0.0014955294132232666,-0.001919281482696533,0.0032205581665039062,0.0
-0.010173166334629058,-0.004009962677955628,-0.0014215052127838133,0.0009798407554626465,0.0011783838272094727,0.0
1.4306861837208271,0.006297107040882113,0.007231429219245912,0.009696036577224731,0.027414262294769287,0.0
0.012898636347055447,0.1736884122490883,0.003245473504066468,0.016100937128067018,-0.001752316951751709,0.0
-0.015089936852455136,0.004486697912216186,0.00010532140731811176,0.004831552505493164,-0.029097795486450195,0.0
-0.15448550193309785,-0.001567445516586304,-0.009836976528167724,0.0012200355529785158,0.0010628700256347656,0.0
-0.05574222769141197,0.007012526571750631,-0.01674634397029877,0.00741680264472961,-0.05892831087112427,0.0
-0.35837486602663987,-0.0025398556590080276,-0.013898326754570008,-0.008510631322860718,-0.003562748432159424,0.0
-0.001112858235836029,0.0006166654825210571,-0.002788442373275757,-0.0015477538108825684,-0.0028580427169799805,0.0
0.19489173781871796,0.03476691126823425,0.05225969552993774,-0.0005645751953125,0.0034064054489135742,0.0
-0.05976920564770698,-0.008061387360095982,-0.0073303538560867305,-0.0025592863559722907,-0.03191906213760376,0.0
0.001923487317562103,-0.0015680814981460572,-0.0017084705829620362,-0.0014417290687561036,-0.00018167495727539062,0.0
-0.012229104828834516,-0.003260263681411737,0.17340864419937135,0.060145211219787595,0.007073760032653809,0.0
0.07115557358264923,0.02520259404182434,0.0427529788017273,0.012019538879394531,-0.0009849071502685547,0.0
-0.18605535295009615,-0.008649153470993043,0.0020876383781433107,-0.028420305252075194,-0.0003668069839477539,0.0
-0.009304956692457206,-0.08119578284025192,-0.00010087668895721437,-0.0006945550441741943,0.0006387829780578613,0.0
-0.002251944750547409,-4.598587751388557e-05,0.0002230197191238402,-0.0004471242427825928,-0.0008860230445861816,0.0
0.019353012943267828,0.013387976646423341,0.018249549865722657,0.0016695022583007816,0.013432145118713379,0.0
0.03928402009010315,0.042109588146209714,0.00401984691619873,0.008060789108276368,0.00017547607421875,0.0
-0.0003393869161605833,0.0035601875782012944,-0.00013828039169311518,-3.0064582824707118e-05,0.0033905506134033203,0.0
-0.06855505920648575,-0.0007800947427749633,-0.0009788286685943604,-0.00040518045425415046,-0.000691533088684082,0.0
-0.0020876147329807297,-0.012813433229923248,-0.00022363245487213118,-0.007549983263015747,-0.00023740530014038086,0.0
0.004391613048315048,0.0005476369261741641,0.0002811235189437867,0.001925128698348999,0.0015715956687927246,0.0
0.0011839673995971676,0.0022626371383666992,-0.00116912841796875,0.001639676094055176,0.004070878028869629,0.0
0.4800154683113098,0.5348933534622192,0.029328222274780276,0.0003164291381835939,0.002623319625854492,0.0
-0.014422807705402375,0.00030540359020233155,0.000194166898727417,0.0005159497261047364,0.001056671142578125,0.0
0.06420665669441224,0.005327923297882081,0.015143203735351564,0.0042105913162231445,0.0008594989776611328,0.0
-1.323032396775484,-0.051804767429828646,-0.0970746260881424,-0.008230406045913696,0.006201446056365967,0.0
-0.06778112155795098,0.0006154168248176575,0.0006938630342483518,-0.0013011634349823012,-0.01901155710220337,0.0
-0.019152971249818806,-0.01815607386827469,0.005659105181694031,0.006553930044174195,0.0094338059425354,0.0
0.04073493504524231,-0.002979185581207274,0.03156533241271973,0.0034025907516479492,0.010050535202026367,0.0
0.0022326670289039598,0.001595612168312072,-0.020207303762435912,-0.009041249752044678,-0.00196993350982666,0.0
0.008655135256052018,-0.1345228437781334,-0.03624166429042816,-0.004911702871322632,0.003897368907928467,0.0
0.007674174612760544,0.003741534888744355,-0.0030570203065872193,0.012779945135116577,-0.0038927197456359863,0.0
0.00268873165845871,0.0012518585920333856,-0.003997040987014771,-0.007281649112701416,-0.008190393447875977,0.0
-0.03046478978395463,-0.10786330425739289,-0.0008828079700469969,0.0032446742057800296,0.0051190853118896484,0.0
-0.014348862659931183,-0.007519322514533997,-0.009450269937515259,0.0021007180213928225,0.002855539321899414,0.0
0.10531628637313842,0.619378261089325,0.03224951505661011,0.021413636207580567,-0.0032318830490112305,0.0
-0.05640114934444428,-0.020203806638717653,-0.006631786823272705,-0.00012748241424560564,-0.006584644317626953,0.0
0.00795697522163391,0.00946699857711792,0.003531169891357422,0.0003688335418701172,0.0021219253540039062,0.0
-0.018423945868015306,-0.19119199907779694,-0.0211359703540802,0.004375660419464112,0.005698561668395996,0.0
0.11609364781975746,0.0649657650589943,0.0041546207666397095,-0.0003264367580413819,-0.0011553168296813965,0.0
0.012816408723592758,-0.0005671277642250063,-0.0007679611444473267,-0.0002516806125640869,-0.001977384090423584,0.0
0.003147408521175384,0.00013462388515472442,-0.00015208363533020003,-6.738901138305655e-05,0.0019947290420532227,0.0
-0.0013231693089008332,-0.00025504809617996234,-0.0029989081621170045,-0.003856641054153442,-0.0008316636085510254,0.0
-0.03800847808122636,-0.057325260281562804,-0.05927240014076233,0.0013777375221252445,-0.008743762969970703,0.0
-0.009531335741281524,0.005804546773433686,-0.00807344019412995,0.02504846453666687,0.09473472833633423,0.0
-0.05541549445986748,-0.05544528168439865,-0.030176140666007996,-0.002954643964767456,0.00042182207107543945,0.0
-0.6998334855914117,-0.09284403932094575,-0.0062377917766571036,0.00029777288436889666,0.0023479461669921875,0.0
0.23941725900173186,0.11831582045555115,-0.0026669716835021973,0.014404034614562989,-0.0010911226272583008,0.0
1.3060790886342526,0.9807332759499551,0.00022046327590942785,0.05149819850921631,-0.0018849372863769531,0.0
0.0006058547198772456,0.03264536827802658,-0.0056987076997756965,0.012950867414474487,-0.00170975923538208,0.0
-0.14585722897052766,-0.024703889131546017,-0.004478857517242431,0.0004752635955810546,-0.0030258893966674805,0.0
-0.04824917204976075,0.5554035450816154,-0.00339119017124176,0.005570071935653687,-0.007119357585906982,0.0
0.11078359488844872,0.011814190328121185,-0.0016145426034927367,-0.001221996545791626,-0.0018103718757629395,0.0
0.11615275164246563,0.35382481437921526,0.014437194466590893,0.338817697763443,0.0012179017066955566,0.0
0.005225760793685913,0.002378074169158936,0.0037130689620971684,0.004670882225036621,0.0010178089141845703,0.0
0.00038364704847335807,-0.0001020213365554809,0.00014148592948913573,1.1241436004638694e-05,0.00041806697845458984,0.0
0.023561057776212695,0.015949868857860566,-0.00720730125904083,0.0393354594707489,-0.0017121434211730957,0.0
-0.2858389932513237,-0.6534922474622726,-0.00322789549827579,0.03592497110366821,-0.4380124807357788,0.0
0.0010477185964584343,-0.0008583862781524655,0.0015669178962707513,0.001660156250000001,0.010126948356628418,0.0
0.0006882099807262413,-0.008015020191669464,-0.002179458737373352,0.0003491342067718506,0.0022593140602111816,0.0
-0.013032216215133667,-0.006403678417205811,-0.0049391651153564455,-0.0002718925476074219,-0.0004991292953491211,0.0
0.009874237239360806,-0.039214146733284,-0.006440693140029907,-0.009476006031036377,0.004681944847106934,0.0
-0.1944277678847313,-0.026972138762474063,0.010089980363845822,-0.035836446285247806,0.005755305290222168,0.0
-0.0204719674050808,-0.0034446596503257755,-0.0005360311269760132,0.00012708306312561035,-0.00024503469467163086,0.0
-0.010251737797260286,-0.00031283295154571524,-0.0033338510990142817,0.00027724504470825193,-0.0010260343551635742,0.0
-0.0005602551460266118,-0.002472104072570801,0.009707012176513673,0.0011527299880981449,0.012887358665466309,0.0
-0.04608191509246826,-0.0022904901504516594,0.001523690223693847,-0.008875775337219238,0.0012700557708740234,0.0
0.007649605637788773,0.0012274640202522276,-0.0018528813123703004,-0.00012392401695251456,-0.002431809902191162,0.0
-0.014012297755479816,-0.0014564293026924136,-0.005154598355293274,-5.071759223937997e-05,-0.0019139647483825684,0.0
-0.0021675831615924827,0.0006545245051383973,-0.0010013514757156372,2.967715263366708e-05,-0.0031226277351379395,0.0
0.0006533354282379151,0.0006233420372009278,0.0008977746963500976,0.00034584999084472654,0.0007948875427246094,0.0
0.5356890689134598,0.0019376289844512942,0.0032119631767272947,-0.00018703937530517578,0.004647374153137207,0.0
-0.10644639875292779,-0.0005488411784172065,-0.018048288226127623,0.0007661163806915283,-0.0011535286903381348,0.0
0.0284100040435791,0.00030853843688964915,-0.0016630744934082037,-0.0010136604309082028,0.009407639503479004,0.0
-0.02849035539627075,-0.007293015480041505,-0.00036474704742431644,0.0004904508590698242,-0.00040972232818603516,0.0
0.000895687371492386,0.0016283419728279115,0.0003021985292434692,-0.0001004636287689209,1.5795230865478516e-05,0.0
0.0002205622553825377,-0.0012620011568069457,0.000712350606918335,0.00043281316757202146,0.000676274299621582,0.0
0.0001801915526390076,0.00046724164485931386,-0.0005081617832183838,-7.632970809936526e-05,-0.0005903244018554688,0.0
0.03742951138019561,0.005364484071731568,1.3120174407959032e-05,-0.0002314567565917968,0.0007922649383544922,0.0
0.006421371883153915,0.0045355653166770935,-0.0007424646615982057,-0.00028944611549377444,-0.0004988312721252441,0.0
-0.0012581688821315764,-0.009988253057003023,0.0002609306573867798,0.000281578302383423,0.0011652112007141113,0.0
0.009308379209041593,-0.0006425586938858033,-0.0009707176685333253,-0.001161491870880127,-0.0013741254806518555,0.0
0.037645837157964705,0.016084667146205902,0.009693631529808044,0.0005598962306976318,0.001983940601348877,0.0
1.0029044096291067,0.28544637280702595,0.006614754796028138,0.010239559412002563,0.004875481128692627,0.0
0.0326044473528862,0.009846214175224305,0.00612265944480896,-0.00026344060897827144,0.001291513442993164,0.0
0.09304458347558975,0.001005005478858948,0.004763284921646118,-3.8897991180419835e-05,0.0014803409576416016,0.0
-0.00036781503558158804,0.011388400375843048,0.00021905720233917237,1.8656253814696832e-06,-0.000605165958404541,0.0
-0.046378260016441346,-0.05768385767936706,-0.01618865728378296,0.00018334388732910156,-0.0009739398956298828,0.0
-0.0003411375164985655,0.0007988785505294799,-0.0005455839633941651,0.00042628049850463863,-0.0010429620742797852,0.0
0.0012644551813602448,-0.0002037791609764098,0.0004762512445449829,0.0002700865268707276,0.0008861422538757324,0.0
0.026050910151004768,-0.2548417285680771,-0.20381058096885682,-0.031702196598052984,-0.020166873931884766,0.0
-0.03393468719124794,-0.04635397440195084,0.0008387273550033568,0.0022216975688934327,0.0030184388160705566,0.0
0.005114219015836715,0.008311427772045134,-0.0035099440813064573,0.0009953916072845458,-0.0018900036811828613,0.0
0.056171571135520945,0.06000304102897644,0.0006784319877624525,0.01763749122619629,-0.0009816884994506836,0.0
-0.0404012669801712,-0.007125919580459595,-0.0023304152488708495,0.00016551017761230464,-0.0008385181427001953,0.0
-0.0001629450142383586,0.0013157550692558283,-0.029516504406929017,-0.006950217485427857,0.0010432600975036621,0.0
0.0006371570169925687,0.0007766962647438049,0.0002706581354141236,-0.0011347472667694093,0.0008445382118225098,0.0
-0.2832803522408009,-1.1247426872849464,-0.35806223809719084,-0.054185622930526735,0.0034099221229553223,0.0
-0.018644259732961653,0.11681763511896133,0.06167449533939362,0.007618886232376099,0.018248140811920166,0.0
-0.12668369455337525,-0.032419741630554194,0.00022523880004882819,-0.0005028724670410156,-0.0014884471893310547,0.0
0.01123586142063141,0.006380907297134401,0.02639743089675903,-0.00031316280364990234,-0.00032901763916015625,0.0
0.0009948976635932923,0.001020405888557434,-0.0006975352764129639,0.0007091164588928223,-0.0008696317672729492,0.0
0.00038091714382171635,0.0012820117473602295,-0.0003667283058166504,-0.0004068136215209961,-7.557868957519531e-05,0.0
-0.004638295376300812,-0.0027738467454910282,-0.0024090492725372314,0.0001254916191101074,-0.000919342041015625,0.0
0.0007560803532600405,0.008763732075691224,0.0016493284702301025,3.7229061126709006e-05,0.0005408525466918945,0.0
-0.0022987559258937835,-0.0020658125281333927,0.015258021950721743,0.001707416772842407,-0.0010530352592468262,0.0
2.2911858558654805e-05,0.0008569424152374268,9.060621261596679e-05,-3.833770751953125e-05,0.0001264810562133789,0.0
0.004965756720304488,0.006110838592052461,-0.05777797043323517,0.0008364856243133546,0.0019145607948303223,0.0
0.0025695404171943662,-3.048217296600336e-05,0.00042084813117980956,0.000279390811920166,0.000542759895324707,0.0
0.007292078375816345,0.0001091277599334716,-0.0003239274024963379,1.1682510375976562e-05,-0.00035703182220458984,0.0
8.768835663795478e-05,-0.0019830355048179624,0.0008794456720352174,0.000857621431350708,0.0011113286018371582,0.0
-0.17418979547023772,-0.0293385865688324,-0.028329942226409915,-0.014557147026062011,0.0012996196746826172,0.0
-0.0069705752128362665,-0.007685545152425765,-0.0019962953925132757,0.0008928591012954713,-0.0005809009075164791,-0.012823998928070068
0.00031458476185798655,-0.00015710085630416893,0.0002982407808303834,0.0002264082431793213,-0.003752410411834717,0.0
-0.015407090759277346,-0.006491812705993652,-6.116390228271484e-05,-0.0001807451248168945,-0.0005463361740112305,0.0
0.0043554503381252295,0.01703390353918076,0.011095899939537048,0.003396028280258179,0.0010884404182434082,0.0
-0.22998076247572902,-0.040557445943355565,-0.007134413123130798,-0.000734037160873413,0.0012821555137634277,0.0
0.9043293102502823,0.01783345627784729,0.003573281764984131,0.0001603841781616211,0.00012350082397460938,0.0
-0.009356491112709043,-0.013527133226394655,-0.004307868480682375,-0.0004604816436767564,-0.036605238914489746,0.0
0.006481460845470428,0.004572263598442078,0.00014317393302917488,-0.0006286263465881347,0.0023022890090942383,0.0
-0.001601670682430268,-0.001279816031455992,0.002864152193069458,-0.0005075335502624512,0.019493699073791504
-0.023861521422863005,-0.0015581911802291868,0.001237517595291138,0.0015413165092468262,0.0024449825286865234,0.0
-0.6183287305653095,-0.196651662170887,-0.000994895100593567,-0.0016777098178863527,-0.000622093677520752,0.0
-0.012882912302017213,-0.010364016056060792,-0.00198585033416748,-0.017434096336364745,-0.005307435989379883,0.0
0.0077957399904728135,-0.005939615190029151,-0.14679671704769134,-0.008421224355697633,-0.002787292003631592,0.0
0.0005751761615276337,-1.5837967395782395e-05,0.0003269833326339722,0.00010456442832946784,0.0007579922676086426,0.0
-0.02106797184348106,-0.013556011140346526,0.0008249861001968382,-0.0019303977489471434,0.0008861422538757324,0.0
-0.0011807882845401765,0.0002609795928001402,-0.001211000084877014,-0.0005493700504302978,-0.0007379651069641113,0.0
0.0009439790368080125,-0.005081869482994078,-0.005014513731002805,-0.004161369800567624,0.06862413883209229
0.009870096993446353,0.0404922001361847,0.0455391001701355,0.026007580757141113,-0.002766728401184082,0.0
0.06827671255469323,0.022055252015590665,0.004019321799278259,-0.0004156410694122314,0.0016804337501525879,0.0
-0.0006479785263538366,0.004379929721355438,0.011889936327934265,0.0008777797222137452,0.001483142375946045,0.0
-5.271523594856273e-05,-0.001200465023517609,-0.003610747456550598,-0.002453213930130005,-9.232759475708008e-05,0.0
-0.0007422363221645356,-0.003155910909175874,-0.012862510085105897,-0.002686852216720581,-1.3172626495361328e-05,0.0
-0.05840135312676426,0.5604430956244469,0.4505251759290695,0.009468144178390502,-0.008143842220306396,0.0
0.10913173866271975,0.0023105907440185546,0.001429271697998047,0.00017213821411132812,0.001570582389831543,0.0
-0.0066679992377758025,-0.008642108142375947,-0.0026886671781539916,-0.0009138286113739014,0.0002601742744445801,0.0
-0.006035859304666519,-4.232943058014244e-06,-0.002974935173988342,-0.0006333410739898682,5.5849552154541016e-05,0.0
-0.08451113776564598,-0.08801537173986436,-0.11947677552700042,-0.047993439435958865,8.89897346496582e-05,0.0
-0.0006208084642887115,-0.002203414022922516,0.0004070895910263062,0.00047497153282165526,0.000516355037689209,0.0
0.0025472332537174224,4.526525735855109e-05,0.0009488016366958618,0.0008471310138702393,0.0006398558616638184,0.0
-0.005905265194177632,0.004581020295619966,0.32013706147670745,0.01774255633354187,-0.00015360116958618164,0.0
0.022533941650390625,0.07186000919342041,0.0032714271545410153,-0.0003384590148925781,-0.0009146928787231445,0.0
-1.0993875584185124,-0.0005687217116355902,-0.012641586661338806,0.00033434033393859837,-0.002378404140472412,0.0
-0.31029666754603386,-0.0374964353442192,-0.0086818665266037,-9.950995445251465e-05,-0.00014275312423706055,0.0
-0.004748436564207078,-0.00573128765821457,-0.00023206412792205915,-0.010375803709030152,-0.0018262267112731934,0.0
0.006105052655935288,0.004560072362422943,-7.892191410064698e-05,0.0029063165187835694,0.0011611580848693848,0.0
-0.11640551524758339,0.0008960914015769953,-0.009871726632118225,-0.0005835354328155519,-0.001370251178741455,0.0
-0.03388062754273415,-0.000172363817691803,0.0002867788076400756,-0.0006382763385772705,-0.0004038214683532715,0.0
0.00863611203432083,0.004552133679389954,0.0005302250385284423,-6.002187728881836e-05,-0.00039398670196533203,0.0
-0.03831892184615135,-0.16346056121587751,-0.013657884001731874,-0.005594509840011597,-0.006492555141448975,0.0
-0.04811378954052925,-0.006675418198108673,0.0008014219999313357,0.0011665046215057363,-0.009298145771026611,0.0
0.0024533143043518058,-0.030286922454833984,-0.0024624824523925776,-0.0005998611450195312,-0.0064820051193237305,0.0
0.06936575418114663,0.005323505461215973,0.0020189815759658813,0.000555640459060669,-0.0001532435417175293,0.0
0.0008217780113220216,0.0007387762069702149,0.00012666702270507806,-2.164840698242192e-05,0.001206517219543457,0.0
0.00022905650138854965,-0.0037209239006042484,0.0003287696838378904,-0.0030358076095581056,-0.0014284849166870117,0.0
-0.003066455197334292,0.005555577993392945,0.0004269766807556176,0.00935955047607422,0.019320130348205566,0.0
0.004553209811449051,0.0006526830792427063,0.0005657941102981567,0.00032964348793029785,-0.00018388032913208008,0.0
-0.04846709547042847,-0.008729824066162111,-0.002297172546386719,2.0718574523925803e-05,0.0005152225494384766,0.0
-0.07477246859073639,-0.06091567254066467,-0.0001520180702209473,-0.00015149116516113283,-0.0009443759918212891,0.0
