0.021895088255405426,0.021573439240455627,0.04265042021870613,0.003876514732837677,0.049941886216402054,0.010832607746124268
0.004153333604335785,0.0006089117377996445,-0.00044749677181243896,-0.0035110805183649063,-0.004413684830069542,0.00031457096338272095
-0.030096777714788914,-0.033663333393633366,3.162771463394165e-05,-0.024552755057811737,0.001904752105474472,0.005747750401496887
0.028328057378530502,0.001362137496471405,-0.0030711814761161804,-0.0022877007722854614,-0.01960565149784088,-0.0008001998066902161
0.0004833787679672241,-0.0010986998677253723,0.0007828548550605774,-0.0010391175746917725,-0.006522916257381439,3.314763307571411e-05
-0.0218602754175663,-0.041299968957901,0.009352795779705048,0.0020472705364227295,-0.0006143376231193542,0.0001295730471611023
0.005897417664527893,0.03650221228599548,0.022770322859287262,-0.002179183065891266,-0.006135597825050354,-0.004732154309749603
0.0010518208146095276,0.003912746906280518,-0.001050703227519989,-0.001971431076526642,0.00010458379983901978,0.00010099261999130249
0.00011594220995903015,-0.008778257295489311,-0.010662324726581573,0.0015102997422218323,-0.004093654453754425,-1.5795230865478516e-06
-0.04093702416867018,0.005689825862646103,0.03438735380768776,0.0005994495004415512,-0.0013157092034816742,-0.0011556968092918396
0.007390178740024567,0.0017132759094238281,-0.00433126837015152,0.0028741806745529175,0.017890311777591705,-1.4901161193847656e-05
0.006569594144821167,0.0007654093205928802,-0.005999810993671417,-0.00027538836002349854,-0.0012596659362316132,-0.002142045646905899
-0.023401811718940735,-0.0007804185152053833,0.0008729696273803711,-0.009233064949512482,0.003285452723503113,-0.0002470836043357849
-0.004015864804387093,7.78520479798317e-05,-0.0005464935675263405,-0.0019328491762280464,0.0005788207054138184,0.0004431121051311493
0.0039903223514556885,0.021251384168863297,-0.0002940148115158081,-0.003387823700904846,-0.0011032000184059143,3.2633543014526367e-06
-0.0021048858761787415,-0.015690285712480545,0.002252519130706787,8.479505777359009e-05,-0.00864020362496376,0.010111667215824127
-0.0009971410036087036,-0.0006451979279518127,-0.0004716217517852783,-0.001928679645061493,-0.006213180720806122,-0.00017760694026947021
0.008645256981253624,0.00022727064788341522,-0.000247979536652565,7.827393710613251e-05,-0.0006340481340885162,-7.703527808189392e-05
-0.004361800849437714,-0.0046338774263858795,0.006625054404139519,-0.0017910338938236237,-0.008584324270486832,0.0004333779215812683
0.0034133121371269226,0.0036803577095270157,-0.0027205869555473328,-0.002674289047718048,0.004728903993964195,0.0006253682076931
-0.0004284000024199486,0.001500793732702732,0.0028215739876031876,-0.005659131333231926,0.0008229315280914307,0.0010371757671236992
-0.0010325480252504349,0.0007593999616801739,0.0027964345645159483,-0.00035187043249607086,-6.946222856640816e-05,0.00030660536140203476
0.003066934645175934,0.003416784107685089,0.0035757049918174744,-0.0006287544965744019,1.6689300537109375e-05,0.0019437074661254883
-0.02455993741750717,0.0016325265169143677,0.00633026659488678,-0.011032864451408386,0.003763839602470398,-0.0010064318776130676
-0.0006214380264282227,-0.0008911564946174622,0.0003100559115409851,-0.0006461590528488159,0.001602865755558014,0.0007000267505645752
0.012069229036569595,-0.0005458593368530273,-0.007139865309000015,0.0011601336300373077,0.0034658387303352356,4.793331027030945e-05
-0.0006655305624008179,-0.0005449205636978149,0.0005583092570304871,-0.0017582550644874573,-0.005298897624015808,-3.481656312942505e-05
-0.00039803609251976013,-0.0009044352918863297,-0.0005803927779197693,0.0006746146827936172,0.00019080564379692078,-1.3133510947227478e-05
-1.379428431391716e-05,-0.0010440368205308914,-0.00031732721254229546,0.00011661741882562637,-0.0001432918943464756,2.458738163113594e-05
-0.0012061651796102524,-0.0021551288664340973,-0.00045951642096042633,-0.0007842425256967545,0.0008227573707699776,0.00012733694165945053
0.019398324191570282,-0.0032327473163604736,-0.009717978537082672,-0.0008214637637138367,-0.004287302494049072,0.0028240233659744263
-6.742030382156372e-05,-0.0046957433223724365,0.002003595232963562,0.0006440132856369019,0.003040879964828491,0.004781655967235565
0.0006658025085926056,0.0026512444019317627,-0.00043975934386253357,-0.0007910840213298798,0.005095595493912697,0.000176258385181427
0.0038482844829559326,0.0011390447616577148,-0.004088856279850006,0.003170214593410492,0.003757260739803314,-0.00018680095672607422
0.019402956124395132,-0.004921009764075279,-0.008226888254284859,-0.0003208797425031662,-0.005519436672329903,0.0024625416845083237
3.550201654434204e-05,0.0004277229309082031,0.0002442300319671631,-5.847960710525513e-05,-0.0001112520694732666,-0.0010154321789741516
0.00018490105867385864,-0.001952044665813446,0.0029723048210144043,0.000454142689704895,-0.0018761083483695984,3.4440308809280396e-05
0.0021943040192127228,0.0017382539808750153,-0.0005615018308162689,0.005536466836929321,0.007555626332759857,-0.0002352297306060791
-0.0002660676836967468,0.0007258281111717224,0.00260964035987854,0.0027700886130332947,-0.0010989010334014893,-0.001238316297531128
-0.021771423518657684,0.0006527714431285858,0.006723333150148392,0.0016962699592113495,0.009672973304986954,-0.00029705092310905457
0.0021012574434280396,0.0003178715705871582,0.0038767606019973755,0.0028788521885871887,0.0028985366225242615,0.0011001825332641602
-0.0008104369044303894,-0.012221254408359528,0.0020929276943206787,0.0016684383153915405,0.00023615360260009766,0.0038051754236221313
-0.0016429722309112549,0.0028355494141578674,-0.001473359763622284,-0.01290939748287201,0.0016301199793815613,0.003161482512950897
0.0024222098290920258,3.6988407373428345e-05,-0.004708178341388702,-0.003817174583673477,-0.004766639322042465,0.0005678832530975342
-0.0009397566318511963,0.0005081295967102051,0.0008558500558137894,-0.0020050276070833206,-0.0014195013791322708,0.0002020951360464096
-0.00011755339801311493,-0.00081629678606987,0.00023944489657878876,-0.00031988881528377533,-0.0018610507249832153,0.00010779500007629395
-0.0005832500755786896,-0.001718331128358841,0.0019510220736265182,0.00036368146538734436,0.00034452416002750397,0.00332685187458992
0.0026308000087738037,-0.0015197768807411194,-0.0015399828553199768,-0.0012404844164848328,-0.003746733069419861,8.865445852279663e-05
0.0011151134967803955,-0.0010807588696479797,0.0029415786266326904,0.004239916801452637,0.0013425350189208984,0.000562615692615509
-0.0013353824615478516,-0.002060934901237488,0.00021599233150482178,0.0025509297847747803,0.0025534331798553467,0.0004785507917404175
-0.00535738468170166,0.0006750449538230896,0.0003369264304637909,-0.0005600415170192719,-0.00022796913981437683,-0.002535831183195114
0.012385537847876549,0.01594804786145687,-0.008299119770526886,1.7434358596801758e-05,0.0030350200831890106,-0.003159038722515106
0.6664344370365143,0.6884745955467224,0.6471875905990601,0.7467617988586426,0.6000895202159882,0.6758729517459869
0.004426132887601852,0.017368707805871964,0.0005093961954116821,-0.0029900334775447845,0.0003067329525947571,-0.0019890740513801575
-0.004574932157993317,-0.02814050018787384,-0.00016447901725769043,0.0033539310097694397,0.001650094985961914,0.00019855797290802002
-0.0009204372763633728,-0.0025568827986717224,0.0006604492664337158,0.0013356879353523254,-0.0024414658546447754,-0.0012044906616210938
-0.02659650892019272,-0.061498891562223434,0.006201170384883881,0.010278485715389252,0.0012151077389717102,-0.0013666152954101562
0.030186764895915985,0.038827382028102875,-0.020699933171272278,-0.0024338066577911377,-0.00035105645656585693,-0.004523277282714844
-0.005910694599151611,-0.06293120980262756,0.008379817008972168,0.0033488869667053223,-0.004156708717346191,0.00034572184085845947
-0.002163894474506378,-0.0019734278321266174,-0.0003269985318183899,-0.005627423524856567,-0.0036684125661849976,-0.006216265261173248
-0.000725477933883667,0.0013111978769302368,-0.0015333890914916992,-0.0018126815557479858,0.0009907931089401245,-0.004621729254722595
-0.003523249179124832,0.01787158101797104,0.037085230462253094,-0.00825737789273262,-0.012996252626180649,-0.004953064024448395
0.005154594779014587,-0.00705573707818985,0.005405999720096588,0.0032797306776046753,-0.0005569010972976685,0.012542352080345154
0.0011949539184570312,-0.0008602142333984375,0.006589174270629883,0.010001160204410553,-0.002198047935962677,-0.0013529732823371887
-0.1268986463546753,-0.055081650614738464,0.016201406717300415,0.014787837862968445,0.030394673347473145,-0.007674485445022583
0.03945385664701462,-0.0039827898144721985,-0.012610897421836853,0.0008537694811820984,-0.00456024706363678,0.0016344636678695679
0.0016527436673641205,0.02550497278571129,-0.0006176438182592392,-0.013812264427542686,0.0032779090106487274,0.0020426753908395767
0.0011815205216407776,-0.0012307167053222656,-0.000991426408290863,-0.003314562141895294,-0.0009488016366958618,0.0002022385597229004
-0.08672991394996643,-0.019013747572898865,-0.04484078288078308,0.012573421001434326,0.04265952110290527,-0.0036515146493911743
-0.08042343705892563,0.003871217370033264,-0.0029004663228988647,-0.0156468003988266,0.01849137246608734,-0.003139093518257141
-0.05529710650444031,-0.005045175552368164,0.014994442462921143,-0.008544936776161194,-0.016627237200737,0.0006423145532608032
-0.0014253631234169006,-0.0008755102753639221,-0.0015241354703903198,-3.1463801860809326e-05,-0.002556324005126953,0.000537872314453125
0.0086264843121171,-0.000944056548178196,-0.0026632254011929035,0.0036417245864868164,0.0030270926654338837,0.0015954570844769478
0.06659754365682602,0.04492616653442383,-0.004510939121246338,1.0222196578979492e-05,-0.04823291301727295,-0.0034273266792297363
0.0046430230140686035,0.03826551139354706,0.035319551825523376,-0.003296375274658203,-0.0005288124084472656,0.0008279681205749512
-0.003974556922912598,-0.028927281498908997,0.0060311853885650635,0.009593397378921509,0.0038581043481826782,0.004952296614646912
-0.0007173290941864252,0.0035072017926722765,-0.004268330056220293,-0.019834106788039207,-0.0035752991680055857,0.00237471517175436
-0.000488676130771637,-0.00014472007751464844,0.0004482939839363098,0.0004427880048751831,0.0004107058048248291,-4.636496305465698e-05
-0.007157132029533386,-0.021144084632396698,0.010479860007762909,0.007384739816188812,0.010142549872398376,0.01166563481092453
-0.008920572698116302,0.006328999996185303,0.00577913224697113,-0.0016091391444206238,-0.002076767385005951,-0.0009412392973899841
-0.002631768584251404,0.007232382893562317,-0.003934234380722046,-0.012713775038719177,0.0011673718690872192,0.0011820048093795776
-0.0050571151077747345,-0.004768546670675278,-0.0027735047042369843,-0.01704474911093712,-0.03486396744847298,-0.0026552490890026093
-0.00015339255332946777,-7.486343383789062e-05,-0.0011567175388336182,-0.00021807849407196045,-0.0003414452075958252,0.00010256469249725342
0.005854159593582153,0.005900546908378601,0.00014041364192962646,0.02746500074863434,0.0035928338766098022,-0.013796165585517883
-0.003086566925048828,0.0022737979888916016,-0.009437546133995056,-0.01977550983428955,0.01583448052406311,0.013107165694236755
0.0005306564271450043,-0.0008521154522895813,-0.0016727019101381302,0.001268971711397171,-0.0010275337845087051,-0.0007849987596273422
8.214637637138367e-05,-0.002223402261734009,0.002660270780324936,-0.00340237095952034,-0.013662591576576233,0.0022655539214611053
0.00026926398277282715,-0.001361154019832611,1.7434358596801758e-05,0.0014330968260765076,0.002994738519191742,0.0006527304649353027
0.0006449781358242035,-0.0025779232382774353,-0.0007909797132015228,-0.0003994554281234741,-0.0012858174741268158,0.0001200363039970398
0.00836847722530365,0.004115238785743713,-0.004960969090461731,0.03521990776062012,0.036885231733322144,-0.007528245449066162
-0.03490506857633591,0.0033660978078842163,0.009752035140991211,0.001577518880367279,0.022970695048570633,-0.0006303414702415466
-0.0027085691690444946,-0.016239047050476074,-0.0029791444540023804,0.0073734670877456665,0.004481494426727295,-0.0009299218654632568
-0.007452428340911865,0.0027161836624145508,-0.005168825387954712,0.008296236395835876,0.030521437525749207,-0.0035520344972610474
0.001319587230682373,-0.0003052428364753723,-0.005188241600990295,0.0015820711851119995,0.0028287693858146667,-0.00014294683933258057
0.054084792733192444,0.07620644569396973,0.006740376353263855,0.0203380286693573,-0.02567344903945923,-0.0015388578176498413
-0.01092403382062912,0.0029559731483459473,-0.04069292172789574,-0.09529058542102575,0.004659891128540039,0.0024808794260025024
-0.0021958276629447937,0.0004964843392372131,0.0011751651763916016,-0.0008166283369064331,0.00046449899673461914,0.0005321204662322998
0.009584710001945496,0.0010651424527168274,-0.005827471613883972,0.0018131658434867859,-0.0008349120616912842,-0.0018229186534881592
-0.008875653147697449,0.0017216876149177551,0.0007679685950279236,-0.015915118157863617,0.007812529802322388,0.00770983099937439
-0.002461867406964302,0.002736750990152359,-0.0008563026785850525,0.00934591144323349,-0.005396472290158272,-0.009234102442860603
-0.049480170011520386,0.003116399049758911,0.016054078936576843,-0.0057295262813568115,0.008042991161346436,-0.0012792795896530151
0.0052834153175354,-0.026584669947624207,-0.03380453586578369,-0.0014679431915283203,0.013906717300415039,0.006419569253921509
-0.023274317383766174,0.006543859839439392,0.020880430936813354,-0.0039787739515304565,0.018803924322128296,-9.050965309143066e-05
-0.012159228324890137,0.001568630337715149,0.009311795234680176,-0.005656227469444275,0.002328217029571533,0.002101525664329529
0.03932587802410126,0.014345631003379822,-0.02074301242828369,-0.03020000457763672,-0.009715646505355835,0.003575921058654785
0.0016613304615020752,0.00031003355979919434,-0.003481745719909668,-0.010248787701129913,0.003701627254486084,0.0012219250202178955
0.006148114800453186,-0.004728741943836212,-0.010645709931850433,0.0016548633575439453,-0.0037244707345962524,0.004385329782962799
-0.08195033669471741,0.005820095539093018,0.02807784080505371,-0.002456873655319214,0.0317082554101944,-0.0003261864185333252
0.0011256635189056396,0.0038018226623535156,-0.004784896969795227,-0.00047075748443603516,0.0040459781885147095,-0.0016499608755111694
-0.001546904444694519,-0.009588092565536499,0.0017567276954650879,0.00023330748081207275,-0.0013233721256256104,0.004838868975639343
-0.026892244815826416,0.0035350024700164795,0.0015350133180618286,-0.0005300194025039673,0.0023162811994552612,-0.0012871026992797852
0.0014058947563171387,0.0010101348161697388,-0.0007354766130447388,-0.0003354698419570923,-0.0015058964490890503,-0.001989111304283142
0.0040963441133499146,0.03290779888629913,-0.014571726322174072,0.004156678915023804,0.026601210236549377,-0.025738045573234558
0.030166126787662506,0.01737247407436371,-0.012662917375564575,-0.015724867582321167,-0.02720189094543457,-0.005420893430709839
-0.020728662610054016,0.004480347037315369,0.0228322371840477,-0.0036147013306617737,0.004293322563171387,-0.0011029168963432312
-0.008477002382278442,-0.011335283517837524,0.0035110116004943848,0.016750961542129517,0.006939753890037537,-0.0037876665592193604
0.010189831256866455,-0.032576099038124084,0.01097986102104187,0.012577041983604431,-0.01575663685798645,0.004064396023750305
0.04339499771595001,-0.005083367228507996,-0.017388805747032166,0.003905177116394043,-0.014280244708061218,0.006612643599510193
0.0008881986141204834,-0.0030954182147979736,-0.010610595345497131,0.004660248756408691,0.00826503336429596,-0.007024094462394714
-0.47955477237701416,-0.5599543154239655,-0.41242003440856934,-0.5512180626392365,-0.37373286485671997,-0.5585055947303772
0.12383200600743294,0.01238986849784851,-0.03256797045469284,-0.0014114975929260254,0.009743697941303253,0.003621526062488556
-0.02268698811531067,-0.07905332744121552,-0.03391355276107788,0.014020323753356934,0.06616413593292236,0.10184651613235474
0.00607537105679512,-0.007529493421316147,0.008025828748941422,-0.007309954613447189,-0.052658770233392715,0.027899187058210373
0.013510346412658691,0.06359294429421425,-0.008420050144195557,-0.027048565447330475,0.01516135036945343,6.984919309616089e-05
0.009734362363815308,0.07388602197170258,0.010906010866165161,-0.047669559717178345,-0.020907223224639893,0.0021836161613464355
-0.0018675737082958221,0.013157602399587631,-0.011953447014093399,0.004556845873594284,0.03722256049513817,-0.004550661891698837
0.002642989158630371,0.044140011072158813,-0.0018038749694824219,-0.003083348274230957,0.0020695924758911133,-0.014955580234527588
0.003022104501724243,-0.001507773995399475,-0.002927139401435852,0.0010407418012619019,-0.0034168660640716553,-0.0006954371929168701
0.01919129490852356,0.02475033700466156,0.037335485219955444,0.06935808062553406,0.020579099655151367,-0.019198864698410034
0.04434576630592346,0.008296787738800049,0.013742625713348389,0.008481502532958984,0.01684299111366272,-0.000672459602355957
0.03962669521570206,0.0034830421209335327,-0.017046533524990082,0.005198389291763306,0.007065780460834503,0.002837054431438446
0.004069789312779903,0.04922303929924965,0.07076160237193108,-0.022990984842181206,-0.07157943025231361,-0.007885342463850975
0.06162026524543762,0.0020154044032096863,-0.016476266086101532,0.0022493302822113037,1.8015503883361816e-05,-0.0015622526407241821
0.005574226379394531,-0.0095100998878479,0.0023042112588882446,-0.0022854506969451904,-0.02630072832107544,0.0009561479091644287
-0.07359257340431213,-0.024283260107040405,0.011363238096237183,0.01284247636795044,0.036919862031936646,-0.007841438055038452
0.0022650212049484253,0.06268137693405151,-0.011951535940170288,-0.015275239944458008,0.00080147385597229,-0.037268444895744324
-0.0039882659912109375,-0.0018569529056549072,-0.0031585693359375,-0.004588901996612549,-0.00504709780216217,0.0025587230920791626
-0.09677785634994507,-0.052140772342681885,0.01289018988609314,0.053523480892181396,0.06203809380531311,-0.00574377179145813
0.04688316583633423,0.08804281055927277,0.007332533597946167,-0.022459417581558228,-0.04858860373497009,-0.002726137638092041
0.02917836606502533,-0.0027285367250442505,-0.014829903841018677,0.0035290122032165527,-0.0004929006099700928,0.010137960314750671
-0.037160396575927734,0.0038774311542510986,0.024891942739486694,-0.019288301467895508,0.0008142590522766113,-0.00035437941551208496
0.6088135242462158,0.4745676517486572,0.44552111625671387,0.6482822597026825,0.6073683500289917,0.5126350522041321
-0.059376299381256104,-0.07204025983810425,-0.08366331458091736,-0.05885857343673706,-0.008383333683013916,0.09806042909622192
0.00457233190536499,-0.006741240620613098,0.00041000545024871826,-0.0021602511405944824,-0.003696441650390625,0.0038016289472579956
-0.0067776888608932495,0.04926731437444687,-0.010998830199241638,-0.023859992623329163,0.03690826892852783,-0.005247041583061218
8.547306060791016e-05,0.022029638290405273,-0.008131951093673706,0.004447311162948608,0.02303415536880493,-0.048696666955947876
0.010180681943893433,0.0018181204795837402,-0.039210736751556396,0.012436777353286743,0.04400980472564697,0.0029173195362091064
-0.0014460384845733643,0.0044641196727752686,-0.0009033828973770142,-0.00096854567527771,0.004326924681663513,-0.002863958477973938
0.0011449456214904785,0.0030188560485839844,-0.0012952685356140137,0.008051067590713501,0.005351752042770386,-0.009500652551651001
-0.13404279947280884,-0.01245337724685669,-0.08412089943885803,-0.07774603366851807,0.09573885798454285,0.05858185887336731
0.013986080884933472,-0.022684931755065918,0.018274784088134766,0.00718352198600769,-0.018610164523124695,0.0033705830574035645
-0.22315488755702972,-0.12328891456127167,0.02939435839653015,0.040749967098236084,0.0987294614315033,0.01985141634941101
-0.03621663153171539,0.03877876698970795,0.04320968687534332,-0.012315481901168823,-0.007231816649436951,-0.028099238872528076
-0.004188328981399536,0.003268599510192871,0.004589676856994629,-0.005373865365982056,0.01598873734474182,0.0036720633506774902
-0.044607728719711304,-0.0038011670112609863,0.004332780838012695,0.03152415156364441,0.012155473232269287,0.00033101439476013184
0.006940960884094238,0.02224290370941162,0.04466548562049866,0.23214668035507202,0.028653472661972046,-0.04357808828353882
0.09548470377922058,0.02900126576423645,-0.024315714836120605,-0.0012012720108032227,-0.03691905736923218,-0.03701585531234741
0.010141104459762573,-0.04717719554901123,0.0072221457958221436,0.025767624378204346,0.04434937238693237,0.02384808659553528
-0.0002696216106414795,0.003196313977241516,0.0033337026834487915,-2.5540590286254883e-05,-0.00022704899311065674,-0.0009569823741912842
-0.053709931671619415,-0.11564935743808746,-0.008649751543998718,0.03360408544540405,0.03401821851730347,0.015440568327903748
0.027764856815338135,-0.0005732476711273193,-0.012809008359909058,-0.0018827319145202637,-0.021332472562789917,0.001969665288925171
-0.1219761073589325,0.0014069080352783203,0.03477555513381958,-0.014708846807479858,0.002159416675567627,-0.002002894878387451
0.0014206841588020325,5.655735731124878e-05,0.002534724771976471,0.0011949166655540466,0.0003132671117782593,-0.0027243420481681824
0.010317385196685791,-0.005894958972930908,0.014810413122177124,-0.0060860514640808105,-0.033980607986450195,0.01597502827644348
0.013377130031585693,0.11447212100028992,-0.026290059089660645,-0.04340016841888428,0.030339837074279785,-0.01524612307548523
-0.0075883567333221436,0.01432010531425476,-0.011739730834960938,-0.0031090974807739258,0.024842500686645508,-0.0025242865085601807
0.013524889945983887,-0.002575993537902832,-0.033227771520614624,0.001003950834274292,-0.001177757978439331,-9.414553642272949e-05
0.09353083372116089,0.13786548376083374,-0.05162891745567322,-0.02309897541999817,-0.005272001028060913,-0.06873726844787598
0.00032532215118408203,-0.03190577030181885,0.014381662011146545,0.011938348412513733,-0.026973694562911987,-0.0007134675979614258
-0.054995402693748474,-0.0765322670340538,-0.07432861626148224,0.04146963357925415,0.07177577912807465,0.004200190305709839
-0.0033052265644073486,0.06374284625053406,0.0004901289939880371,-0.05706608295440674,-0.00603562593460083,-0.003897041082382202
0.022743910551071167,0.022976994514465332,-0.01546218991279602,0.02372416853904724,-0.012304186820983887,-0.023488998413085938
0.037267327308654785,0.07275015115737915,-0.007934331893920898,0.00031107664108276367,-0.011425226926803589,-0.0016344189643859863
0.023777872323989868,-0.037048012018203735,-0.044031351804733276,0.09239980578422546,-0.0074523985385894775,0.0072678327560424805
0.07735326886177063,0.0016376674175262451,0.0012867748737335205,0.0014011859893798828,-0.03263869881629944,0.006235629320144653
-0.008621007204055786,-0.0054943859577178955,0.006005644798278809,-0.0005925744771957397,-0.012821093201637268,0.0025093406438827515
0.11669251322746277,0.1506005823612213,0.004448443651199341,-0.03414490818977356,-0.09106668829917908,0.0013195276260375977
-0.12411493062973022,-0.05426025390625,-0.01267138123512268,0.02263319492340088,0.05342420935630798,0.03419619798660278
-0.08149644732475281,0.003280937671661377,0.012251853942871094,0.0012114942073822021,0.0692753791809082,0.003663986921310425
0.07546891272068024,0.1778026595711708,0.1174314022064209,-0.03835499286651611,-0.039299726486206055,-0.021314263343811035
0.010331414639949799,-0.019871681928634644,0.04446988180279732,-0.018654733896255493,-0.08601011335849762,0.006354689598083496
0.038965433835983276,0.05318698287010193,0.10010391473770142,-0.01763021945953369,-0.030847609043121338,-0.04161965847015381
0.059856563806533813,0.0030678510665893555,-0.03656664490699768,0.046279072761535645,0.09206697344779968,0.0030678510665893555
0.016553718596696854,-0.018107011914253235,0.0025375783443450928,0.05372950900346041,0.0035442784428596497,-0.01591450721025467
0.012057006359100342,0.06707349419593811,0.017122775316238403,-0.04093065857887268,0.001943826675415039,-0.005766361951828003
0.0038155093789100647,0.0016819089651107788,0.0030920803546905518,-0.0025034546852111816,-0.009631380438804626,0.0056509822607040405
-0.0025450289249420166,-0.00014753639698028564,-0.007078573107719421,0.015838250517845154,0.006509557366371155,-0.03087957203388214
-0.03986644744873047,-0.041322529315948486,0.029589831829071045,-0.08067172765731812,-0.005363106727600098,0.04608559608459473
0.001070946455001831,-0.03415343165397644,-0.008827239274978638,0.002837628126144409,0.05159732699394226,0.035863518714904785
0.0014924705028533936,-0.0026958882808685303,0.00966593623161316,0.0009747445583343506,-0.006314665079116821,0.00023040175437927246
0.004153609275817871,0.0009555220603942871,0.007222354412078857,0.004474222660064697,0.005409121513366699,0.015688300132751465
0.0065649449825286865,-0.010275959968566895,-0.011085659265518188,0.010547906160354614,0.010799884796142578,0.005599766969680786
-0.006120592355728149,-0.023901641368865967,-0.022348999977111816,0.03077709674835205,0.026602476835250854,-0.004819780588150024
0.030529111623764038,-0.017620325088500977,-0.033747732639312744,0.013995826244354248,-0.016978830099105835,-0.006705790758132935
0.006729334592819214,-0.08756205439567566,-0.04047897458076477,-0.0044283270835876465,0.01396191120147705,0.01228863000869751
0.0018296688795089722,-0.1509283483028412,-0.024543121457099915,0.05312080681324005,0.0136900395154953,0.0885651558637619
-0.09833148121833801,-0.07682356238365173,-0.09953421354293823,0.02884089946746826,0.015128791332244873,0.044474780559539795
0.0005548857152462006,-0.11412753164768219,0.003713201731443405,0.047984033823013306,0.11547045409679413,0.0732189267873764
-0.06118842959403992,-0.09259018301963806,0.03377524018287659,0.05576196312904358,0.018506556749343872,-0.0010640919208526611
-0.010397911071777344,0.00024703145027160645,0.01673063635826111,-0.03806912899017334,-0.01820194721221924,0.02149873971939087
0.019630998373031616,-0.06219986081123352,-0.0433633029460907,-0.01997065544128418,0.014949560165405273,0.0798926055431366
-0.007761433720588684,-0.004418071359395981,0.008938487619161606,-0.023785531520843506,-0.020415350794792175,0.013918189331889153
0.0035943984985351562,0.004858732223510742,0.006280779838562012,0.010011017322540283,0.022616446018218994,-0.002776920795440674
0.003901273012161255,0.116482675075531,3.972649574279785e-05,-0.07277783751487732,-0.03301069140434265,-0.125986248254776
-0.011577188968658447,0.0018236935138702393,-0.01191064715385437,-0.011094450950622559,0.0025621354579925537,-0.002534925937652588
-0.01899242401123047,0.0017324090003967285,0.01772555708885193,-0.05226299166679382,0.006913036108016968,0.04135206341743469
-0.008386492729187012,-0.10138097405433655,-0.003819108009338379,0.11721935868263245,0.02162739634513855,0.04670003056526184
-0.12355446815490723,-0.07236209511756897,0.03640952706336975,0.10169067978858948,0.11980757117271423,-0.021250486373901367
0.005035817623138428,-0.007811695337295532,-0.007327020168304443,0.010160654783248901,-0.019801408052444458,-0.00987619161605835
-0.017589807510375977,0.03431063890457153,0.03200089931488037,0.02124154567718506,-0.011922597885131836,-0.024607598781585693
0.002770066261291504,0.019157469272613525,-0.003588169813156128,-0.006591975688934326,-0.019295111298561096,-0.02436108887195587
-0.030765384435653687,-0.044988811016082764,0.0439186692237854,0.03988814353942871,-0.1102210283279419,0.04167187213897705
0.08236771821975708,0.10575851798057556,-0.03262513875961304,-0.0226973295211792,-0.04749053716659546,-0.005855977535247803
0.00897151231765747,0.009525418281555176,-0.0063669681549072266,-0.01608431339263916,-0.02594280242919922,0.01109856367111206
0.02552211284637451,0.08718568086624146,0.11691546440124512,0.0207597017288208,0.014941930770874023,-0.028134524822235107
-4.231929779052734e-06,0.06552493572235107,-0.00010120868682861328,-0.019593119621276855,0.00484389066696167,-0.020607829093933105
-0.0030050277709960938,-0.03116917610168457,-0.014417260885238647,-0.07204070687294006,0.025927364826202393,0.0663556456565857
-0.01319652795791626,-0.039662063121795654,-0.007525444030761719,0.04444617033004761,0.04730570316314697,-0.0021271705627441406
0.005664050579071045,0.012045115232467651,-0.0069963932037353516,0.06753936409950256,0.07838132977485657,-0.03972068428993225
-0.013832628726959229,0.010274380445480347,0.008785158395767212,0.01298031210899353,0.008247733116149902,-0.007066011428833008
0.09024956822395325,0.07164266705513,-0.04596424102783203,-0.006567478179931641,-0.058155179023742676,-0.0968705415725708
0.0006453245878219604,-0.022749409079551697,0.00678841769695282,0.05694921314716339,-0.011172786355018616,-0.015057787299156189
-0.0016412734985351562,0.046194255352020264,-0.014377713203430176,0.0006948709487915039,-0.009106814861297607,-0.047004640102386475
0.09958755970001221,-0.0033148527145385742,-0.11412602663040161,0.024240970611572266,-0.004644870758056641,-0.00012475252151489258
-0.01285514235496521,0.0340057909488678,-0.010457754135131836,-0.009499311447143555,-0.011732250452041626,-0.04649245738983154
0.025811821222305298,-0.015239357948303223,-0.039844512939453125,0.018113821744918823,0.006860941648483276,0.021535217761993408
0.006273694336414337,-0.005204252898693085,-0.04527946934103966,0.018234841525554657,0.021036647260189056,-0.01241140067577362
0.2351030707359314,0.4472925662994385,0.42010176181793213,0.48257386684417725,0.5559816658496857
-0.03763154149055481,0.030178993940353394,-0.01422765851020813,-0.05995038151741028,0.09437872469425201,0.00024953484535217285
0.006089061498641968,-0.026532739400863647,0.005529075860977173,0.021714866161346436,-0.02144572138786316,0.0029164552688598633
0.008581340312957764,-0.011268675327301025,-0.016781538724899292,0.03928560018539429,-0.0026478469371795654,-0.04780206084251404
0.10123807191848755,0.03190964460372925,-0.03959536552429199,-0.002523064613342285,-0.1430889368057251,0.012020468711853027
-0.03718891739845276,-0.14991489052772522,0.031247109174728394,0.016037970781326294,0.03380027413368225,0.024403482675552368
-0.0077454447746276855,-0.013180196285247803,0.001126110553741455,0.0026273727416992188,-0.05601984262466431,0.004169940948486328
-0.06427639722824097,-0.029965579509735107,0.09906244277954102,0.00871741771697998,0.037516653537750244,0.005186855792999268
-0.0026653409004211426,-0.0057395100593566895,0.027347803115844727,0.025001943111419678,-0.015649497509002686,-0.01721644401550293
-0.004967987537384033,-0.012398719787597656,-0.015628695487976074,-0.010064125061035156,-0.03830599784851074,0.014859914779663086
-0.004919588565826416,-0.017197728157043457,-0.06255656480789185,-0.0419805645942688,-0.0396808385848999,0.017576515674591064
-0.057806313037872314,0.00033169984817504883,4.7266483306884766e-05,0.01077038049697876,0.01389777660369873,-0.018321335315704346
-0.0016984939575195312,-0.0008754730224609375,-0.024598687887191772,0.008648574352264404,0.024168789386749268,-0.015693336725234985
0.011294066905975342,-0.02867347002029419,-0.0071784257888793945,-0.029701292514801025,-0.008456230163574219,0.04251176118850708
-0.006698429584503174,0.08424663543701172,0.01674497127532959,-0.05203050374984741,0.01235508918762207,-0.049506306648254395
0.036599576473236084,-0.010740697383880615,0.03285789489746094,0.12059411406517029,-0.06690120697021484,-0.0069890618324279785
0.12984727323055267,0.04579506814479828,-0.04081445932388306,0.0008491575717926025,-0.01819559931755066,0.025400906801223755
-0.057276636362075806,0.0006799697875976562,0.048990845680236816,0.05432087182998657,0.008224010467529297,-0.035742491483688354
-0.014553248882293701,0.000938117504119873,-0.003018677234649658,-0.003652215003967285,-0.014211952686309814,0.004260659217834473
0.02761504054069519,-0.028200149536132812,-0.049159497022628784,0.022372961044311523,-0.046998947858810425,-0.02884480357170105
0.004417449235916138,-0.01550552248954773,0.014777213335037231,5.8025121688842773e-05,-0.0052017271518707275,0.022807419300079346
-0.0013653934001922607,0.0006279647350311279,-0.008106052875518799,-0.0009457170963287354,0.00396767258644104,-0.004251405596733093
-0.02928227186203003,-0.005108058452606201,-0.026976287364959717,-0.2336433231830597,-0.025890052318572998,0.0741126537322998
-0.05987519025802612,-0.05087101459503174,-0.05362260341644287,-0.0461389422416687,-0.036170899868011475,0.008653819561004639
-0.09826374053955078,-0.03294855356216431,-0.01275414228439331,-0.03578460216522217,0.058778345584869385,0.0553663969039917
-0.04457366466522217,-0.05087536573410034,0.05949592590332031,0.017795860767364502,0.0764007568359375,0.051672935485839844
0.011603951454162598,0.005133688449859619,0.009635180234909058,-0.003841012716293335,-0.018504291772842407,0.010139167308807373
0.010937631130218506,-0.03274494409561157,0.03505361080169678,0.021969974040985107,0.0030829310417175293,-0.016807198524475098
-0.09663784503936768,0.014343082904815674,0.0016964077949523926,-0.025941550731658936,0.014369964599609375,0.014799952507019043
-0.06838458776473999,-0.06512480974197388,-0.08099371194839478,-0.03608888387680054,0.0461122989654541,0.045140624046325684
-0.011380434036254883,0.13129860162734985,0.11887997388839722,-0.018080949783325195,-0.013649702072143555,-0.024749040603637695
0.015610933303833008,0.005898654460906982,0.06751024723052979,0.05474954843521118,0.031217575073242188,-0.009873032569885254
0.031321167945861816,0.14353838562965393,-0.01646435260772705,0.011165082454681396,-0.007269620895385742,-0.06701141595840454
0.0023125112056732178,0.0037380605936050415,-0.009752422571182251,-0.008348003029823303,-0.017808467149734497,-0.009589463472366333
0.018011346459388733,0.006444796919822693,0.0037019550800323486,0.035295724868774414,0.08451099693775177,0.02635766565799713
0.0015442371368408203,0.01024395227432251,-0.1305297613143921,-0.008527040481567383,0.018692076206207275,-0.006720364093780518
-0.03233915567398071,0.04554951190948486,0.03868532180786133,-0.03578352928161621,0.00574946403503418,-0.04040628671646118
0.11807191371917725,0.047465622425079346,-0.12773042917251587,0.0077811479568481445,-0.08520692586898804,-0.02513599395751953
-0.026184409856796265,0.0167829692363739,0.06260791420936584,-0.03707623481750488,-0.007370024919509888,0.010341823101043701
-0.19508832693099976,-0.25621020793914795,-0.178699791431427,-0.20246559381484985,-0.07630765438079834,-0.13599252700805664
0.003423333168029785,-0.004269838333129883,-0.004689037799835205,0.005491197109222412,0.0011137723922729492,-0.0033167004585266113
-0.002656906843185425,-0.026768028736114502,0.015690267086029053,-0.0031221508979797363,-0.060907840728759766,0.016600698232650757
-0.08351653814315796,0.04784688353538513,-0.004495114088058472,-0.046120136976242065,0.0283794105052948,0.002092510461807251
-0.010949492454528809,-0.010850131511688232,-0.08456695079803467,-0.0056231021881103516,-0.012094438076019287,0.013405978679656982
-0.0037629008293151855,0.004456281661987305,-0.02940651774406433,0.011115491390228271,0.05309110879898071,-0.006915628910064697
0.04030454158782959,-0.02021801471710205,-0.02192002534866333,0.04530513286590576,-0.0013693571090698242,-0.013078689575195312
0.00267791748046875,-0.0046669840812683105,-0.005799412727355957,0.004988133907318115,0.0070230960845947266,-0.00692373514175415
0.09969824552536011,0.02708137035369873,-0.02382493019104004,0.07150375843048096,-0.052609026432037354,0.0022377371788024902
0.059538841247558594,0.05986529588699341,0.0030891895294189453,-0.03145116567611694,-0.03220999240875244,-0.01787930727005005
-0.002550780773162842,0.02429407835006714,-0.00653153657913208,-0.03728044033050537,0.012348949909210205,-0.028038442134857178
-0.010819673538208008,-0.014033734798431396,-0.03634846210479736,0.007967948913574219,-0.014203429222106934,-0.0442502498626709
0.0004132986068725586,0.03094273805618286,0.01258319616317749,-0.05559742450714111,0.05475902557373047,-0.01909923553466797
-0.011173903942108154,0.022671878337860107,0.0340501070022583,-0.027253031730651855,0.016819417476654053,0.0009063482284545898
0.0254020094871521,0.12146550416946411,-0.015288293361663818,0.025745153427124023,-0.0009215474128723145,-0.042367517948150635
-0.044796526432037354,-0.012291312217712402,-0.005394041538238525,-0.012922227382659912,0.03926199674606323,-0.0031737685203552246
-0.04664367437362671,-0.01844930648803711,0.019524753093719482,-0.009461045265197754,-0.021501481533050537,0.024927616119384766
-0.029440999031066895,-0.022683680057525635,0.010492146015167236,0.004236042499542236,-0.0008729100227355957,-0.0035620927810668945
0.05212736129760742,0.037469327449798584,0.014027595520019531,0.02840399742126465,-0.0058249831199646,-0.014718115329742432
0.04039186239242554,-0.020201563835144043,-0.048144638538360596,0.000886380672454834,-0.05198991298675537,0.010981202125549316
0.03789037466049194,0.054433345794677734,-0.016919434070587158,-0.007826745510101318,-0.06861376762390137,-0.03582721948623657
-0.026058197021484375,0.010219275951385498,0.06991547346115112,0.11064058542251587,0.0767781138420105,-0.0322033166885376
-0.0707358717918396,-0.06477594375610352,-0.05851346254348755,0.02038782835006714,-0.052358806133270264,0.0027193427085876465
0.11120963096618652,0.05439728498458862,-0.015561997890472412,0.01623392105102539,-0.03648781776428223,-0.03038126230239868
0.00034874677658081055,-0.001904606819152832,0.04031860828399658,-0.0020657777786254883,-0.04133814573287964,0.009390771389007568
0.03446853160858154,-0.005888760089874268,-0.02595287561416626,0.006435692310333252,-0.02093648910522461,-0.013116419315338135
-0.09494966268539429,-0.13168996572494507,0.04481041431427002,0.0789484977722168,0.008589208126068115,0.0013027191162109375
0.002164781093597412,0.01828664541244507,-0.012235879898071289,-0.01268613338470459,-0.03483867645263672,0.01828664541244507
0.048927366733551025,0.02958017587661743,-0.010716378688812256,-0.15835189819335938,0.028318822383880615,0.00499039888381958
-0.07662266492843628,-0.06179666519165039,0.060526371002197266,0.044650256633758545,0.021069645881652832,-0.011444091796875
0.007705271244049072,0.03093963861465454,0.06755572557449341,0.06440657377243042,-0.04548531770706177,-0.0638236403465271
0.024529218673706055,0.15256857872009277,0.05605059862136841,0.07554489374160767,0.010189652442932129,-0.035908281803131104
-0.02423042058944702,0.027916789054870605,-0.026856839656829834,-0.016922593116760254,-0.05864936113357544,0.0030704140663146973
-0.04533141851425171,-0.05092424154281616,0.08971148729324341,0.09046381711959839,0.007079958915710449,-0.027729809284210205
-0.018998026847839355,-0.0297890305519104,-0.06998348236083984,-0.029933035373687744,-0.07441717386245728,0.009493589401245117
-0.1015734076499939,-0.2051393985748291,-0.09587496519088745,0.067141592502594,-0.018853425979614258,0.043900370597839355
-0.07610052824020386,-0.11623114347457886,-0.0036475658416748047,-0.00965040922164917,0.022091925144195557,0.006015479564666748
-0.005753517150878906,0.08571380376815796,-0.056288719177246094,0.008087337017059326,-0.03960072994232178,-0.02003633975982666
0.11583364009857178,0.016128242015838623,0.10812127590179443,-0.04734361171722412,-0.02633267641067505,0.0071697235107421875
-0.054259657859802246,-0.014344096183776855,0.013828396797180176,0.03458869457244873,0.010070443153381348,-0.006060600280761719
-0.027942895889282227,0.01644003391265869,0.07140803337097168,-0.005463600158691406,-0.027840256690979004,-0.019262313842773438
-0.17275738716125488,-0.04352027177810669,-0.02365434169769287,-0.057594239711761475,0.005292296409606934,0.006044983863830566
0.0379982590675354,0.10498803853988647,0.01812267303466797,-0.0012831687927246094,-0.005317270755767822,-0.01716136932373047
-0.010443270206451416,-0.047869861125946045,-0.12317246198654175,0.0011464953422546387,-0.01825922727584839,0.011389613151550293
-0.04119342565536499,-0.022955477237701416,0.09188544750213623,0.03741586208343506,0.008528947830200195,0.03241896629333496
-0.03650772571563721,-0.021099567413330078,0.03529024124145508,0.04625338315963745,0.06137281656265259,-0.011087477207183838
0.09331667423248291,0.06813114881515503,0.01795440912246704,-0.0065604448318481445,0.07642513513565063,-0.005268514156341553
-0.019249796867370605,-0.024397194385528564,-0.06073349714279175,-0.07913941144943237,0.04547053575515747,0.0202675461769104
-0.0060005784034729,-0.009913504123687744,0.03462165594100952,0.010791599750518799,0.006682753562927246,-0.000659942626953125
-0.009882152080535889,0.013680994510650635,-0.0431063175201416,0.018885672092437744,0.020940780639648438,-0.0013962388038635254
-0.20475327968597412,-0.12933272123336792,0.03665626049041748,-0.06737315654754639,0.0406307578086853,0.03751182556152344
-0.09090399742126465,-0.07780665159225464,-0.002343893051147461,-0.001409769058227539,-0.01616436243057251,0.013840198516845703
-0.06495243310928345,-0.025784850120544434,-0.01005023717880249,-0.015398800373077393,0.0009959936141967773,-0.0024477243423461914
-0.008062541484832764,-0.06878411769866943,-0.0013470053672790527,0.022887229919433594,0.004051685333251953,0.0012187361717224121
0.012055277824401855,0.032504916191101074,-0.047316014766693115,-0.05793273448944092,-0.055606722831726074,0.0041013360023498535
0.06121915578842163,0.08961975574493408,-0.07270067930221558,-0.017840683460235596,-0.00047510862350463867,-0.047086477279663086
-0.022912681102752686,0.012408316135406494,-0.033235788345336914,0.002931952476501465,0.046546876430511475,0.006865859031677246
-0.03381705284118652,-0.023899316787719727,-0.06799280643463135,-0.02843254804611206,0.013187766075134277,0.008894205093383789
-0.1779661774635315,-0.009898483753204346,-0.010249853134155273,0.0025020241737365723,-0.04001152515411377,0.0003336668014526367
-0.19462090730667114,-0.07140141725540161,0.0018162131309509277,-0.07173466682434082,0.006977856159210205,-0.0012018680572509766
-0.012978613376617432,-0.005570888519287109,0.031931281089782715,-0.03423517942428589,-0.05845522880554199,0.0004755854606628418
0.03625065088272095,0.03486812114715576,-0.0004944801330566406,0.019059419631958008,0.011251866817474365,-0.0030611753463745117
0.06828814744949341,0.03776651620864868,0.21165859699249268,0.1866193413734436,-0.013099372386932373,-0.033020734786987305
0.022703826427459717,0.08244556188583374,0.018834829330444336,0.026302993297576904,0.0019466876983642578,-0.007691860198974609
0.012874722480773926,-0.005922079086303711,0.08937400579452515,-0.008421480655670166,-0.014013588428497314,0.004224419593811035
0.007363736629486084,0.007059872150421143,-0.05507528781890869,0.016361653804779053,-0.0270271897315979,0.002027273178100586
-0.06947821378707886,-0.1383577585220337,-0.07235485315322876,-0.08020800352096558,-0.04482913017272949,-0.1164429783821106
0.021886885166168213,0.019961833953857422,0.030536770820617676,0.004290401935577393,0.016987502574920654,-0.0019063949584960938
-0.041668593883514404,0.0028516650199890137,-0.023720622062683105,-0.01878821849822998,-0.053328752517700195,0.004451274871826172
0.06313639879226685,0.14139795303344727,0.10807985067367554,0.07397729158401489,0.06485885381698608,-0.006935417652130127
0.02719670534133911,-0.02059340476989746,-0.027636229991912842,-0.022234857082366943,-0.013753354549407959,0.011258065700531006
-0.013373196125030518,-0.003851652145385742,0.027083396911621094,-0.06688302755355835,-0.01002204418182373,0.015365958213806152
-0.00020372867584228516,0.056853532791137695,0.017435014247894287,-0.022228717803955078,-0.0005539059638977051,-0.0031215548515319824
-0.19025343656539917,-0.10558450222015381,-0.03471231460571289,0.012437701225280762,0.02882969379425049,-0.011620759963989258
-0.01647639274597168,0.09018158912658691,0.006552994251251221,-0.09495401382446289,-0.0918278694152832,-0.10956299304962158
0.04020291566848755,-0.024974942207336426,-0.00504070520401001,-0.06596624851226807,-0.032432615756988525,0.0222550630569458
-0.0516093373298645,0.012357056140899658,0.010131239891052246,-0.017920494079589844,-0.07637161016464233,0.004783809185028076
0.0023397207260131836,-0.026664793491363525,-0.0016114115715026855,-0.008982181549072266,0.006228983402252197,0.001640021800994873
0.05751144886016846,0.019109606742858887,0.012163400650024414,-0.04578524827957153,-0.045774996280670166,-0.03931957483291626
0.05403339862823486,0.05058985948562622,0.019378483295440674,-0.010190606117248535,0.05822545289993286,-0.017475903034210205
0.002447068691253662,-0.031835854053497314,-0.043478190898895264,-0.000733494758605957,0.02419668436050415,0.0005168318748474121
-0.02895355224609375,-0.0178067684173584,-0.0016739964485168457,0.0020309090614318848,0.007547855377197266,-0.00038993358612060547
0.03807741403579712,-0.00930720567703247,0.00315701961517334,0.028762519359588623,-0.02059757709503174,0.0036816000938415527
-0.027740836143493652,0.0214882493019104,0.03962522745132446,0.041792213916778564,-0.02965092658996582,0.007372438907623291
0.03653609752655029,0.082145094871521,0.020761847496032715,-0.02696913480758667,-0.004797399044036865,-0.008891701698303223
-0.019993126392364502,-0.06623631715774536,-0.04787379503250122,9.107589721679688e-05,-0.05604201555252075,0.004476428031921387
-0.0034449100494384766,-0.03691565990447998,-0.01522153615951538,-0.0013353228569030762,0.024711549282073975,0.016582489013671875
-0.08216428756713867,-0.03635537624359131,0.0014233589172363281,-0.034443795680999756,0.0389823317527771,0.010365962982177734
0.04980570077896118,0.06413543224334717,-0.006610870361328125,0.014337599277496338,-0.01061159372329712,-0.0002754330635070801
0.00845557451248169,-0.007669329643249512,-0.016964435577392578,0.02816110849380493,-0.0530819296836853,-0.009104490280151367
-0.007748544216156006,0.003777921199798584,-0.006602227687835693,0.03717464208602905,0.018865764141082764,-0.000852048397064209
0.012317001819610596,0.0251312255859375,0.01935809850692749,0.019976377487182617,-0.0009625554084777832,-0.0032871365547180176
0.019168436527252197,-0.006073296070098877,-0.014986693859100342,-0.04352647066116333,-0.02310335636138916,0.006140351295471191
-0.01990830898284912,-0.11133289337158203,-0.07415729761123657,0.01624894142150879,-0.013685107231140137,0.005454540252685547
0.022441327571868896,0.0327567458152771,0.018355965614318848,0.0061348676681518555,-0.005321621894836426,-0.0008589029312133789
0.0015110373497009277,-0.041644155979156494,-0.0015134215354919434,-0.021390020847320557,-0.013276398181915283,0.01621323823928833
-0.00591123104095459,0.007134497165679932,0.0232965350151062,0.009777367115020752,0.005459845066070557,-0.00012105703353881836
0.017971813678741455,0.04415649175643921,0.06009829044342041,-0.02938365936279297,-0.058744609355926514,-0.011652231216430664
-0.019842088222503662,-0.019424021244049072,-0.10794049501419067,-0.0033876895904541016,0.05402517318725586,0.0023763179779052734
0.08007341623306274,0.032558560371398926,-0.0049893856048583984,-0.0010832548141479492,0.026427626609802246,-0.0005145668983459473
-0.003799915313720703,-0.006380438804626465,0.04160243272781372,0.03359788656234741,0.011224210262298584,-0.002366483211517334
0.004004478454589844,-0.01286846399307251,-0.0030778050422668457,-0.028071939945220947,-0.0393681526184082,0.002595961093902588
-0.05354130268096924,0.007181107997894287,0.02932530641555786,-0.019679009914398193,0.022743165493011475,0.0035254359245300293
0.03920561075210571,0.03347557783126831,0.018519580364227295,0.0341571569442749,0.0048958659172058105,-0.0009062290191650391
-0.04873692989349365,0.031148970127105713,0.03030705451965332,0.004986763000488281,-0.00462263822555542,0.08560103178024292
-0.027898848056793213,-0.04415053129196167,0.013525247573852539,-0.02525031566619873,-0.03193008899688721,0.053109049797058105
0.07677000761032104,0.0024576783180236816,-0.004841506481170654,-0.022996068000793457,-0.020479679107666016,0.006722450256347656
-0.00799494981765747,-0.02420186996459961,-0.05917841196060181,-0.009290993213653564,0.007974505424499512,0.012495815753936768
-0.046438395977020264,-0.007563233375549316,0.01882302761077881,0.004209399223327637,0.03818023204803467,-0.002342402935028076
0.0972486138343811,0.06021326780319214,0.014780223369598389,0.009195506572723389,0.013737022876739502,0.0005924701690673828
0.10139709711074829,-0.007108509540557861,-0.008771538734436035,-0.0151023268699646,-0.017057478427886963,0.0011443495750427246
-0.07507163286209106,-0.026316583156585693,-0.06961721181869507,-0.036517441272735596,-0.0030582547187805176,0.0010319352149963379
-0.0015224814414978027,-0.05520510673522949,0.01625114679336548,0.018668532371520996,-0.023613929748535156,0.004948735237121582
0.02499169111251831,0.0033809542655944824,0.015369117259979248,0.01458817720413208,-0.0013751387596130371,-0.002180755138397217
0.10082226991653442,0.0697556734085083,0.037412047386169434,0.006243407726287842,0.01914680004119873,-0.005834460258483887
0.029662013053894043,0.02765631675720215,0.004361450672149658,0.008052468299865723,0.015365660190582275,-0.0015523433685302734
-0.006650567054748535,0.008050978183746338,-0.02416849136352539,-0.016552627086639404,-0.012065529823303223,0.003983259201049805
0.018249988555908203,0.03770720958709717,0.07126575708389282,0.01715874671936035,-0.0026640892028808594,0.0007015466690063477
0.03880268335342407,-0.003204047679901123,0.0019417405128479004,-0.012054860591888428,-0.0126991868019104,0.0008974075317382812
0.034001052379608154,0.03401792049407959,0.016287147998809814,-0.005881845951080322,-0.000245511531829834,-0.0012359619140625
0.05558246374130249,0.014767587184906006,0.005493342876434326,0.006705105304718018,0.014750301837921143,0.011452019214630127
0.05301320552825928,0.054831504821777344,0.034909188747406006,0.13187432289123535,0.1329284906387329,0.04364168643951416
-0.0116349458694458,0.04441964626312256,0.060008108615875244,-0.0016745924949645996,-0.013691425323486328,-0.010651588439941406
0.04093879461288452,-0.01566988229751587,0.027415573596954346,-0.011550664901733398,0.01966029405593872,-0.0013366937637329102
0.043584585189819336,0.01523733139038086,-0.005320370197296143,0.0038210153579711914,0.006724119186401367,-9.59634780883789e-05
0.02727121114730835,0.027296364307403564,0.02133113145828247,0.021615326404571533
-0.002019524574279785,2.7298927307128906e-05,-0.007806897163391113,0.005391061305999756,0.0030995607376098633,3.30805778503418e-05
-0.030786216259002686,-0.0034896135330200195,-0.055258095264434814,-0.03015834093093872,-0.018323183059692383,0.0016077756881713867
0.042006075382232666,0.04911994934082031,0.10835880041122437,0.0429917573928833,-0.012185931205749512,-0.0002702474594116211
-0.027969002723693848,-0.051587045192718506,-0.018186569213867188,-0.005468130111694336,-3.612041473388672e-05,0.001157999038696289
0.035764336585998535,0.024042963981628418,0.01548302173614502,0.0074111223220825195,0.011803507804870605,-0.0001074671745300293
0.0036848783493041992,0.048286378383636475,0.030583560466766357,0.004418373107910156,0.006859481334686279,-0.0027640461921691895
-0.0653262734413147,-0.04411548376083374,0.011842489242553711,0.0036995410919189453,0.02166217565536499,-0.004947662353515625
0.030997812747955322,0.02502542734146118,-0.00950002670288086,-0.00038760900497436523,-0.005793154239654541,-0.002191603183746338
-0.0011946558952331543,-0.007190287113189697,0.005940735340118408,0.012888491153717041,0.02017158269882202,0.0004646778106689453
0.010262906551361084,-0.00455784797668457,0.02044975757598877,-0.00924009084701538,0.012603819370269775,0.0007555484771728516
0.027804553508758545,0.031763315200805664,0.08405429124832153,0.023071229457855225,0.0006417632102966309,-0.0018992424011230469
0.005760133266448975,0.010825514793395996,0.009880661964416504,0.0035924911499023438,0.018118321895599365,-0.00037229061126708984
0.0020905733108520508,0.002410411834716797,0.0008333921432495117,-0.0016874074935913086,0.0022109150886535645,-1.0907649993896484e-05
0.021800637245178223,0.007759749889373779,-0.011755049228668213,0.028537392616271973,-0.0038643479347229004,-0.0008661746978759766
0.08249348402023315,0.037028372287750244,0.010347306728363037,-0.007141470909118652,0.018167555332183838,0.0006875991821289062
0.041674256324768066,0.03307396173477173,0.02520662546157837,-0.008419036865234375,-0.004587233066558838,-0.0031353235244750977
-0.006955087184906006,-0.014077603816986084,-0.012994050979614258,0.005451202392578125,0.014918625354766846,0.0010518431663513184
-0.012530207633972168,-0.03430444002151489,-0.019183695316314697,-0.009927093982696533,0.005238533020019531,0.0026459693908691406
-0.013453781604766846,-0.015485167503356934,0.01796114444732666,0.004050314426422119,-0.025323092937469482,0.006122410297393799
0.007123887538909912,0.057137131690979004,0.07006752490997314,0.011674463748931885,0.017118513584136963,-0.0008200407028198242
0.008633315563201904,0.043560802936553955,0.06847625970840454,0.009285569190979004,-0.004764974117279053,-0.006503045558929443
-0.025805950164794922,-0.06647789478302002,-0.0031753182411193848,-0.0031942129135131836,0.0153389573097229,0.008486568927764893
0.04393810033798218,0.017091035842895508,0.04339027404785156,0.029417455196380615,0.023573338985443115,-0.002007722854614258
0.046238720417022705,0.005012929439544678,0.005924642086029053,-0.0005908012390136719,-0.0031427741050720215,0.000277101993560791
-0.016636967658996582,-0.011094093322753906,-0.002202153205871582,-0.014035701751708984,0.0030315518379211426,0.003838956356048584
0.009713709354400635,0.01445847749710083,0.018533408641815186,0.011743009090423584,0.01870781183242798,-0.001569986343383789
0.01702868938446045,0.01840531826019287,0.005378067493438721,-0.0020524263381958008,0.010536015033721924,-8.487701416015625e-05
-0.005734682083129883,-0.002844870090484619,-0.010861337184906006,-0.0010477304458618164,-0.0030969977378845215,5.543231964111328e-06
-0.010749459266662598,-0.01473158597946167,-0.0021817684173583984,0.0043520331382751465,-0.011055588722229004,7.11679458618164e-05
0.00884389877319336,-0.004903733730316162,0.005884647369384766,-0.005999505519866943,-0.01618856191635132,0.0009597539901733398
0.004141688346862793,-0.004900932312011719,-0.02421283721923828,-0.023668229579925537,0.004189550876617432,-0.016429603099822998
0.001016080379486084,0.01605743169784546,0.00984865427017212,0.003230571746826172,0.029127836227416992,-0.0012142062187194824
0.006610214710235596,0.0197141170501709,0.006883203983306885,0.014247357845306396,0.022853434085845947,-0.0006427168846130371
-0.0009306669235229492,-0.0006767511367797852,0.0009717345237731934,0.0002714395523071289,0.0010764598846435547,-1.2993812561035156e-05
0.05959451198577881,0.05019664764404297,0.019860804080963135,0.009210169315338135,0.0011432170867919922,-0.0007628202438354492
0.032489657402038574,-0.00535428524017334,0.0204046368598938,0.009021520614624023,0.007667064666748047,-0.000655055046081543
0.028364717960357666,0.007314324378967285,0.028990507125854492,0.06919074058532715,0.02546215057373047
0.0017117857933044434,-0.025093257427215576,-0.03019040822982788,-0.004597008228302002,0.003285229206085205,0.0016346573829650879
-0.014960050582885742,-0.013523578643798828,0.0012465119361877441,0.005046427249908447,0.0037667155265808105,8.51750373840332e-05
0.010302245616912842,0.04335308074951172,0.025681734085083008,0.00814884901046753,0.01042640209197998,-0.0006374716758728027
-0.0008496642112731934,-0.013251781463623047,-0.017229139804840088,0.005556702613830566,-0.017793655395507812,0.005921602249145508
0.020884215831756592,0.03679090738296509,0.014586865901947021,0.0022083520889282227,0.03150981664657593,-0.0017434954643249512
0.004334807395935059,-0.009000182151794434,-0.00027424097061157227,-0.00885695219039917,0.0048506855964660645,0.0010541677474975586
-0.017314493656158447,0.001273810863494873,-0.00997251272201538,-0.002468883991241455,-0.012572288513183594,7.94529914855957e-05
0.0082893967628479,-0.007462024688720703,-0.012941956520080566,0.0008143782615661621,0.00378340482711792,-0.004445850849151611
-0.011242866516113281,0.006499588489532471,0.014249086380004883,-0.007260382175445557,-0.00710982084274292,-0.0006263852119445801
0.010434627532958984,0.006095528602600098,0.0186007022857666,-0.0026154518127441406,-0.0018889307975769043,-0.0013193488121032715
0.009322285652160645,0.0056424736976623535,0.0027962923049926758,0.008006632328033447,0.005686938762664795,-0.00013071298599243164
-0.015440225601196289,-0.022313356399536133,-0.01403898000717163,-0.001925051212310791,0.004050731658935547,-0.00019419193267822266
0.017050862312316895,0.002123534679412842,0.0033724308013916016,-0.001501321792602539,-0.005394101142883301,3.784894943237305e-05
0.01639479398727417,-0.007424294948577881,-0.008137941360473633,-0.008141517639160156,0.006419122219085693,-0.0048899054527282715
0.02067631483078003,0.01495826244354248,0.022842586040496826,0.0030153989791870117,0.011126518249511719,-0.001233816146850586
0.010402977466583252,0.009824395179748535,0.01831144094467163,-0.009873151779174805,-0.013542652130126953,-0.0016708970069885254
0.062233686447143555,0.05050647258758545,-0.003007173538208008,-0.0031898021697998047,0.004373431205749512,0.0018472075462341309
0.047767698764801025,0.00450056791305542,0.0007560253143310547,0.0015243887901306152,0.0060266852378845215,0.0008936524391174316
-0.014913439750671387,-0.03211843967437744,-0.010159730911254883,-0.005945563316345215,0.002569854259490967,0.0005187392234802246
-0.018461108207702637,-0.006371855735778809,-0.004252731800079346,0.0018895864486694336,-0.009141862392425537,0.00021976232528686523
0.009819388389587402,0.002629399299621582,-0.0003581047058105469,-0.009537339210510254,-0.009067177772521973,-0.004977405071258545
-0.04384845495223999,-0.038269758224487305,-0.008203387260437012,-0.009550213813781738,0.0019436478614807129,0.0051923394203186035
-0.0052130818367004395,-0.013347625732421875,-0.0036298632621765137,-0.002526581287384033,0.0012943148612976074,0.0007993578910827637
0.03406655788421631,0.014328300952911377,0.019072771072387695,-0.0003777742385864258,0.0066571831703186035,3.6776065826416016e-05
0.016588032245635986,0.014801025390625,0.0054045915603637695,-0.0007625818252563477,0.0058560967445373535,-5.930662155151367e-05
-0.006033837795257568,0.0001779794692993164,-0.004424929618835449,-0.0006415843963623047,-0.005468487739562988,7.867813110351562e-06
0.009672462940216064,0.004079580307006836,0.0009262561798095703,0.0001327991485595703,5.1140785217285156e-05,-2.8014183044433594e-06
-0.030028045177459717,-0.005151331424713135,-0.023572862148284912,-0.0007450580596923828,-0.0067999958992004395,0.0014018416404724121
0.00825190544128418,0.010087966918945312,0.004895150661468506,0.002416551113128662,0.011800646781921387,-0.00013315677642822266
-0.001851201057434082,0.00020456314086914062,-0.00666123628616333,0.0019260048866271973,0.00038623809814453125,-1.519918441772461e-05
-0.019751787185668945,-0.03803533315658569,-0.024641096591949463,-0.013441741466522217,-0.0044106245040893555,0.0036371350288391113
0.0030870437622070312,0.004922389984130859,-0.020884275436401367,-0.0023810267448425293,-0.01920992136001587,-0.005274772644042969
0.01631617546081543,0.006738781929016113,0.011484742164611816,0.009131252765655518,0.009301066398620605,-0.0010735392570495605
-0.011654257774353027,-0.014328956604003906,0.005400717258453369,0.0024141669273376465,0.005741119384765625,0.0002034902572631836
0.0016827583312988281,0.008288919925689697,-0.0007108449935913086,0.0010156631469726562,0.0048860907554626465,-9.387731552124023e-05
0.012976765632629395,0.009077787399291992,0.0025153160095214844,-0.001150369644165039,0.004433572292327881,-8.165836334228516e-06
0.003181636333465576,-0.010964691638946533,-0.0009918808937072754,-0.0006434321403503418,-0.007996559143066406,0.00010013580322265625
-0.00039201974868774414,-0.007545411586761475,0.0030277371406555176,0.0008286237716674805,-0.004920005798339844,0.00010305643081665039
0.039100587368011475,0.014218747615814209,-0.0028061270713806152,0.021410882472991943,-0.002286851406097412,-0.0012254714965820312
0.012310385704040527,0.0004323720932006836,0.009434223175048828,-0.0005137324333190918,-0.00024390220642089844,-1.0848045349121094e-05
-0.025666654109954834,-0.008041918277740479,-0.01078188419342041,-0.005874574184417725,-0.008413851261138916,-7.194280624389648e-05
0.08201491832733154,0.05147266387939453,0.0481492280960083,0.01994919776916504,0.004544436931610107,-0.002340555191040039
0.010166406631469727,0.01952463388442993,0.009870350360870361,-0.006942093372344971,0.010313034057617188,-0.002615690231323242
0.02599787712097168,0.010669469833374023,0.02240467071533203,0.02351081371307373,0.009725093841552734,-0.00015592575073242188
0.0014760494232177734,0.004807710647583008,0.008814215660095215,-0.0017912983894348145,-0.0005618929862976074,6.556510925292969e-06
-0.026422321796417236,-0.010005533695220947,-0.0016176700592041016,0.0023276805877685547,0.002022087574005127,-0.0018361806869506836
-0.0007158517837524414,-0.0034093260765075684,-0.0006632208824157715,-0.00012040138244628906,0.0015937089920043945,9.715557098388672e-06
-0.008371055126190186,-0.002959609031677246,-0.010280072689056396,-0.005282342433929443,-0.0028499364852905273,-1.3232231140136719e-05
0.009154736995697021,-0.0001957416534423828,0.0010558366775512695,0.004647016525268555,0.0014034509658813477,-0.00021666288375854492
0.0027854442596435547,0.002080976963043213,0.001737356185913086,0.002535879611968994,0.0041787028312683105,-0.00026804208755493164
0.0007724165916442871,0.005056798458099365,0.007227420806884766,-0.009750008583068848,0.005347013473510742,-0.002440929412841797
0.0166093111038208,0.006894230842590332,0.003632485866546631,0.0009022951126098633,0.009691119194030762,-5.072355270385742e-05
-0.03212934732437134,-0.042814791202545166,3.337860107421875e-05,0.016779959201812744,-0.0012486577033996582,0.012818515300750732
0.0008537173271179199,0.0026851892471313477,0.00295180082321167,-0.0005564093589782715,0.004246711730957031,-3.36766242980957e-05
-0.00453263521194458,-0.010904669761657715,0.010979831218719482,0.0025905966758728027,0.009012043476104736,-0.00034552812576293945
0.0069571733474731445,0.0012568235397338867,0.008590638637542725,-0.0012254118919372559,0.006779015064239502,-7.128715515136719e-05
-0.004563629627227783,-0.00017833709716796875,0.001808762550354004,-0.014299511909484863,0.0006181001663208008,6.276369094848633e-05
0.004595756530761719,-0.007446765899658203,0.004562735557556152,0.0014868378639221191,0.00449293851852417,8.106231689453125e-06
0.0019019842147827148,0.007835984230041504,0.0016272664070129395,0.0006102323532104492,-0.0028028488159179688,-5.424022674560547e-06
0.0009286999702453613,-0.0033941268920898438,0.0024628043174743652,0.0006358623504638672,0.0019047856330871582,1.9311904907226562e-05
-0.015776097774505615,-0.0036319494247436523,-0.006360232830047607,0.0022312402725219727,-0.002306044101715088,0.0008649826049804688
-0.008301317691802979,-0.0006185770034790039,-0.003391861915588379,-4.6253204345703125e-05,-0.006060600280761719,0.00024312734603881836
-0.004931271076202393,-0.00296628475189209,-0.0004851222038269043,-0.003891587257385254,0.0004572868347167969,4.017353057861328e-05
-0.003249824047088623,-0.016181468963623047,-0.006929934024810791,-0.005286693572998047,0.000775754451751709,0.00029397010803222656
0.002463221549987793,0.01782900094985962,-0.004069507122039795,-0.0007268786430358887,-0.0038526058197021484,-0.00017088651657104492
-0.015411555767059326,-0.011800706386566162,-0.017525136470794678,0.0022268295288085938,-0.0013870596885681152,0.0021271109580993652
0.0033153295516967773,-0.013950526714324951,-0.004453003406524658,-0.007088065147399902,-0.003133118152618408,0.0005716681480407715
0.0008077025413513184,0.012742757797241211,0.004086315631866455,-0.00018972158432006836,-0.000761866569519043,-1.9311904907226562e-05
0.003643035888671875,0.013078272342681885,0.005969703197479248,0.006693542003631592,0.0039522647857666016,-0.0009158849716186523
-0.0070427656173706055,-0.01176762580871582,0.004588007926940918,0.005513548851013184,0.005211055278778076,0.001773059368133545
-0.005236327648162842,0.005737602710723877,0.0054898858070373535,0.017318010330200195,0.005483567714691162,-0.0017940402030944824
